AGS,Ort,1_Stimmen AfD,1_Stimmen CDU,1_Stimmen FDP,1_Stimmen GRÜNE,1_Stimmen LINKE,1_Stimmen SPD,1_Stimmen Ungültige Stimmen,1_Stimmen andere Parteien,1_Stimmen gültige Stimmen,1_Anteil AfD,1_Anteil CDU,1_Anteil FDP,1_Anteil GRÜNE,1_Anteil LINKE,1_Anteil SPD,1_Anteil Ungültige Stimmen,1_Anteil andere Parteien,1_Anteil gültige Stimmen,2_Stimmen AfD,2_Stimmen CDU,2_Stimmen FDP,2_Stimmen GRÜNE,2_Stimmen LINKE,2_Stimmen SPD,2_Stimmen Ungültige Stimmen,2_Stimmen andere Parteien,2_Stimmen gültige Stimmen,2_Anteil AfD,2_Anteil CDU,2_Anteil FDP,2_Anteil GRÜNE,2_Anteil LINKE,2_Anteil SPD,2_Anteil Ungültige Stimmen,2_Anteil andere Parteien,2_Anteil gültige Stimmen,Stimmen Wahlberechtigte,Stimmen Wähler,Anteil Wahlberechtigte,Anteil Wähler
145110001,Chemnitz 1,10079,14502,1714,4824,5749,3651,420,2591,43110,23.4,33.6,4.0,11.2,13.3,8.5,1.0,6.0,99.0,10079,14502,1714,4824,5749,3651,420,2591,43110,23.4,33.6,4.0,11.2,13.3,8.5,1.0,6.0,99.0,64599,43530,100.0,67.4
145110002,Chemnitz 2,10880,12222,1423,3699,7791,2954,488,2036,41005,26.5,29.8,3.5,9.0,19.0,7.2,1.2,5.0,98.8,10880,12222,1423,3699,7791,2954,488,2036,41005,26.5,29.8,3.5,9.0,19.0,7.2,1.2,5.0,98.8,64813,41493,100.0,64.0
145110003,Chemnitz 3,11185,13394,1395,3281,6085,4384,474,2423,42147,26.5,31.8,3.3,7.8,14.4,10.4,1.1,5.7,98.9,11185,13394,1395,3281,6085,4384,474,2423,42147,26.5,31.8,3.3,7.8,14.4,10.4,1.1,5.7,98.9,62934,42621,100.0,67.7
14521010,Amtsberg,619,905,109,118,226,156,38,111,2244,27.6,40.3,4.9,5.3,10.1,7.0,1.7,4.9,98.3,619,905,109,118,226,156,38,111,2244,27.6,40.3,4.9,5.3,10.1,7.0,1.7,4.9,98.3,3011,2282,100.0,75.8
14521020,"Annaberg-Buchholz, Stadt",3334,2972,313,399,1028,498,144,1341,9885,33.7,30.1,3.2,4.0,10.4,5.0,1.4,13.6,98.6,3334,2972,313,399,1028,498,144,1341,9885,33.7,30.1,3.2,4.0,10.4,5.0,1.4,13.6,98.6,16554,10029,100.0,60.6
14521035,"Aue-Bad Schlema, Stadt",3278,3360,315,295,1686,598,153,544,10076,32.5,33.3,3.1,2.9,16.7,5.9,1.5,5.4,98.5,3278,3360,315,295,1686,598,153,544,10076,32.5,33.3,3.1,2.9,16.7,5.9,1.5,5.4,98.5,16991,10229,100.0,60.2
14521040,Auerbach,472,517,65,59,133,96,26,63,1405,33.6,36.8,4.6,4.2,9.5,6.8,1.8,4.5,98.2,472,517,65,59,133,96,26,63,1405,33.6,36.8,4.6,4.2,9.5,6.8,1.8,4.5,98.2,2089,1431,100.0,68.5
14521060,Bärenstein,514,546,45,33,136,68,13,131,1473,34.9,37.1,3.1,2.2,9.2,4.6,0.9,8.9,99.1,514,546,45,33,136,68,13,131,1473,34.9,37.1,3.1,2.2,9.2,4.6,0.9,8.9,99.1,1916,1486,100.0,77.6
14521080,Bockau,407,414,26,13,112,56,20,43,1071,38.0,38.7,2.4,1.2,10.5,5.2,1.8,4.0,98.2,407,414,26,13,112,56,20,43,1071,38.0,38.7,2.4,1.2,10.5,5.2,1.8,4.0,98.2,1877,1091,100.0,58.1
14521090,Börnichen/Erzgeb.,167,126,29,19,45,26,20,26,438,38.1,28.8,6.6,4.3,10.3,5.9,4.4,5.9,95.6,167,126,29,19,45,26,20,26,438,38.1,28.8,6.6,4.3,10.3,5.9,4.4,5.9,95.6,821,458,100.0,55.8
14521110,Breitenbrunn/Erzgeb.,987,888,108,88,238,368,47,153,2830,34.9,31.4,3.8,3.1,8.4,13.0,1.6,5.4,98.4,987,888,108,88,238,368,47,153,2830,34.9,31.4,3.8,3.1,8.4,13.0,1.6,5.4,98.4,4413,2877,100.0,65.2
14521120,Burkhardtsdorf,1114,1323,194,167,356,208,50,148,3510,31.7,37.7,5.5,4.8,10.1,5.9,1.4,4.2,98.6,1114,1323,194,167,356,208,50,148,3510,31.7,37.7,5.5,4.8,10.1,5.9,1.4,4.2,98.6,5062,3560,100.0,70.3
14521130,Crottendorf,744,905,101,77,184,119,55,285,2415,30.8,37.5,4.2,3.2,7.6,4.9,2.2,11.8,97.8,744,905,101,77,184,119,55,285,2415,30.8,37.5,4.2,3.2,7.6,4.9,2.2,11.8,97.8,3340,2470,100.0,74.0
14521140,Deutschneudorf,170,148,40,13,34,17,10,14,436,39.0,33.9,9.2,3.0,7.8,3.9,2.2,3.2,97.8,170,148,40,13,34,17,10,14,436,39.0,33.9,9.2,3.0,7.8,3.9,2.2,3.2,97.8,823,446,100.0,54.2
14521150,Drebach,926,1075,206,159,245,191,52,139,2941,31.5,36.6,7.0,5.4,8.3,6.5,1.7,4.7,98.3,926,1075,206,159,245,191,52,139,2941,31.5,36.6,7.0,5.4,8.3,6.5,1.7,4.7,98.3,4225,2993,100.0,70.8
14521160,"Ehrenfriedersdorf, Stadt",885,885,106,68,264,135,45,250,2593,34.1,34.1,4.1,2.6,10.2,5.2,1.7,9.6,98.3,885,885,106,68,264,135,45,250,2593,34.1,34.1,4.1,2.6,10.2,5.2,1.7,9.6,98.3,3931,2638,100.0,67.1
14521170,"Eibenstock, Stadt",1228,1569,84,97,333,374,65,199,3884,31.6,40.4,2.2,2.5,8.6,9.6,1.6,5.1,98.4,1228,1569,84,97,333,374,65,199,3884,31.6,40.4,2.2,2.5,8.6,9.6,1.6,5.1,98.4,6192,3949,100.0,63.8
14521180,"Elterlein, Stadt",619,509,61,64,152,112,45,110,1627,38.0,31.3,3.7,3.9,9.3,6.9,2.7,6.8,97.3,619,509,61,64,152,112,45,110,1627,38.0,31.3,3.7,3.9,9.3,6.9,2.7,6.8,97.3,2411,1672,100.0,69.3
14521200,Gelenau/Erzgeb.,748,951,149,83,236,137,41,113,2417,30.9,39.3,6.2,3.4,9.8,5.7,1.7,4.7,98.3,748,951,149,83,236,137,41,113,2417,30.9,39.3,6.2,3.4,9.8,5.7,1.7,4.7,98.3,3476,2458,100.0,70.7
14521210,"Geyer, Stadt",719,737,67,39,256,73,29,165,2056,35.0,35.8,3.3,1.9,12.5,3.6,1.4,8.0,98.6,719,737,67,39,256,73,29,165,2056,35.0,35.8,3.3,1.9,12.5,3.6,1.4,8.0,98.6,2937,2085,100.0,71.0
14521220,Gornau/Erzgeb.,705,810,125,126,241,169,34,110,2286,30.8,35.4,5.5,5.5,10.5,7.4,1.5,4.8,98.5,705,810,125,126,241,169,34,110,2286,30.8,35.4,5.5,5.5,10.5,7.4,1.5,4.8,98.5,3135,2320,100.0,74.0
14521230,Gornsdorf,359,386,55,42,136,70,19,48,1096,32.8,35.2,5.0,3.8,12.4,6.4,1.7,4.4,98.3,359,386,55,42,136,70,19,48,1096,32.8,35.2,5.0,3.8,12.4,6.4,1.7,4.4,98.3,1625,1115,100.0,68.6
14521240,Großolbersdorf,462,661,109,138,147,156,34,56,1729,26.7,38.2,6.3,8.0,8.5,9.0,1.9,3.2,98.1,462,661,109,138,147,156,34,56,1729,26.7,38.2,6.3,8.0,8.5,9.0,1.9,3.2,98.1,2354,1763,100.0,74.9
14521250,Großrückerswalde,688,748,108,101,116,136,34,125,2022,34.0,37.0,5.3,5.0,5.7,6.7,1.7,6.2,98.3,688,748,108,101,116,136,34,125,2022,34.0,37.0,5.3,5.0,5.7,6.7,1.7,6.2,98.3,2790,2056,100.0,73.7
14521260,"Grünhain-Beierfeld, Stadt",1082,1068,114,90,285,272,51,249,3160,34.2,33.8,3.6,2.8,9.0,8.6,1.6,7.9,98.4,1082,1068,114,90,285,272,51,249,3160,34.2,33.8,3.6,2.8,9.0,8.6,1.6,7.9,98.4,4937,3211,100.0,65.0
14521270,Grünhainichen,663,689,136,103,219,148,22,105,2063,32.1,33.4,6.6,5.0,10.6,7.2,1.1,5.1,98.9,663,689,136,103,219,148,22,105,2063,32.1,33.4,6.6,5.0,10.6,7.2,1.1,5.1,98.9,2800,2085,100.0,74.5
14521280,Heidersdorf,152,119,44,16,33,20,9,23,407,37.3,29.2,10.8,3.9,8.1,4.9,2.2,5.7,97.8,152,119,44,16,33,20,9,23,407,37.3,29.2,10.8,3.9,8.1,4.9,2.2,5.7,97.8,658,416,100.0,63.2
14521290,Hohndorf,592,818,51,81,212,140,34,88,1982,29.9,41.3,2.6,4.1,10.7,7.1,1.7,4.4,98.3,592,818,51,81,212,140,34,88,1982,29.9,41.3,2.6,4.1,10.7,7.1,1.7,4.4,98.3,3036,2016,100.0,66.4
14521310,Jahnsdorf/Erzgeb.,1142,1177,137,147,315,173,32,253,3344,34.2,35.2,4.1,4.4,9.4,5.2,0.9,7.6,99.1,1142,1177,137,147,315,173,32,253,3344,34.2,35.2,4.1,4.4,9.4,5.2,0.9,7.6,99.1,4540,3376,100.0,74.4
14521320,"Johanngeorgenstadt, Stadt",782,572,68,39,283,246,45,61,2051,38.1,27.9,3.3,1.9,13.8,12.0,2.1,3.0,97.9,782,572,68,39,283,246,45,61,2051,38.1,27.9,3.3,1.9,13.8,12.0,2.1,3.0,97.9,3377,2096,100.0,62.1
14521330,"Jöhstadt, Stadt",656,560,60,52,141,47,36,127,1643,39.9,34.1,3.7,3.2,8.6,2.9,2.1,7.7,97.9,656,560,60,52,141,47,36,127,1643,39.9,34.1,3.7,3.2,8.6,2.9,2.1,7.7,97.9,2237,1679,100.0,75.1
14521340,Königswalde,332,561,30,22,51,18,40,115,1129,29.4,49.7,2.7,1.9,4.5,1.6,3.4,10.2,96.6,332,561,30,22,51,18,40,115,1129,29.4,49.7,2.7,1.9,4.5,1.6,3.4,10.2,96.6,1782,1169,100.0,65.6
14521355,"Lauter-Bernsbach, Stadt",1685,1653,230,134,465,322,61,373,4862,34.7,34.0,4.7,2.8,9.6,6.6,1.2,7.7,98.8,1685,1653,230,134,465,322,61,373,4862,34.7,34.0,4.7,2.8,9.6,6.6,1.2,7.7,98.8,7229,4923,100.0,68.1
14521370,"Lößnitz, Stadt",1519,1554,166,201,458,361,92,193,4452,34.1,34.9,3.7,4.5,10.3,8.1,2.0,4.3,98.0,1519,1554,166,201,458,361,92,193,4452,34.1,34.9,3.7,4.5,10.3,8.1,2.0,4.3,98.0,6972,4544,100.0,65.2
14521380,"Lugau/Erzgeb., Stadt",1311,1542,136,203,717,238,80,240,4387,29.9,35.1,3.1,4.6,16.3,5.4,1.8,5.5,98.2,1311,1542,136,203,717,238,80,240,4387,29.9,35.1,3.1,4.6,16.3,5.4,1.8,5.5,98.2,6769,4467,100.0,66.0
14521390,"Marienberg, Stadt",3056,3066,519,565,945,550,131,589,9290,32.9,33.0,5.6,6.1,10.2,5.9,1.4,6.3,98.6,3056,3066,519,565,945,550,131,589,9290,32.9,33.0,5.6,6.1,10.2,5.9,1.4,6.3,98.6,14067,9421,100.0,67.0
14521400,Mildenau,717,815,85,47,112,97,36,220,2093,34.3,38.9,4.1,2.2,5.4,4.6,1.7,10.5,98.3,717,815,85,47,112,97,36,220,2093,34.3,38.9,4.1,2.2,5.4,4.6,1.7,10.5,98.3,2820,2129,100.0,75.5
14521410,Neukirchen/Erzgeb.,1313,1453,156,202,374,254,45,342,4094,32.1,35.5,3.8,4.9,9.1,6.2,1.1,8.4,98.9,1313,1453,156,202,374,254,45,342,4094,32.1,35.5,3.8,4.9,9.1,6.2,1.1,8.4,98.9,5646,4139,100.0,73.3
14521420,Niederdorf,270,304,25,23,59,47,7,28,756,35.7,40.2,3.3,3.0,7.8,6.2,0.9,3.7,99.1,270,304,25,23,59,47,7,28,756,35.7,40.2,3.3,3.0,7.8,6.2,0.9,3.7,99.1,1022,763,100.0,74.7
14521430,Niederwürschnitz,463,534,38,67,186,127,27,70,1485,31.2,36.0,2.6,4.5,12.5,8.6,1.8,4.7,98.2,463,534,38,67,186,127,27,70,1485,31.2,36.0,2.6,4.5,12.5,8.6,1.8,4.7,98.2,2195,1512,100.0,68.9
14521440,"Oberwiesenthal, Kurort, Stadt",298,522,63,45,157,69,22,82,1236,24.1,42.2,5.1,3.6,12.7,5.6,1.7,6.6,98.3,298,522,63,45,157,69,22,82,1236,24.1,42.2,5.1,3.6,12.7,5.6,1.7,6.6,98.3,1758,1258,100.0,71.6
14521450,"Oelsnitz/Erzgeb., Stadt",1783,2082,144,271,711,405,87,328,5724,31.1,36.4,2.5,4.7,12.4,7.1,1.5,5.7,98.5,1783,2082,144,271,711,405,87,328,5724,31.1,36.4,2.5,4.7,12.4,7.1,1.5,5.7,98.5,9346,5811,100.0,62.2
14521460,"Olbernhau, Stadt",1903,2325,458,276,597,356,102,229,6144,31.0,37.8,7.5,4.5,9.7,5.8,1.6,3.7,98.4,1903,2325,458,276,597,356,102,229,6144,31.0,37.8,7.5,4.5,9.7,5.8,1.6,3.7,98.4,9460,6246,100.0,66.0
14521495,"Pockau-Lengefeld, Stadt",1276,1424,260,160,405,246,118,192,3963,32.2,35.9,6.6,4.0,10.2,6.2,2.9,4.8,97.1,1276,1424,260,160,405,246,118,192,3963,32.2,35.9,6.6,4.0,10.2,6.2,2.9,4.8,97.1,6253,4081,100.0,65.3
14521500,Raschau-Markersbach,1093,800,110,106,279,276,54,186,2850,38.4,28.1,3.9,3.7,9.8,9.7,1.9,6.5,98.1,1093,800,110,106,279,276,54,186,2850,38.4,28.1,3.9,3.7,9.8,9.7,1.9,6.5,98.1,4296,2904,100.0,67.6
14521510,"Scheibenberg, Stadt",424,536,39,50,122,74,28,152,1397,30.4,38.4,2.8,3.6,8.7,5.3,2.0,10.9,98.0,424,536,39,50,122,74,28,152,1397,30.4,38.4,2.8,3.6,8.7,5.3,2.0,10.9,98.0,1744,1425,100.0,81.7
14521520,"Schlettau, Stadt",424,367,31,45,95,68,25,135,1165,36.4,31.5,2.7,3.9,8.2,5.8,2.1,11.6,97.9,424,367,31,45,95,68,25,135,1165,36.4,31.5,2.7,3.9,8.2,5.8,2.1,11.6,97.9,1951,1190,100.0,61.0
14521530,"Schneeberg, Stadt",2181,2459,339,231,1000,440,109,531,7181,30.4,34.2,4.7,3.2,13.9,6.1,1.5,7.4,98.5,2181,2459,339,231,1000,440,109,531,7181,30.4,34.2,4.7,3.2,13.9,6.1,1.5,7.4,98.5,11660,7290,100.0,62.5
14521540,Schönheide,706,982,100,72,251,207,59,74,2392,29.5,41.1,4.2,3.0,10.5,8.7,2.4,3.1,97.6,706,982,100,72,251,207,59,74,2392,29.5,41.1,4.2,3.0,10.5,8.7,2.4,3.1,97.6,3770,2451,100.0,65.0
14521550,"Schwarzenberg/Erzgeb., Stadt",3050,2687,370,369,1088,796,149,447,8807,34.6,30.5,4.2,4.2,12.4,9.0,1.7,5.1,98.3,3050,2687,370,369,1088,796,149,447,8807,34.6,30.5,4.2,4.2,12.4,9.0,1.7,5.1,98.3,14138,8956,100.0,63.3
14521560,Sehmatal,1127,1399,146,89,245,178,63,423,3607,31.2,38.8,4.0,2.5,6.8,4.9,1.7,11.7,98.3,1127,1399,146,89,245,178,63,423,3607,31.2,38.8,4.0,2.5,6.8,4.9,1.7,11.7,98.3,5291,3670,100.0,69.4
14521570,"Seiffen/Erzgeb., Kurort",440,461,168,58,104,65,38,53,1349,32.6,34.2,12.5,4.3,7.7,4.8,2.7,3.9,97.3,440,461,168,58,104,65,38,53,1349,32.6,34.2,12.5,4.3,7.7,4.8,2.7,3.9,97.3,1831,1387,100.0,75.8
14521590,"Stollberg/Erzgeb., Stadt",1733,2239,179,331,712,370,87,396,5960,29.1,37.6,3.0,5.6,11.9,6.2,1.4,6.6,98.6,1733,2239,179,331,712,370,87,396,5960,29.1,37.6,3.0,5.6,11.9,6.2,1.4,6.6,98.6,9399,6047,100.0,64.3
14521600,Stützengrün,537,972,79,38,144,103,23,62,1935,27.8,50.2,4.1,2.0,7.4,5.3,1.2,3.2,98.8,537,972,79,38,144,103,23,62,1935,27.8,50.2,4.1,2.0,7.4,5.3,1.2,3.2,98.8,2660,1958,100.0,73.6
14521610,Tannenberg,234,163,26,17,64,25,13,76,605,38.7,26.9,4.3,2.8,10.6,4.1,2.1,12.6,97.9,234,163,26,17,64,25,13,76,605,38.7,26.9,4.3,2.8,10.6,4.1,2.1,12.6,97.9,922,618,100.0,67.0
14521620,"Thalheim/Erzgeb., Stadt",1065,1251,140,180,387,253,33,193,3469,30.7,36.1,4.0,5.2,11.2,7.3,0.9,5.6,99.1,1065,1251,140,180,387,253,33,193,3469,30.7,36.1,4.0,5.2,11.2,7.3,0.9,5.6,99.1,5197,3502,100.0,67.4
14521630,Thermalbad Wiesenbad,604,636,207,44,123,52,39,220,1886,32.0,33.7,11.0,2.3,6.5,2.8,2.0,11.7,98.0,604,636,207,44,123,52,39,220,1886,32.0,33.7,11.0,2.3,6.5,2.8,2.0,11.7,98.0,2669,1925,100.0,72.1
14521640,"Thum, Stadt",981,1150,155,89,237,147,46,180,2939,33.4,39.1,5.3,3.0,8.1,5.0,1.5,6.1,98.5,981,1150,155,89,237,147,46,180,2939,33.4,39.1,5.3,3.0,8.1,5.0,1.5,6.1,98.5,4276,2985,100.0,69.8
14521670,"Wolkenstein, Stadt",673,746,138,152,191,147,38,123,2170,31.0,34.4,6.4,7.0,8.8,6.8,1.7,5.7,98.3,673,746,138,152,191,147,38,123,2170,31.0,34.4,6.4,7.0,8.8,6.8,1.7,5.7,98.3,3239,2208,100.0,68.2
14521690,"Zschopau, Stadt",1517,1454,258,265,724,437,80,161,4816,31.5,30.2,5.4,5.5,15.0,9.1,1.6,3.3,98.4,1517,1454,258,265,724,437,80,161,4816,31.5,30.2,5.4,5.5,15.0,9.1,1.6,3.3,98.4,7690,4896,100.0,63.7
14521700,Zschorlau,997,1473,107,114,302,189,51,116,3298,30.2,44.7,3.2,3.5,9.2,5.7,1.5,3.5,98.5,997,1473,107,114,302,189,51,116,3298,30.2,44.7,3.2,3.5,9.2,5.7,1.5,3.5,98.5,4456,3349,100.0,75.2
14521710,"Zwönitz, Stadt",2079,2700,269,303,656,497,99,392,6896,30.1,39.2,3.9,4.4,9.5,7.2,1.4,5.7,98.6,2079,2700,269,303,656,497,99,392,6896,30.1,39.2,3.9,4.4,9.5,7.2,1.4,5.7,98.6,10068,6995,100.0,69.5
14522010,Altmittweida,335,325,57,37,93,67,14,47,961,34.9,33.8,5.9,3.9,9.7,7.0,1.4,4.9,98.6,335,325,57,37,93,67,14,47,961,34.9,33.8,5.9,3.9,9.7,7.0,1.4,4.9,98.6,1594,975,100.0,61.2
14522020,"Augustusburg, Stadt",899,910,85,157,255,224,27,200,2730,32.9,33.3,3.1,5.8,9.3,8.2,1.0,7.3,99.0,899,910,85,157,255,224,27,200,2730,32.9,33.3,3.1,5.8,9.3,8.2,1.0,7.3,99.0,3826,2757,100.0,72.1
14522035,Bobritzsch-Hilbersdorf,1182,1120,81,114,248,111,34,560,3416,34.6,32.8,2.4,3.3,7.3,3.2,1.0,16.4,99.0,1182,1120,81,114,248,111,34,560,3416,34.6,32.8,2.4,3.3,7.3,3.2,1.0,16.4,99.0,4652,3450,100.0,74.2
14522050,"Brand-Erbisdorf, Stadt",1598,1600,270,158,540,369,65,319,4854,32.9,33.0,5.6,3.3,11.1,7.6,1.3,6.6,98.7,1598,1600,270,158,540,369,65,319,4854,32.9,33.0,5.6,3.3,11.1,7.6,1.3,6.6,98.7,7862,4919,100.0,62.6
14522060,"Burgstädt, Stadt",1727,2452,158,320,529,463,73,560,6209,27.8,39.5,2.5,5.2,8.5,7.5,1.2,9.0,98.8,1727,2452,158,320,529,463,73,560,6209,27.8,39.5,2.5,5.2,8.5,7.5,1.2,9.0,98.8,8886,6282,100.0,70.7
14522070,Claußnitz,504,776,69,63,112,136,61,158,1818,27.7,42.7,3.8,3.5,6.2,7.5,3.2,8.7,96.8,504,776,69,63,112,136,61,158,1818,27.7,42.7,3.8,3.5,6.2,7.5,3.2,8.7,96.8,2485,1879,100.0,75.6
14522080,"Döbeln, Stadt",3736,3161,478,297,1189,1372,167,1245,11478,32.5,27.5,4.2,2.6,10.4,12.0,1.4,10.8,98.6,3736,3161,478,297,1189,1372,167,1245,11478,32.5,27.5,4.2,2.6,10.4,12.0,1.4,10.8,98.6,19320,11645,100.0,60.3
14522090,Dorfchemnitz,378,275,33,19,25,32,12,44,806,46.9,34.1,4.1,2.4,3.1,4.0,1.5,5.5,98.5,378,275,33,19,25,32,12,44,806,46.9,34.1,4.1,2.4,3.1,4.0,1.5,5.5,98.5,1267,818,100.0,64.6
14522110,Eppendorf,744,802,117,80,123,158,42,220,2244,33.2,35.7,5.2,3.6,5.5,7.0,1.8,9.8,98.2,744,802,117,80,123,158,42,220,2244,33.2,35.7,5.2,3.6,5.5,7.0,1.8,9.8,98.2,3418,2286,100.0,66.9
14522120,Erlau,629,718,91,95,170,121,41,95,1919,32.8,37.4,4.7,5.0,8.9,6.3,2.1,5.0,97.9,629,718,91,95,170,121,41,95,1919,32.8,37.4,4.7,5.0,8.9,6.3,2.1,5.0,97.9,2687,1960,100.0,72.9
14522140,"Flöha, Stadt",1882,1954,207,302,810,357,67,368,5880,32.0,33.2,3.5,5.1,13.8,6.1,1.1,6.3,98.9,1882,1954,207,302,810,357,67,368,5880,32.0,33.2,3.5,5.1,13.8,6.1,1.1,6.3,98.9,8949,5947,100.0,66.5
14522150,"Frankenberg/Sa., Stadt",2164,3162,198,305,613,363,79,656,7461,29.0,42.4,2.7,4.1,8.2,4.9,1.0,8.8,99.0,2164,3162,198,305,613,363,79,656,7461,29.0,42.4,2.7,4.1,8.2,4.9,1.0,8.8,99.0,11817,7540,100.0,63.8
14522170,"Frauenstein, Stadt",653,609,56,54,134,64,34,87,1657,39.4,36.8,3.4,3.3,8.1,3.9,2.0,5.3,98.0,653,609,56,54,134,64,34,87,1657,39.4,36.8,3.4,3.3,8.1,3.9,2.0,5.3,98.0,2322,1691,100.0,72.8
14522180,"Freiberg, Stadt, Universitätsstadt",6098,6619,640,1256,2982,1584,202,1638,20817,29.3,31.8,3.1,6.0,14.3,7.6,1.0,7.9,99.0,6098,6619,640,1256,2982,1584,202,1638,20817,29.3,31.8,3.1,6.0,14.3,7.6,1.0,7.9,99.0,31906,21019,100.0,65.9
14522190,"Geringswalde, Stadt",591,710,79,83,395,144,24,183,2185,27.0,32.5,3.6,3.8,18.1,6.6,1.1,8.4,98.9,591,710,79,83,395,144,24,183,2185,27.0,32.5,3.6,3.8,18.1,6.6,1.1,8.4,98.9,3531,2209,100.0,62.6
14522200,Großhartmannsdorf,545,564,86,38,117,81,24,123,1554,35.1,36.3,5.5,2.4,7.5,5.2,1.5,7.9,98.5,545,564,86,38,117,81,24,123,1554,35.1,36.3,5.5,2.4,7.5,5.2,1.5,7.9,98.5,2063,1578,100.0,76.5
14522210,"Großschirma, Stadt",1526,928,110,114,267,174,33,165,3284,46.5,28.3,3.3,3.5,8.1,5.3,1.0,5.0,99.0,1526,928,110,114,267,174,33,165,3284,46.5,28.3,3.3,3.5,8.1,5.3,1.0,5.0,99.0,4546,3317,100.0,73.0
14522220,Großweitzschen,464,484,68,52,119,141,29,138,1466,31.7,33.0,4.6,3.5,8.1,9.6,1.9,9.4,98.1,464,484,68,52,119,141,29,138,1466,31.7,33.0,4.6,3.5,8.1,9.6,1.9,9.4,98.1,2292,1495,100.0,65.2
14522230,"Hainichen, Stadt",1495,1561,138,210,381,479,59,226,4490,33.3,34.8,3.1,4.7,8.5,10.7,1.3,5.0,98.7,1495,1561,138,210,381,479,59,226,4490,33.3,34.8,3.1,4.7,8.5,10.7,1.3,5.0,98.7,7010,4549,100.0,64.9
14522240,Halsbrücke,1154,951,96,94,360,142,76,230,3027,38.1,31.4,3.2,3.1,11.9,4.7,2.4,7.6,97.6,1154,951,96,94,360,142,76,230,3027,38.1,31.4,3.2,3.1,11.9,4.7,2.4,7.6,97.6,4153,3103,100.0,74.7
14522250,"Hartha, Stadt",1134,1234,130,124,369,337,50,335,3663,31.0,33.7,3.5,3.4,10.1,9.2,1.3,9.1,98.7,1134,1234,130,124,369,337,50,335,3663,31.0,33.7,3.5,3.4,10.1,9.2,1.3,9.1,98.7,5934,3713,100.0,62.6
14522260,Hartmannsdorf,738,1068,77,136,192,158,31,174,2543,29.0,42.0,3.0,5.3,7.6,6.2,1.2,6.8,98.8,738,1068,77,136,192,158,31,174,2543,29.0,42.0,3.0,5.3,7.6,6.2,1.2,6.8,98.8,3764,2574,100.0,68.4
14522280,Königsfeld,231,242,29,44,70,38,8,51,705,32.8,34.3,4.1,6.2,9.9,5.4,1.1,7.2,98.9,231,242,29,44,70,38,8,51,705,32.8,34.3,4.1,6.2,9.9,5.4,1.1,7.2,98.9,1197,713,100.0,59.6
14522290,Königshain-Wiederau,455,620,55,91,112,77,17,93,1503,30.3,41.3,3.7,6.1,7.5,5.1,1.1,6.2,98.9,455,620,55,91,112,77,17,93,1503,30.3,41.3,3.7,6.1,7.5,5.1,1.1,6.2,98.9,2128,1520,100.0,71.4
14522300,Kriebstein,426,375,39,45,135,79,22,136,1235,34.5,30.4,3.2,3.6,10.9,6.4,1.8,11.0,98.2,426,375,39,45,135,79,22,136,1235,34.5,30.4,3.2,3.6,10.9,6.4,1.8,11.0,98.2,1766,1257,100.0,71.2
14522310,"Leisnig, Stadt",1336,1413,170,244,503,451,74,342,4459,30.0,31.7,3.8,5.5,11.3,10.1,1.6,7.7,98.4,1336,1413,170,244,503,451,74,342,4459,30.0,31.7,3.8,5.5,11.3,10.1,1.6,7.7,98.4,6870,4533,100.0,66.0
14522320,Leubsdorf,580,769,63,72,136,117,31,126,1863,31.1,41.3,3.4,3.9,7.3,6.3,1.6,6.8,98.4,580,769,63,72,136,117,31,126,1863,31.1,41.3,3.4,3.9,7.3,6.3,1.6,6.8,98.4,2740,1894,100.0,69.1
14522330,Lichtenau,1349,1599,236,254,407,239,62,320,4404,30.6,36.3,5.4,5.8,9.2,5.4,1.4,7.3,98.6,1349,1599,236,254,407,239,62,320,4404,30.6,36.3,5.4,5.8,9.2,5.4,1.4,7.3,98.6,5926,4466,100.0,75.4
14522340,Lichtenberg/Erzgeb.,605,612,53,56,157,108,22,147,1738,34.8,35.2,3.0,3.2,9.0,6.2,1.3,8.5,98.8,605,612,53,56,157,108,22,147,1738,34.8,35.2,3.0,3.2,9.0,6.2,1.3,8.5,98.8,2174,1760,100.0,81.0
14522350,"Lunzenau, Stadt",795,778,73,89,168,121,40,242,2266,35.1,34.3,3.2,3.9,7.4,5.3,1.7,10.7,98.3,795,778,73,89,168,121,40,242,2266,35.1,34.3,3.2,3.9,7.4,5.3,1.7,10.7,98.3,3516,2306,100.0,65.6
14522360,"Mittweida, Stadt, Hochschulstadt",2189,2736,430,502,947,470,137,331,7605,28.8,36.0,5.7,6.6,12.5,6.2,1.8,4.4,98.2,2189,2736,430,502,947,470,137,331,7605,28.8,36.0,5.7,6.6,12.5,6.2,1.8,4.4,98.2,11969,7742,100.0,64.7
14522380,Mühlau,301,241,27,17,65,260,7,54,965,31.2,25.0,2.8,1.8,6.7,26.9,0.7,5.6,99.3,301,241,27,17,65,260,7,54,965,31.2,25.0,2.8,1.8,6.7,26.9,0.7,5.6,99.3,1747,972,100.0,55.6
14522390,Mulda/Sa.,493,566,67,35,102,83,20,101,1447,34.1,39.1,4.6,2.4,7.0,5.7,1.4,7.0,98.6,493,566,67,35,102,83,20,101,1447,34.1,39.1,4.6,2.4,7.0,5.7,1.4,7.0,98.6,2023,1467,100.0,72.5
14522400,Neuhausen/Erzgeb.,519,502,65,44,110,92,32,115,1447,35.9,34.7,4.5,3.0,7.6,6.4,2.2,7.9,97.8,519,502,65,44,110,92,32,115,1447,35.9,34.7,4.5,3.0,7.6,6.4,2.2,7.9,97.8,2223,1479,100.0,66.5
14522420,Niederwiesa,871,1057,104,293,297,185,31,143,2950,29.5,35.8,3.5,9.9,10.1,6.3,1.0,4.8,99.0,871,1057,104,293,297,185,31,143,2950,29.5,35.8,3.5,9.9,10.1,6.3,1.0,4.8,99.0,4136,2981,100.0,72.1
14522430,Oberschöna,770,715,73,72,176,103,28,169,2078,37.1,34.4,3.5,3.5,8.5,5.0,1.3,8.1,98.7,770,715,73,72,176,103,28,169,2078,37.1,34.4,3.5,3.5,8.5,5.0,1.3,8.1,98.7,2692,2106,100.0,78.2
14522440,"Oederan, Stadt",1639,1592,177,166,403,215,60,494,4686,35.0,34.0,3.8,3.5,8.6,4.6,1.3,10.5,98.7,1639,1592,177,166,403,215,60,494,4686,35.0,34.0,3.8,3.5,8.6,4.6,1.3,10.5,98.7,6638,4746,100.0,71.5
14522450,Ostrau,667,548,78,47,198,156,41,147,1841,36.2,29.8,4.2,2.6,10.8,8.5,2.2,8.0,97.8,667,548,78,47,198,156,41,147,1841,36.2,29.8,4.2,2.6,10.8,8.5,2.2,8.0,97.8,2933,1882,100.0,64.2
14522460,"Penig, Stadt",1426,1722,159,237,481,350,71,408,4783,29.8,36.0,3.3,5.0,10.1,7.3,1.5,8.5,98.5,1426,1722,159,237,481,350,71,408,4783,29.8,36.0,3.3,5.0,10.1,7.3,1.5,8.5,98.5,7444,4854,100.0,65.2
14522470,Rechenberg-Bienenmühle,433,449,88,38,69,43,32,83,1203,36.0,37.3,7.3,3.2,5.7,3.6,2.6,6.9,97.4,433,449,88,38,69,43,32,83,1203,36.0,37.3,7.3,3.2,5.7,3.6,2.6,6.9,97.4,1570,1235,100.0,78.7
14522480,Reinsberg,626,537,69,62,186,64,30,92,1636,38.3,32.8,4.2,3.8,11.4,3.9,1.8,5.6,98.2,626,537,69,62,186,64,30,92,1636,38.3,32.8,4.2,3.8,11.4,3.9,1.8,5.6,98.2,2302,1666,100.0,72.4
14522490,"Rochlitz, Stadt",930,1131,157,283,536,204,46,241,3482,26.7,32.5,4.5,8.1,15.4,5.9,1.3,6.9,98.7,930,1131,157,283,536,204,46,241,3482,26.7,32.5,4.5,8.1,15.4,5.9,1.3,6.9,98.7,4886,3528,100.0,72.2
14522500,Rossau,631,756,94,89,179,112,37,147,2008,31.4,37.6,4.7,4.4,8.9,5.6,1.8,7.3,98.2,631,756,94,89,179,112,37,147,2008,31.4,37.6,4.7,4.4,8.9,5.6,1.8,7.3,98.2,2865,2045,100.0,71.4
14522510,"Roßwein, Stadt",1147,1136,204,89,446,507,48,255,3784,30.3,30.0,5.4,2.4,11.8,13.4,1.3,6.7,98.7,1147,1136,204,89,446,507,48,255,3784,30.3,30.0,5.4,2.4,11.8,13.4,1.3,6.7,98.7,6034,3832,100.0,63.5
14522520,"Sayda, Stadt",374,429,75,39,77,55,19,68,1117,33.5,38.4,6.7,3.5,6.9,4.9,1.7,6.1,98.3,374,429,75,39,77,55,19,68,1117,33.5,38.4,6.7,3.5,6.9,4.9,1.7,6.1,98.3,1500,1136,100.0,75.7
14522530,Seelitz,285,279,28,55,88,30,11,46,811,35.1,34.4,3.5,6.8,10.9,3.7,1.3,5.7,98.7,285,279,28,55,88,30,11,46,811,35.1,34.4,3.5,6.8,10.9,3.7,1.3,5.7,98.7,1454,822,100.0,56.5
14522540,Striegistal,1002,894,89,89,181,149,36,166,2570,39.0,34.8,3.5,3.5,7.0,5.8,1.4,6.5,98.6,1002,894,89,89,181,149,36,166,2570,39.0,34.8,3.5,3.5,7.0,5.8,1.4,6.5,98.6,3785,2606,100.0,68.9
14522550,Taura,314,418,18,33,57,63,16,78,981,32.0,42.6,1.8,3.4,5.8,6.4,1.6,8.0,98.4,314,418,18,33,57,63,16,78,981,32.0,42.6,1.8,3.4,5.8,6.4,1.6,8.0,98.4,1962,997,100.0,50.8
14522570,"Waldheim, Stadt",1327,1312,311,178,586,419,58,296,4429,30.0,29.6,7.0,4.0,13.2,9.5,1.3,6.7,98.7,1327,1312,311,178,586,419,58,296,4429,30.0,29.6,7.0,4.0,13.2,9.5,1.3,6.7,98.7,7284,4487,100.0,61.6
14522580,Wechselburg,324,424,61,77,90,64,16,66,1106,29.3,38.3,5.5,7.0,8.1,5.8,1.4,6.0,98.6,324,424,61,77,90,64,16,66,1106,29.3,38.3,5.5,7.0,8.1,5.8,1.4,6.0,98.6,1524,1122,100.0,73.6
14522590,Weißenborn/Erzgeb.,497,386,38,33,105,56,18,87,1202,41.3,32.1,3.2,2.7,8.7,4.7,1.5,7.2,98.5,497,386,38,33,105,56,18,87,1202,41.3,32.1,3.2,2.7,8.7,4.7,1.5,7.2,98.5,2018,1220,100.0,60.5
14522600,Zettlitz,114,105,19,13,45,16,7,20,332,34.3,31.6,5.7,3.9,13.6,4.8,2.1,6.0,97.9,114,105,19,13,45,16,7,20,332,34.3,31.6,5.7,3.9,13.6,4.8,2.1,6.0,97.9,611,339,100.0,55.5
14522620,Zschaitz-Ottewig,283,219,33,18,50,62,12,83,748,37.8,29.3,4.4,2.4,6.7,8.3,1.6,11.1,98.4,283,219,33,18,50,62,12,83,748,37.8,29.3,4.4,2.4,6.7,8.3,1.6,11.1,98.4,1100,760,100.0,69.1
14523010,"Adorf/Vogtl., Stadt",777,998,128,121,298,215,42,0,2537,30.6,39.3,5.0,4.8,11.7,8.5,1.6,0.0,98.4,777,998,128,121,298,215,42,0,2537,30.6,39.3,5.0,4.8,11.7,8.5,1.6,0.0,98.4,4101,2579,100.0,62.9
14523020,"Auerbach/Vogtl., Stadt",2485,3919,326,464,1009,698,125,500,9401,26.4,41.7,3.5,4.9,10.7,7.4,1.3,5.3,98.7,2485,3919,326,464,1009,698,125,500,9401,26.4,41.7,3.5,4.9,10.7,7.4,1.3,5.3,98.7,15494,9526,100.0,61.5
14523030,Bad Brambach,270,313,37,39,96,42,16,0,797,33.9,39.3,4.6,4.9,12.0,5.3,2.0,0.0,98.0,270,313,37,39,96,42,16,0,797,33.9,39.3,4.6,4.9,12.0,5.3,2.0,0.0,98.0,1544,813,100.0,52.7
14523040,"Bad Elster, Stadt",497,769,98,141,233,159,43,0,1897,26.2,40.5,5.2,7.4,12.3,8.4,2.2,0.0,97.8,497,769,98,141,233,159,43,0,1897,26.2,40.5,5.2,7.4,12.3,8.4,2.2,0.0,97.8,3032,1940,100.0,64.0
14523050,Bergen,142,162,21,23,62,47,5,0,457,31.1,35.4,4.6,5.0,13.6,10.3,1.1,0.0,98.9,142,162,21,23,62,47,5,0,457,31.1,35.4,4.6,5.0,13.6,10.3,1.1,0.0,98.9,818,462,100.0,56.5
14523060,Bösenbrunn,181,163,26,30,73,26,11,0,499,36.3,32.7,5.2,6.0,14.6,5.2,2.2,0.0,97.8,181,163,26,30,73,26,11,0,499,36.3,32.7,5.2,6.0,14.6,5.2,2.2,0.0,97.8,949,510,100.0,53.7
14523080,Eichigt,214,173,19,19,72,43,12,0,540,39.6,32.0,3.5,3.5,13.3,8.0,2.2,0.0,97.8,214,173,19,19,72,43,12,0,540,39.6,32.0,3.5,3.5,13.3,8.0,2.2,0.0,97.8,1029,552,100.0,53.6
14523090,Ellefeld,280,445,35,71,89,58,16,52,1030,27.2,43.2,3.4,6.9,8.6,5.6,1.5,5.0,98.5,280,445,35,71,89,58,16,52,1030,27.2,43.2,3.4,6.9,8.6,5.6,1.5,5.0,98.5,2131,1046,100.0,49.1
14523100,"Elsterberg, Stadt",558,816,87,166,276,170,31,127,2200,25.4,37.1,4.0,7.5,12.5,7.7,1.4,5.8,98.6,558,816,87,166,276,170,31,127,2200,25.4,37.1,4.0,7.5,12.5,7.7,1.4,5.8,98.6,3393,2231,100.0,65.8
14523120,"Falkenstein/Vogtl., Stadt",1036,1935,173,189,420,302,58,177,4232,24.5,45.7,4.1,4.5,9.9,7.1,1.4,4.2,98.6,1036,1935,173,189,420,302,58,177,4232,24.5,45.7,4.1,4.5,9.9,7.1,1.4,4.2,98.6,6767,4290,100.0,63.4
14523130,Grünbach,142,385,40,31,60,37,6,28,723,19.6,53.3,5.5,4.3,8.3,5.1,0.8,3.9,99.2,142,385,40,31,60,37,6,28,723,19.6,53.3,5.5,4.3,8.3,5.1,0.8,3.9,99.2,1444,729,100.0,50.5
14523150,Heinsdorfergrund,242,419,54,44,72,55,16,49,935,25.9,44.8,5.8,4.7,7.7,5.9,1.7,5.2,98.3,242,419,54,44,72,55,16,49,935,25.9,44.8,5.8,4.7,7.7,5.9,1.7,5.2,98.3,1677,951,100.0,56.7
14523160,"Klingenthal, Stadt",1266,1987,203,136,375,245,65,266,4478,28.3,44.4,4.5,3.0,8.4,5.5,1.4,5.9,98.6,1266,1987,203,136,375,245,65,266,4478,28.3,44.4,4.5,3.0,8.4,5.5,1.4,5.9,98.6,7132,4543,100.0,63.7
14523170,"Lengenfeld, Stadt",975,1470,134,204,441,281,57,207,3712,26.3,39.6,3.6,5.5,11.9,7.6,1.5,5.6,98.5,975,1470,134,204,441,281,57,207,3712,26.3,39.6,3.6,5.5,11.9,7.6,1.5,5.6,98.5,5946,3769,100.0,63.4
14523190,Limbach,168,272,35,29,55,43,14,42,644,26.1,42.2,5.4,4.5,8.5,6.7,2.1,6.5,97.9,168,272,35,29,55,43,14,42,644,26.1,42.2,5.4,4.5,8.5,6.7,2.1,6.5,97.9,1203,658,100.0,54.7
14523200,"Markneukirchen, Stadt",1197,1581,231,220,389,254,72,0,3872,30.9,40.8,6.0,5.7,10.0,6.6,1.8,0.0,98.2,1197,1581,231,220,389,254,72,0,3872,30.9,40.8,6.0,5.7,10.0,6.6,1.8,0.0,98.2,6332,3944,100.0,62.3
14523230,Mühlental,253,211,41,21,52,38,7,0,616,41.1,34.3,6.7,3.4,8.4,6.2,1.1,0.0,98.9,253,211,41,21,52,38,7,0,616,41.1,34.3,6.7,3.4,8.4,6.2,1.1,0.0,98.9,1107,623,100.0,56.3
14523245,Muldenhammer,374,673,59,56,143,116,21,69,1490,25.1,45.2,4.0,3.8,9.6,7.8,1.4,4.6,98.6,374,673,59,56,143,116,21,69,1490,25.1,45.2,4.0,3.8,9.6,7.8,1.4,4.6,98.6,2591,1511,100.0,58.3
14523260,"Netzschkau, Stadt",545,900,115,136,246,175,24,137,2254,24.2,39.9,5.1,6.0,10.9,7.8,1.1,6.1,98.9,545,900,115,136,246,175,24,137,2254,24.2,39.9,5.1,6.0,10.9,7.8,1.1,6.1,98.9,3306,2278,100.0,68.9
14523270,Neuensalz,393,405,29,41,90,69,14,55,1082,36.3,37.4,2.7,3.8,8.3,6.4,1.3,5.1,98.7,393,405,29,41,90,69,14,55,1082,36.3,37.4,2.7,3.8,8.3,6.4,1.3,5.1,98.7,1774,1096,100.0,61.8
14523280,Neumark,438,697,79,111,143,109,17,76,1653,26.5,42.2,4.8,6.7,8.7,6.6,1.0,4.6,99.0,438,697,79,111,143,109,17,76,1653,26.5,42.2,4.8,6.7,8.7,6.6,1.0,4.6,99.0,2476,1670,100.0,67.4
14523290,Neustadt/Vogtl.,108,212,25,15,55,29,8,20,464,23.3,45.7,5.4,3.2,11.9,6.3,1.7,4.3,98.3,108,212,25,15,55,29,8,20,464,23.3,45.7,5.4,3.2,11.9,6.3,1.7,4.3,98.3,842,472,100.0,56.1
14523300,"Oelsnitz/Vogtl., Stadt",1619,1942,260,272,824,407,95,0,5324,30.4,36.5,4.9,5.1,15.5,7.6,1.8,0.0,98.2,1619,1942,260,272,824,407,95,0,5324,30.4,36.5,4.9,5.1,15.5,7.6,1.8,0.0,98.2,8730,5419,100.0,62.1
14523310,"Pausa-Mühltroff, Stadt",768,1168,159,146,301,194,98,0,2736,28.1,42.7,5.8,5.3,11.0,7.1,3.5,0.0,96.5,768,1168,159,146,301,194,98,0,2736,28.1,42.7,5.8,5.3,11.0,7.1,3.5,0.0,96.5,4195,2834,100.0,67.6
14523320,"Plauen, Stadt",9445,9365,1678,2656,3857,3039,386,1396,31436,30.0,29.8,5.3,8.4,12.3,9.7,1.2,4.4,98.8,9445,9365,1678,2656,3857,3039,386,1396,31436,30.0,29.8,5.3,8.4,12.3,9.7,1.2,4.4,98.8,51987,31822,100.0,61.2
14523330,Pöhl,392,548,38,129,153,122,30,132,1514,25.9,36.2,2.5,8.5,10.1,8.1,1.9,8.7,98.1,392,548,38,129,153,122,30,132,1514,25.9,36.2,2.5,8.5,10.1,8.1,1.9,8.7,98.1,2097,1544,100.0,73.6
14523340,"Reichenbach im Vogtland, Stadt",2757,3569,531,587,1331,729,125,576,10080,27.4,35.4,5.3,5.8,13.2,7.2,1.2,5.7,98.8,2757,3569,531,587,1331,729,125,576,10080,27.4,35.4,5.3,5.8,13.2,7.2,1.2,5.7,98.8,17315,10205,100.0,58.9
14523360,"Rodewisch, Stadt",952,1374,144,200,419,273,43,202,3564,26.7,38.6,4.0,5.6,11.8,7.7,1.2,5.7,98.8,952,1374,144,200,419,273,43,202,3564,26.7,38.6,4.0,5.6,11.8,7.7,1.2,5.7,98.8,5413,3607,100.0,66.6
14523365,Rosenbach/Vogtl.,769,813,153,159,286,221,44,0,2401,32.0,33.9,6.4,6.6,11.9,9.2,1.8,0.0,98.2,769,813,153,159,286,221,44,0,2401,32.0,33.9,6.4,6.6,11.9,9.2,1.8,0.0,98.2,3516,2445,100.0,69.5
14523370,"Schöneck/Vogtl., Stadt",605,683,96,120,227,136,36,0,1867,32.4,36.6,5.1,6.4,12.2,7.3,1.9,0.0,98.1,605,683,96,120,227,136,36,0,1867,32.4,36.6,5.1,6.4,12.2,7.3,1.9,0.0,98.1,2664,1903,100.0,71.4
14523380,Steinberg,313,508,48,59,90,65,21,63,1146,27.3,44.3,4.2,5.1,7.9,5.7,1.8,5.5,98.2,313,508,48,59,90,65,21,63,1146,27.3,44.3,4.2,5.1,7.9,5.7,1.8,5.5,98.2,2324,1167,100.0,50.2
14523410,Theuma,220,181,30,29,65,43,9,0,568,38.7,31.9,5.3,5.1,11.4,7.6,1.6,0.0,98.4,220,181,30,29,65,43,9,0,568,38.7,31.9,5.3,5.1,11.4,7.6,1.6,0.0,98.4,853,577,100.0,67.6
14523420,Tirpersdorf,311,394,65,52,161,74,16,0,1057,29.4,37.3,6.1,4.9,15.2,7.0,1.5,0.0,98.5,311,394,65,52,161,74,16,0,1057,29.4,37.3,6.1,4.9,15.2,7.0,1.5,0.0,98.5,1146,1073,100.0,93.6
14523430,"Treuen, Stadt",1168,1775,149,186,455,297,57,289,4319,27.0,41.1,3.4,4.3,10.5,6.9,1.3,6.7,98.7,1168,1775,149,186,455,297,57,289,4319,27.0,41.1,3.4,4.3,10.5,6.9,1.3,6.7,98.7,6546,4376,100.0,66.8
14523440,Triebel/Vogtl.,148,193,28,35,69,32,9,0,505,29.3,38.2,5.5,6.9,13.7,6.3,1.8,0.0,98.2,148,193,28,35,69,32,9,0,505,29.3,38.2,5.5,6.9,13.7,6.3,1.8,0.0,98.2,1033,514,100.0,49.8
14523450,Weischlitz,927,1299,189,217,425,233,65,0,3290,28.2,39.5,5.7,6.6,12.9,7.1,1.9,0.0,98.1,927,1299,189,217,425,233,65,0,3290,28.2,39.5,5.7,6.6,12.9,7.1,1.9,0.0,98.1,4867,3355,100.0,68.9
14523460,Werda,216,307,43,50,77,58,22,0,751,28.8,40.9,5.7,6.7,10.3,7.7,2.8,0.0,97.2,216,307,43,50,77,58,22,0,751,28.8,40.9,5.7,6.7,10.3,7.7,2.8,0.0,97.2,1276,773,100.0,60.6
14524010,Bernsdorf,336,456,78,48,104,51,17,46,1119,30.0,40.8,7.0,4.3,9.3,4.6,1.5,4.1,98.5,336,456,78,48,104,51,17,46,1119,30.0,40.8,7.0,4.3,9.3,4.6,1.5,4.1,98.5,1857,1136,100.0,61.2
14524020,Callenberg,803,1166,131,179,356,185,52,0,2820,28.5,41.3,4.6,6.3,12.6,6.6,1.8,0.0,98.2,803,1166,131,179,356,185,52,0,2820,28.5,41.3,4.6,6.3,12.6,6.6,1.8,0.0,98.2,4084,2872,100.0,70.3
14524030,"Crimmitschau, Stadt",2696,3804,455,551,1145,571,144,0,9222,29.2,41.2,4.9,6.0,12.4,6.2,1.5,0.0,98.5,2696,3804,455,551,1145,571,144,0,9222,29.2,41.2,4.9,6.0,12.4,6.2,1.5,0.0,98.5,15523,9366,100.0,60.3
14524040,Crinitzberg,278,412,34,32,60,52,16,39,907,30.7,45.4,3.7,3.5,6.6,5.7,1.7,4.3,98.3,278,412,34,32,60,52,16,39,907,30.7,45.4,3.7,3.5,6.6,5.7,1.7,4.3,98.3,1615,923,100.0,57.2
14524050,Dennheritz,185,306,42,41,55,56,9,0,685,27.0,44.7,6.1,6.0,8.0,8.2,1.3,0.0,98.7,185,306,42,41,55,56,9,0,685,27.0,44.7,6.1,6.0,8.0,8.2,1.3,0.0,98.7,1109,694,100.0,62.6
14524060,Fraureuth,819,1231,112,168,342,177,56,0,2849,28.7,43.2,3.9,5.9,12.0,6.2,1.9,0.0,98.1,819,1231,112,168,342,177,56,0,2849,28.7,43.2,3.9,5.9,12.0,6.2,1.9,0.0,98.1,4351,2905,100.0,66.8
14524070,Gersdorf,715,791,126,145,295,181,39,0,2253,31.7,35.1,5.6,6.4,13.1,8.0,1.7,0.0,98.3,715,791,126,145,295,181,39,0,2253,31.7,35.1,5.6,6.4,13.1,8.0,1.7,0.0,98.3,3401,2292,100.0,67.4
14524080,"Glauchau, Stadt",2925,4394,671,619,1281,885,140,667,11442,25.6,38.4,5.9,5.4,11.2,7.7,1.2,5.8,98.8,2925,4394,671,619,1281,885,140,667,11442,25.6,38.4,5.9,5.4,11.2,7.7,1.2,5.8,98.8,18675,11582,100.0,62.0
14524090,"Hartenstein, Stadt",818,1156,130,129,205,159,47,133,2730,30.0,42.3,4.8,4.7,7.5,5.8,1.7,4.9,98.3,818,1156,130,129,205,159,47,133,2730,30.0,42.3,4.8,4.7,7.5,5.8,1.7,4.9,98.3,3776,2777,100.0,73.5
14524100,Hartmannsdorf b. Kirchberg,103,425,13,14,24,20,7,15,614,16.8,69.2,2.1,2.3,3.9,3.3,1.1,2.4,98.9,103,425,13,14,24,20,7,15,614,16.8,69.2,2.1,2.3,3.9,3.3,1.1,2.4,98.9,1092,621,100.0,56.9
14524110,Hirschfeld,184,299,25,24,42,34,5,30,638,28.8,46.9,3.9,3.8,6.6,5.3,0.8,4.7,99.2,184,299,25,24,42,34,5,30,638,28.8,46.9,3.9,3.8,6.6,5.3,0.8,4.7,99.2,985,643,100.0,65.3
14524120,"Hohenstein-Ernstthal, Stadt",2011,2697,322,431,1507,502,168,0,7470,26.9,36.1,4.3,5.8,20.2,6.7,2.2,0.0,97.8,2011,2697,322,431,1507,502,168,0,7470,26.9,36.1,4.3,5.8,20.2,6.7,2.2,0.0,97.8,12314,7638,100.0,62.0
14524130,"Kirchberg, Stadt",1438,2013,185,229,449,274,77,306,4894,29.4,41.1,3.8,4.7,9.2,5.6,1.5,6.3,98.5,1438,2013,185,229,449,274,77,306,4894,29.4,41.1,3.8,4.7,9.2,5.6,1.5,6.3,98.5,6868,4971,100.0,72.4
14524140,Langenbernsdorf,611,963,91,125,221,117,35,0,2128,28.7,45.3,4.3,5.9,10.4,5.5,1.6,0.0,98.4,611,963,91,125,221,117,35,0,2128,28.7,45.3,4.3,5.9,10.4,5.5,1.6,0.0,98.4,3006,2163,100.0,72.0
14524150,Langenweißbach,461,544,71,68,144,92,21,88,1468,31.4,37.1,4.8,4.6,9.8,6.3,1.4,6.0,98.6,461,544,71,68,144,92,21,88,1468,31.4,37.1,4.8,4.6,9.8,6.3,1.4,6.0,98.6,2054,1489,100.0,72.5
14524160,"Lichtenstein/Sa., Stadt",1908,2296,349,363,864,547,83,360,6687,28.5,34.3,5.2,5.4,12.9,8.2,1.2,5.4,98.8,1908,2296,349,363,864,547,83,360,6687,28.5,34.3,5.2,5.4,12.9,8.2,1.2,5.4,98.8,9643,6770,100.0,70.2
14524170,Lichtentanne,1068,1354,203,227,417,273,60,162,3704,28.8,36.6,5.5,6.1,11.3,7.4,1.6,4.4,98.4,1068,1354,203,227,417,273,60,162,3704,28.8,36.6,5.5,6.1,11.3,7.4,1.6,4.4,98.4,5391,3764,100.0,69.8
14524180,"Limbach-Oberfrohna, Stadt",3578,5330,625,805,1390,1147,203,0,12875,27.8,41.4,4.9,6.3,10.8,8.9,1.6,0.0,98.4,3578,5330,625,805,1390,1147,203,0,12875,27.8,41.4,4.9,6.3,10.8,8.9,1.6,0.0,98.4,19674,13078,100.0,66.5
14524190,"Meerane, Stadt",2090,2386,377,357,663,470,113,1098,7441,28.1,32.1,5.1,4.8,8.9,6.3,1.5,14.8,98.5,2090,2386,377,357,663,470,113,1098,7441,28.1,32.1,5.1,4.8,8.9,6.3,1.5,14.8,98.5,12147,7554,100.0,62.2
14524200,Mülsen,1837,2436,305,273,606,413,101,505,6375,28.8,38.2,4.8,4.3,9.5,6.5,1.6,7.9,98.4,1837,2436,305,273,606,413,101,505,6375,28.8,38.2,4.8,4.3,9.5,6.5,1.6,7.9,98.4,9355,6476,100.0,69.2
14524210,Neukirchen/Pleiße,567,1167,91,105,214,101,39,0,2245,25.3,52.0,4.1,4.7,9.5,4.5,1.7,0.0,98.3,567,1167,91,105,214,101,39,0,2245,25.3,52.0,4.1,4.7,9.5,4.5,1.7,0.0,98.3,3271,2284,100.0,69.8
14524220,Niederfrohna,321,515,41,51,105,84,23,0,1117,28.7,46.1,3.7,4.6,9.4,7.5,2.0,0.0,98.0,321,515,41,51,105,84,23,0,1117,28.7,46.1,3.7,4.6,9.4,7.5,2.0,0.0,98.0,1873,1140,100.0,60.9
14524230,"Oberlungwitz, Stadt",921,1316,281,205,390,191,41,0,3304,27.9,39.8,8.5,6.2,11.8,5.8,1.2,0.0,98.8,921,1316,281,205,390,191,41,0,3304,27.9,39.8,8.5,6.2,11.8,5.8,1.2,0.0,98.8,4933,3345,100.0,67.8
14524240,Oberwiera,134,218,27,29,64,37,3,32,541,24.8,40.3,5.0,5.4,11.8,6.8,0.6,5.9,99.4,134,218,27,29,64,37,3,32,541,24.8,40.3,5.0,5.4,11.8,6.8,0.6,5.9,99.4,842,544,100.0,64.6
14524250,Reinsdorf,1074,1606,209,208,456,319,69,306,4178,25.7,38.4,5.0,5.0,10.9,7.6,1.6,7.3,98.4,1074,1606,209,208,456,319,69,306,4178,25.7,38.4,5.0,5.0,10.9,7.6,1.6,7.3,98.4,6252,4247,100.0,67.9
14524260,Remse,221,355,45,24,72,62,12,49,828,26.7,42.9,5.4,2.9,8.7,7.5,1.4,5.9,98.6,221,355,45,24,72,62,12,49,828,26.7,42.9,5.4,2.9,8.7,7.5,1.4,5.9,98.6,1408,840,100.0,59.7
14524270,Schönberg,121,245,28,27,35,26,7,30,512,23.6,47.9,5.5,5.3,6.8,5.1,1.3,5.9,98.7,121,245,28,27,35,26,7,30,512,23.6,47.9,5.5,5.3,6.8,5.1,1.3,5.9,98.7,728,519,100.0,71.3
14524280,St. Egidien,497,533,76,94,142,90,20,64,1496,33.2,35.6,5.1,6.3,9.5,6.0,1.3,4.3,98.7,497,533,76,94,142,90,20,64,1496,33.2,35.6,5.1,6.3,9.5,6.0,1.3,4.3,98.7,2639,1516,100.0,57.4
14524290,"Waldenburg, Stadt",646,1076,87,155,259,134,31,181,2538,25.5,42.4,3.4,6.1,10.2,5.3,1.2,7.1,98.8,646,1076,87,155,259,134,31,181,2538,25.5,42.4,3.4,6.1,10.2,5.3,1.2,7.1,98.8,3369,2569,100.0,76.3
14524300,"Werdau, Stadt",3014,3571,411,694,1565,629,136,0,9884,30.5,36.1,4.2,7.0,15.8,6.4,1.4,0.0,98.6,3014,3571,411,694,1565,629,136,0,9884,30.5,36.1,4.2,7.0,15.8,6.4,1.4,0.0,98.6,16744,10020,100.0,59.8
14524310,"Wildenfels, Stadt",675,799,88,104,197,144,32,97,2104,32.1,38.0,4.2,4.9,9.4,6.8,1.5,4.6,98.5,675,799,88,104,197,144,32,97,2104,32.1,38.0,4.2,4.9,9.4,6.8,1.5,4.6,98.5,2962,2136,100.0,72.1
14524320,"Wilkau-Haßlau, Stadt",1453,1817,228,225,553,339,72,192,4807,30.2,37.8,4.7,4.7,11.5,7.1,1.5,4.0,98.5,1453,1817,228,225,553,339,72,192,4807,30.2,37.8,4.7,4.7,11.5,7.1,1.5,4.0,98.5,8253,4879,100.0,59.1
145243301,"Zwickau, Stadt (der Stadtbezirk West)",2458,2522,299,574,1139,698,146,0,7690,32.0,32.8,3.9,7.5,14.8,9.1,1.9,0.0,98.1,2458,2522,299,574,1139,698,146,0,7690,32.0,32.8,3.9,7.5,14.8,9.1,1.9,0.0,98.1,13363,7836,100.0,58.6
145243302,"Zwickau, Stadt (ohne den Stadtbezirk West)",10316,11027,2118,2499,4868,1901,460,1603,34332,30.0,32.1,6.2,7.3,14.2,5.5,1.3,4.7,98.7,10316,11027,2118,2499,4868,1901,460,1603,34332,30.0,32.1,6.2,7.3,14.2,5.5,1.3,4.7,98.7,59199,34792,100.0,58.8
146120001,Dresden 1,8293,12623,2776,9957,5539,3439,425,1390,44017,18.8,28.7,6.3,22.6,12.6,7.8,1.0,3.2,99.0,8293,12623,2776,9957,5539,3439,425,1390,44017,18.8,28.7,6.3,22.6,12.6,7.8,1.0,3.2,99.0,56933,44442,100.0,78.1
146120002,Dresden 2,12395,14448,3358,6123,4830,3414,655,0,44568,27.8,32.4,7.5,13.7,10.8,7.7,1.4,0.0,98.6,12395,14448,3358,6123,4830,3414,655,0,44568,27.8,32.4,7.5,13.7,10.8,7.7,1.4,0.0,98.6,63508,45223,100.0,71.2
146120003,Dresden 3,10483,13873,2466,6354,6030,5299,506,1335,45840,22.9,30.3,5.4,13.9,13.2,11.6,1.1,2.9,98.9,10483,13873,2466,6354,6030,5299,506,1335,45840,22.9,30.3,5.4,13.9,13.2,11.6,1.1,2.9,98.9,61930,46346,100.0,74.8
146120004,Dresden 4,9616,13650,2475,8138,5699,4439,549,502,44519,21.6,30.7,5.6,18.3,12.8,10.0,1.2,1.1,98.8,9616,13650,2475,8138,5699,4439,549,502,44519,21.6,30.7,5.6,18.3,12.8,10.0,1.2,1.1,98.8,60522,45068,100.0,74.5
146120005,Dresden 5,7838,10353,2069,10612,8246,3204,480,1777,44099,17.8,23.5,4.7,24.1,18.7,7.3,1.1,4.0,98.9,7838,10353,2069,10612,8246,3204,480,1777,44099,17.8,23.5,4.7,24.1,18.7,7.3,1.1,4.0,98.9,62196,44579,100.0,71.7
146120006,Dresden 6,10490,12088,2431,5522,4890,3565,496,0,38986,26.9,31.0,6.2,14.2,12.5,9.1,1.3,0.0,98.7,10490,12088,2431,5522,4890,3565,496,0,38986,26.9,31.0,6.2,14.2,12.5,9.1,1.3,0.0,98.7,57807,39482,100.0,68.3
146120007,Dresden 7,9176,10719,2400,8143,6166,3304,442,2415,42323,21.7,25.3,5.7,19.2,14.6,7.8,1.0,5.7,99.0,9176,10719,2400,8143,6166,3304,442,2415,42323,21.7,25.3,5.7,19.2,14.6,7.8,1.0,5.7,99.0,63578,42765,100.0,67.3
14625010,Arnsdorf,696,776,109,95,148,104,29,96,2024,34.4,38.3,5.4,4.7,7.3,5.1,1.4,4.7,98.6,696,776,109,95,148,104,29,96,2024,34.4,38.3,5.4,4.7,7.3,5.1,1.4,4.7,98.6,3906,2053,100.0,52.6
14625020,"Bautzen, Stadt",6968,7736,1317,972,1927,872,259,822,20614,33.8,37.5,6.4,4.7,9.3,4.2,1.2,4.0,98.8,6968,7736,1317,972,1927,872,259,822,20614,33.8,37.5,6.4,4.7,9.3,4.2,1.2,4.0,98.8,31710,20873,100.0,65.8
14625030,"Bernsdorf, Stadt",1308,1068,275,125,434,188,44,157,3555,36.8,30.0,7.7,3.5,12.2,5.3,1.2,4.4,98.8,1308,1068,275,125,434,188,44,157,3555,36.8,30.0,7.7,3.5,12.2,5.3,1.2,4.4,98.8,5375,3599,100.0,67.0
14625040,"Bischofswerda, Stadt",2068,2119,214,217,552,348,85,180,5698,36.3,37.2,3.8,3.8,9.7,6.1,1.5,3.2,98.5,2068,2119,214,217,552,348,85,180,5698,36.3,37.2,3.8,3.8,9.7,6.1,1.5,3.2,98.5,9238,5783,100.0,62.6
14625060,Burkau,566,552,52,33,89,73,21,37,1402,40.4,39.4,3.7,2.4,6.3,5.2,1.5,2.6,98.5,566,552,52,33,89,73,21,37,1402,40.4,39.4,3.7,2.4,6.3,5.2,1.5,2.6,98.5,2142,1423,100.0,66.4
14625080,Crostwitz,90,347,25,12,24,16,11,12,526,17.1,66.0,4.8,2.3,4.6,3.0,2.0,2.3,98.0,90,347,25,12,24,16,11,12,526,17.1,66.0,4.8,2.3,4.6,3.0,2.0,2.3,98.0,827,537,100.0,64.9
14625090,Cunewalde,1105,1159,78,60,193,139,38,80,2814,39.3,41.2,2.8,2.1,6.9,4.9,1.3,2.8,98.7,1105,1159,78,60,193,139,38,80,2814,39.3,41.2,2.8,2.1,6.9,4.9,1.3,2.8,98.7,3945,2852,100.0,72.3
14625100,Demitz-Thumitz,531,479,53,23,93,61,23,32,1272,41.7,37.7,4.2,1.8,7.3,4.8,1.8,2.5,98.2,531,479,53,23,93,61,23,32,1272,41.7,37.7,4.2,1.8,7.3,4.8,1.8,2.5,98.2,2198,1295,100.0,58.9
14625110,Doberschau-Gaußig,886,766,104,74,96,59,20,60,2045,43.3,37.5,5.1,3.6,4.7,2.9,1.0,2.9,99.0,886,766,104,74,96,59,20,60,2045,43.3,37.5,5.1,3.6,4.7,2.9,1.0,2.9,99.0,3373,2065,100.0,61.2
14625120,Elsterheide,758,868,124,60,202,120,35,204,2336,32.4,37.2,5.3,2.6,8.6,5.1,1.5,8.7,98.5,758,868,124,60,202,120,35,204,2336,32.4,37.2,5.3,2.6,8.6,5.1,1.5,8.7,98.5,2919,2371,100.0,81.2
14625130,"Elstra, Stadt",549,402,246,33,93,41,22,33,1397,39.3,28.8,17.6,2.4,6.7,2.9,1.6,2.4,98.4,549,402,246,33,93,41,22,33,1397,39.3,28.8,17.6,2.4,6.7,2.9,1.6,2.4,98.4,2253,1419,100.0,63.0
14625140,Frankenthal,169,201,17,16,31,27,9,12,473,35.7,42.5,3.6,3.4,6.6,5.7,1.9,2.5,98.1,169,201,17,16,31,27,9,12,473,35.7,42.5,3.6,3.4,6.6,5.7,1.9,2.5,98.1,762,482,100.0,63.3
14625150,Göda,864,853,102,87,161,119,19,112,2298,37.6,37.1,4.4,3.8,7.0,5.2,0.8,4.9,99.2,864,853,102,87,161,119,19,112,2298,37.6,37.1,4.4,3.8,7.0,5.2,0.8,4.9,99.2,2543,2317,100.0,91.1
14625160,Großdubrau,964,679,86,29,158,64,31,108,2088,46.2,32.5,4.1,1.4,7.6,3.1,1.5,5.2,98.5,964,679,86,29,158,64,31,108,2088,46.2,32.5,4.1,1.4,7.6,3.1,1.5,5.2,98.5,3534,2119,100.0,60.0
14625170,Großharthau,675,742,96,69,177,152,24,95,2006,33.6,37.0,4.8,3.4,8.8,7.6,1.2,4.7,98.8,675,742,96,69,177,152,24,95,2006,33.6,37.0,4.8,3.4,8.8,7.6,1.2,4.7,98.8,2346,2030,100.0,86.5
14625180,Großnaundorf,221,190,25,14,47,16,6,23,536,41.2,35.4,4.7,2.6,8.8,3.0,1.1,4.3,98.9,221,190,25,14,47,16,6,23,536,41.2,35.4,4.7,2.6,8.8,3.0,1.1,4.3,98.9,799,542,100.0,67.8
14625190,Großpostwitz/O.L.,742,659,74,85,140,102,21,48,1850,40.1,35.6,4.0,4.6,7.6,5.5,1.1,2.6,98.9,742,659,74,85,140,102,21,48,1850,40.1,35.6,4.0,4.6,7.6,5.5,1.1,2.6,98.9,2274,1871,100.0,82.3
14625200,"Großröhrsdorf, Stadt",1735,2051,302,238,537,299,78,474,5636,30.8,36.4,5.4,4.2,9.5,5.3,1.4,8.4,98.6,1735,2051,302,238,537,299,78,474,5636,30.8,36.4,5.4,4.2,9.5,5.3,1.4,8.4,98.6,7794,5714,100.0,73.3
14625220,Haselbachtal,827,1043,170,83,221,148,33,145,2637,31.4,39.6,6.4,3.1,8.4,5.6,1.2,5.5,98.8,827,1043,170,83,221,148,33,145,2637,31.4,39.6,6.4,3.1,8.4,5.6,1.2,5.5,98.8,3404,2670,100.0,78.4
14625230,Hochkirch,470,465,54,39,48,24,8,47,1147,41.0,40.5,4.7,3.4,4.2,2.1,0.7,4.1,99.3,470,465,54,39,48,24,8,47,1147,41.0,40.5,4.7,3.4,4.2,2.1,0.7,4.1,99.3,1820,1155,100.0,63.5
14625240,"Hoyerswerda, Stadt",4919,4836,489,503,2575,1017,249,1479,15818,31.1,30.6,3.1,3.2,16.3,6.4,1.5,9.4,98.5,4919,4836,489,503,2575,1017,249,1479,15818,31.1,30.6,3.1,3.2,16.3,6.4,1.5,9.4,98.5,27819,16067,100.0,57.8
14625250,"Kamenz, Stadt",2682,3021,455,251,1331,441,111,415,8596,31.2,35.1,5.3,2.9,15.5,5.1,1.3,4.8,98.7,2682,3021,455,251,1331,441,111,415,8596,31.2,35.1,5.3,2.9,15.5,5.1,1.3,4.8,98.7,13902,8707,100.0,62.6
14625270,"Königsbrück, Stadt",1009,928,384,137,258,137,46,204,3057,33.0,30.4,12.6,4.5,8.4,4.5,1.5,6.7,98.5,1009,928,384,137,258,137,46,204,3057,33.0,30.4,12.6,4.5,8.4,4.5,1.5,6.7,98.5,3647,3103,100.0,85.1
14625280,Königswartha,992,767,124,84,163,80,28,128,2338,42.4,32.8,5.3,3.6,7.0,3.4,1.2,5.5,98.8,992,767,124,84,163,80,28,128,2338,42.4,32.8,5.3,3.6,7.0,3.4,1.2,5.5,98.8,2833,2366,100.0,83.5
14625290,Kubschütz,529,536,69,36,90,37,14,41,1338,39.5,40.1,5.2,2.7,6.7,2.8,1.0,3.1,99.0,529,536,69,36,90,37,14,41,1338,39.5,40.1,5.2,2.7,6.7,2.8,1.0,3.1,99.0,2106,1352,100.0,64.2
14625300,Laußnitz,318,305,119,23,50,39,16,56,910,34.9,33.5,13.1,2.5,5.5,4.3,1.7,6.2,98.3,318,305,119,23,50,39,16,56,910,34.9,33.5,13.1,2.5,5.5,4.3,1.7,6.2,98.3,1508,926,100.0,61.4
14625310,"Lauta, Stadt",1516,1082,233,213,438,221,43,337,4040,37.5,26.8,5.8,5.3,10.8,5.5,1.1,8.3,98.9,1516,1082,233,213,438,221,43,337,4040,37.5,26.8,5.8,5.3,10.8,5.5,1.1,8.3,98.9,7155,4083,100.0,57.1
14625320,Lichtenberg,299,286,47,25,68,29,25,37,791,37.8,36.2,5.9,3.2,8.6,3.7,3.1,4.7,96.9,299,286,47,25,68,29,25,37,791,37.8,36.2,5.9,3.2,8.6,3.7,3.1,4.7,96.9,1305,816,100.0,62.5
14625330,Lohsa,1220,1066,123,77,289,172,44,240,3187,38.3,33.4,3.9,2.4,9.1,5.4,1.4,7.5,98.6,1220,1066,123,77,289,172,44,240,3187,38.3,33.4,3.9,2.4,9.1,5.4,1.4,7.5,98.6,4527,3231,100.0,71.4
14625340,Malschwitz,1219,1322,167,93,262,102,42,119,3284,37.1,40.3,5.1,2.8,8.0,3.1,1.3,3.6,98.7,1219,1322,167,93,262,102,42,119,3284,37.1,40.3,5.1,2.8,8.0,3.1,1.3,3.6,98.7,3762,3326,100.0,88.4
14625350,Nebelschütz,133,395,31,15,34,22,12,21,651,20.4,60.7,4.8,2.3,5.2,3.4,1.8,3.2,98.2,133,395,31,15,34,22,12,21,651,20.4,60.7,4.8,2.3,5.2,3.4,1.8,3.2,98.2,912,663,100.0,72.7
14625360,Neschwitz,562,402,39,35,89,43,14,37,1207,46.6,33.3,3.2,2.9,7.4,3.6,1.1,3.1,98.9,562,402,39,35,89,43,14,37,1207,46.6,33.3,3.2,2.9,7.4,3.6,1.1,3.1,98.9,1955,1221,100.0,62.5
14625370,Neukirch,320,247,97,22,59,36,18,48,829,38.6,29.8,11.7,2.7,7.1,4.3,2.1,5.8,97.9,320,247,97,22,59,36,18,48,829,38.6,29.8,11.7,2.7,7.1,4.3,2.1,5.8,97.9,1348,847,100.0,62.8
14625380,Neukirch/Lausitz,1100,1055,88,79,212,153,31,116,2803,39.2,37.6,3.1,2.8,7.6,5.5,1.1,4.1,98.9,1100,1055,88,79,212,153,31,116,2803,39.2,37.6,3.1,2.8,7.6,5.5,1.1,4.1,98.9,4111,2834,100.0,68.9
14625390,Obergurig,400,381,42,55,81,57,10,37,1053,38.0,36.2,4.0,5.2,7.7,5.4,0.9,3.5,99.1,400,381,42,55,81,57,10,37,1053,38.0,36.2,4.0,5.2,7.7,5.4,0.9,3.5,99.1,1725,1063,100.0,61.6
14625410,Ohorn,399,420,66,32,116,44,13,54,1131,35.3,37.1,5.8,2.8,10.3,3.9,1.1,4.8,98.9,399,420,66,32,116,44,13,54,1131,35.3,37.1,5.8,2.8,10.3,3.9,1.1,4.8,98.9,1976,1144,100.0,57.9
14625420,Oßling,486,358,79,29,97,53,28,61,1163,41.8,30.8,6.8,2.5,8.3,4.6,2.4,5.2,97.6,486,358,79,29,97,53,28,61,1163,41.8,30.8,6.8,2.5,8.3,4.6,2.4,5.2,97.6,1872,1191,100.0,63.6
14625430,Ottendorf-Okrilla,1689,1564,1192,350,503,254,52,238,5790,29.2,27.0,20.6,6.0,8.7,4.4,0.9,4.1,99.1,1689,1564,1192,350,503,254,52,238,5790,29.2,27.0,20.6,6.0,8.7,4.4,0.9,4.1,99.1,8008,5842,100.0,73.0
14625440,Panschwitz-Kuckau,269,953,70,65,98,57,16,51,1563,17.2,61.0,4.5,4.2,6.3,3.6,1.0,3.3,99.0,269,953,70,65,98,57,16,51,1563,17.2,61.0,4.5,4.2,6.3,3.6,1.0,3.3,99.0,1648,1579,100.0,95.8
14625450,"Pulsnitz, Stadt",1469,1879,286,195,538,263,51,247,4877,30.1,38.5,5.9,4.0,11.0,5.4,1.0,5.1,99.0,1469,1879,286,195,538,263,51,247,4877,30.1,38.5,5.9,4.0,11.0,5.4,1.0,5.1,99.0,6175,4928,100.0,79.8
14625460,Puschwitz,183,147,13,13,20,11,9,15,402,45.5,36.6,3.2,3.2,5.0,2.7,2.2,3.7,97.8,183,147,13,13,20,11,9,15,402,45.5,36.6,3.2,3.2,5.0,2.7,2.2,3.7,97.8,660,411,100.0,62.3
14625470,Räckelwitz,104,332,27,19,35,26,9,21,564,18.4,58.9,4.8,3.4,6.2,4.6,1.6,3.7,98.4,104,332,27,19,35,26,9,21,564,18.4,58.9,4.8,3.4,6.2,4.6,1.6,3.7,98.4,888,573,100.0,64.5
14625480,"Radeberg, Stadt",2814,2978,1900,621,838,533,122,419,10103,27.9,29.5,18.8,6.1,8.3,5.3,1.2,4.1,98.8,2814,2978,1900,621,838,533,122,419,10103,27.9,29.5,18.8,6.1,8.3,5.3,1.2,4.1,98.8,15178,10225,100.0,67.4
14625490,Radibor,606,609,74,49,77,68,37,81,1564,38.7,38.9,4.7,3.1,4.9,4.3,2.3,5.2,97.7,606,609,74,49,77,68,37,81,1564,38.7,38.9,4.7,3.1,4.9,4.3,2.3,5.2,97.7,2522,1601,100.0,63.5
14625500,Ralbitz-Rosenthal,193,510,41,13,39,22,14,44,862,22.4,59.2,4.8,1.5,4.5,2.6,1.6,5.1,98.4,193,510,41,13,39,22,14,44,862,22.4,59.2,4.8,1.5,4.5,2.6,1.6,5.1,98.4,1315,876,100.0,66.6
14625510,Rammenau,231,270,37,23,54,25,13,24,664,34.8,40.7,5.6,3.5,8.1,3.8,1.9,3.6,98.1,231,270,37,23,54,25,13,24,664,34.8,40.7,5.6,3.5,8.1,3.8,1.9,3.6,98.1,1110,677,100.0,61.0
14625525,"Schirgiswalde-Kirschau, Stadt",1282,1554,138,111,243,234,66,149,3711,34.5,41.9,3.7,3.0,6.5,6.3,1.7,4.0,98.3,1282,1554,138,111,243,234,66,149,3711,34.5,41.9,3.7,3.0,6.5,6.3,1.7,4.0,98.3,5186,3777,100.0,72.8
14625530,Schmölln-Putzkau,624,528,44,47,98,76,15,51,1468,42.5,36.0,3.0,3.2,6.7,5.2,1.0,3.5,99.0,624,528,44,47,98,76,15,51,1468,42.5,36.0,3.0,3.2,6.7,5.2,1.0,3.5,99.0,2547,1483,100.0,58.2
14625550,Schwepnitz,475,392,113,24,107,46,27,75,1232,38.6,31.8,9.2,1.9,8.7,3.7,2.1,6.1,97.9,475,392,113,24,107,46,27,75,1232,38.6,31.8,9.2,1.9,8.7,3.7,2.1,6.1,97.9,2043,1259,100.0,61.6
14625560,Sohland a. d. Spree,1608,1407,140,120,325,191,46,184,3975,40.5,35.4,3.5,3.0,8.2,4.8,1.1,4.6,98.9,1608,1407,140,120,325,191,46,184,3975,40.5,35.4,3.5,3.0,8.2,4.8,1.1,4.6,98.9,5553,4021,100.0,72.4
14625570,Spreetal,413,334,30,32,83,45,16,58,995,41.5,33.6,3.0,3.2,8.3,4.5,1.6,5.8,98.4,413,334,30,32,83,45,16,58,995,41.5,33.6,3.0,3.2,8.3,4.5,1.6,5.8,98.4,1568,1011,100.0,64.5
14625580,Steina,252,383,57,14,78,32,13,25,841,30.0,45.5,6.8,1.7,9.3,3.8,1.5,3.0,98.5,252,383,57,14,78,32,13,25,841,30.0,45.5,6.8,1.7,9.3,3.8,1.5,3.0,98.5,1356,854,100.0,63.0
14625590,Steinigtwolmsdorf,698,620,48,44,105,69,37,58,1642,42.5,37.8,2.9,2.7,6.4,4.2,2.2,3.5,97.8,698,620,48,44,105,69,37,58,1642,42.5,37.8,2.9,2.7,6.4,4.2,2.2,3.5,97.8,2385,1679,100.0,70.4
14625600,Wachau,963,767,443,143,179,107,51,92,2694,35.7,28.5,16.4,5.3,6.6,4.0,1.9,3.4,98.1,963,767,443,143,179,107,51,92,2694,35.7,28.5,16.4,5.3,6.6,4.0,1.9,3.4,98.1,3452,2745,100.0,79.5
14625610,"Weißenberg, Stadt",863,921,102,54,153,39,23,82,2214,39.0,41.6,4.6,2.4,6.9,1.8,1.0,3.7,99.0,863,921,102,54,153,39,23,82,2214,39.0,41.6,4.6,2.4,6.9,1.8,1.0,3.7,99.0,2527,2237,100.0,88.5
14625630,"Wilthen, Stadt",1020,1073,107,75,220,153,29,83,2731,37.3,39.3,3.9,2.7,8.1,5.6,1.1,3.0,98.9,1020,1073,107,75,220,153,29,83,2731,37.3,39.3,3.9,2.7,8.1,5.6,1.1,3.0,98.9,4192,2760,100.0,65.8
14625640,"Wittichenau, Stadt",864,1916,156,83,180,96,33,177,3472,24.9,55.2,4.5,2.4,5.2,2.8,0.9,5.1,99.1,864,1916,156,83,180,96,33,177,3472,24.9,55.2,4.5,2.4,5.2,2.8,0.9,5.1,99.1,4663,3505,100.0,75.2
14626010,"Bad Muskau, Stadt",641,622,64,52,160,412,52,56,2007,31.9,31.0,3.2,2.6,8.0,20.5,2.5,2.8,97.5,641,622,64,52,160,412,52,56,2007,31.9,31.0,3.2,2.6,8.0,20.5,2.5,2.8,97.5,2791,2059,100.0,73.8
14626020,Beiersdorf,282,174,31,23,46,27,6,24,607,46.5,28.7,5.1,3.8,7.6,4.4,1.0,4.0,99.0,282,174,31,23,46,27,6,24,607,46.5,28.7,5.1,3.8,7.6,4.4,1.0,4.0,99.0,961,613,100.0,63.8
14626030,"Bernstadt a. d. Eigen, Stadt",742,780,103,64,128,76,29,134,2027,36.6,38.5,5.1,3.2,6.3,3.7,1.4,6.6,98.6,742,780,103,64,128,76,29,134,2027,36.6,38.5,5.1,3.2,6.3,3.7,1.4,6.6,98.6,2822,2056,100.0,72.9
14626050,Bertsdorf-Hörnitz,436,451,57,44,66,25,22,0,1079,40.4,41.8,5.3,4.1,6.1,2.3,2.0,0.0,98.0,436,451,57,44,66,25,22,0,1079,40.4,41.8,5.3,4.1,6.1,2.3,2.0,0.0,98.0,1771,1101,100.0,62.2
14626060,Boxberg/O.L.,1070,1143,185,81,304,176,58,155,3114,34.4,36.7,5.9,2.6,9.8,5.7,1.8,5.0,98.2,1070,1143,185,81,304,176,58,155,3114,34.4,36.7,5.9,2.6,9.8,5.7,1.8,5.0,98.2,3757,3172,100.0,84.4
14626070,Dürrhennersdorf,209,142,15,14,26,10,5,22,438,47.7,32.4,3.4,3.2,5.9,2.3,1.1,5.0,98.9,209,142,15,14,26,10,5,22,438,47.7,32.4,3.4,3.2,5.9,2.3,1.1,5.0,98.9,819,443,100.0,54.1
14626085,"Ebersbach-Neugersdorf, Stadt",2390,2121,272,277,571,277,125,453,6361,37.6,33.3,4.3,4.4,9.0,4.4,1.9,7.1,98.1,2390,2121,272,277,571,277,125,453,6361,37.6,33.3,4.3,4.4,9.0,4.4,1.9,7.1,98.1,10132,6486,100.0,64.0
14626100,Gablenz,331,265,40,13,68,73,10,29,819,40.4,32.4,4.9,1.6,8.3,8.9,1.2,3.5,98.8,331,265,40,13,68,73,10,29,819,40.4,32.4,4.9,1.6,8.3,8.9,1.2,3.5,98.8,1371,829,100.0,60.5
14626110,"Görlitz, Stadt",10422,12407,295,2293,1126,399,187,605,27547,37.8,45.0,1.1,8.3,4.1,1.4,0.7,2.2,99.3,10422,12407,295,2293,1126,399,187,605,27547,37.8,45.0,1.1,8.3,4.1,1.4,0.7,2.2,99.3,42670,27734,100.0,65.0
14626120,Groß Düben,237,215,28,14,25,51,11,23,593,40.0,36.3,4.7,2.4,4.2,8.6,1.8,3.9,98.2,237,215,28,14,25,51,11,23,593,40.0,36.3,4.7,2.4,4.2,8.6,1.8,3.9,98.2,879,604,100.0,68.7
14626140,Großschönau,1187,1452,126,106,173,116,53,0,3160,37.6,45.9,4.0,3.4,5.5,3.7,1.6,0.0,98.4,1187,1452,126,106,173,116,53,0,3160,37.6,45.9,4.0,3.4,5.5,3.7,1.6,0.0,98.4,4588,3213,100.0,70.0
14626150,Großschweidnitz,256,170,20,19,38,21,11,33,557,46.0,30.5,3.6,3.4,6.8,3.8,1.9,5.9,98.1,256,170,20,19,38,21,11,33,557,46.0,30.5,3.6,3.4,6.8,3.8,1.9,5.9,98.1,1085,568,100.0,52.4
14626160,Hähnichen,235,233,14,17,50,39,12,51,639,36.8,36.5,2.2,2.7,7.8,6.1,1.8,8.0,98.2,235,233,14,17,50,39,12,51,639,36.8,36.5,2.2,2.7,7.8,6.1,1.8,8.0,98.2,992,651,100.0,65.6
14626170,Hainewalde,310,340,34,28,33,13,5,0,758,40.9,44.9,4.5,3.7,4.4,1.7,0.7,0.0,99.3,310,340,34,28,33,13,5,0,758,40.9,44.9,4.5,3.7,4.4,1.7,0.7,0.0,99.3,1260,763,100.0,60.6
14626180,"Herrnhut, Stadt",1076,1279,108,185,267,129,38,200,3244,33.2,39.4,3.3,5.7,8.2,4.0,1.2,6.2,98.8,1076,1279,108,185,267,129,38,200,3244,33.2,39.4,3.3,5.7,8.2,4.0,1.2,6.2,98.8,4866,3282,100.0,67.4
14626190,Hohendubrau,374,348,38,39,68,48,17,38,953,39.2,36.5,4.0,4.1,7.1,5.0,1.8,4.0,98.2,374,348,38,39,68,48,17,38,953,39.2,36.5,4.0,4.1,7.1,5.0,1.8,4.0,98.2,1519,970,100.0,63.9
14626200,Horka,343,279,19,28,92,35,11,52,848,40.4,32.9,2.2,3.3,10.8,4.1,1.3,6.1,98.7,343,279,19,28,92,35,11,52,848,40.4,32.9,2.2,3.3,10.8,4.1,1.3,6.1,98.7,1399,859,100.0,61.4
14626210,"Jonsdorf, Kurort",240,356,27,42,66,31,22,0,762,31.5,46.7,3.5,5.5,8.7,4.1,2.8,0.0,97.2,240,356,27,42,66,31,22,0,762,31.5,46.7,3.5,5.5,8.7,4.1,2.8,0.0,97.2,1331,784,100.0,58.9
14626230,Kodersdorf,816,846,65,84,140,88,26,91,2130,38.3,39.7,3.1,3.9,6.6,4.1,1.2,4.3,98.8,816,846,65,84,140,88,26,91,2130,38.3,39.7,3.1,3.9,6.6,4.1,1.2,4.3,98.8,1975,2156,100.0,109.2
14626240,Königshain,269,256,16,22,15,12,7,9,599,44.9,42.7,2.7,3.7,2.5,2.0,1.2,1.5,98.8,269,256,16,22,15,12,7,9,599,44.9,42.7,2.7,3.7,2.5,2.0,1.2,1.5,98.8,953,606,100.0,63.6
14626245,Kottmar,1656,1551,171,166,380,190,71,263,4377,37.8,35.4,3.9,3.8,8.7,4.3,1.6,6.0,98.4,1656,1551,171,166,380,190,71,263,4377,37.8,35.4,3.9,3.8,8.7,4.3,1.6,6.0,98.4,6239,4448,100.0,71.3
14626250,Krauschwitz i.d. O.L.,812,617,63,43,153,224,20,97,2009,40.4,30.7,3.1,2.1,7.6,11.1,1.0,4.8,99.0,812,617,63,43,153,224,20,97,2009,40.4,30.7,3.1,2.1,7.6,11.1,1.0,4.8,99.0,2897,2029,100.0,70.0
14626260,Kreba-Neudorf,200,188,16,9,39,15,7,32,499,40.1,37.7,3.2,1.8,7.8,3.0,1.4,6.4,98.6,200,188,16,9,39,15,7,32,499,40.1,37.7,3.2,1.8,7.8,3.0,1.4,6.4,98.6,737,506,100.0,68.7
14626270,Lawalde,390,298,49,23,65,37,14,49,911,42.8,32.7,5.4,2.5,7.1,4.1,1.5,5.4,98.5,390,298,49,23,65,37,14,49,911,42.8,32.7,5.4,2.5,7.1,4.1,1.5,5.4,98.5,1538,925,100.0,60.1
14626280,Leutersdorf,731,866,81,72,191,77,29,0,2018,36.2,42.9,4.0,3.6,9.5,3.8,1.4,0.0,98.6,731,866,81,72,191,77,29,0,2018,36.2,42.9,4.0,3.6,9.5,3.8,1.4,0.0,98.6,2944,2047,100.0,69.5
14626290,"Löbau, Stadt",3058,2532,412,325,912,326,123,518,8083,37.8,31.3,5.1,4.0,11.3,4.0,1.5,6.4,98.5,3058,2532,412,325,912,326,123,518,8083,37.8,31.3,5.1,4.0,11.3,4.0,1.5,6.4,98.5,12166,8206,100.0,67.5
14626300,Markersdorf,971,1313,38,76,83,33,24,58,2572,37.8,51.0,1.5,3.0,3.2,1.3,0.9,2.3,99.1,971,1313,38,76,83,33,24,58,2572,37.8,51.0,1.5,3.0,3.2,1.3,0.9,2.3,99.1,3184,2596,100.0,81.5
14626310,Mittelherwigsdorf,714,1159,89,104,148,52,26,0,2266,31.5,51.1,3.9,4.6,6.5,2.3,1.1,0.0,98.9,714,1159,89,104,148,52,26,0,2266,31.5,51.1,3.9,4.6,6.5,2.3,1.1,0.0,98.9,3057,2292,100.0,75.0
14626320,Mücka,200,181,31,11,46,27,3,19,515,38.8,35.1,6.0,2.1,8.9,5.2,0.6,3.7,99.4,200,181,31,11,46,27,3,19,515,38.8,35.1,6.0,2.1,8.9,5.2,0.6,3.7,99.4,824,518,100.0,62.9
14626330,Neißeaue,438,246,29,42,56,35,24,39,885,49.5,27.8,3.3,4.7,6.3,4.0,2.6,4.4,97.4,438,246,29,42,56,35,24,39,885,49.5,27.8,3.3,4.7,6.3,4.0,2.6,4.4,97.4,1404,909,100.0,64.7
14626350,"Neusalza-Spremberg, Stadt",922,642,113,85,145,68,43,139,2114,43.6,30.4,5.3,4.0,6.9,3.2,2.0,6.6,98.0,922,642,113,85,145,68,43,139,2114,43.6,30.4,5.3,4.0,6.9,3.2,2.0,6.6,98.0,2786,2157,100.0,77.4
14626370,"Niesky, Stadt",1828,1887,169,212,541,391,82,233,5261,34.7,35.9,3.2,4.0,10.3,7.4,1.5,4.4,98.5,1828,1887,169,212,541,391,82,233,5261,34.7,35.9,3.2,4.0,10.3,7.4,1.5,4.4,98.5,7819,5343,100.0,68.3
14626390,Oderwitz,955,1337,124,80,238,101,47,0,2835,33.7,47.2,4.4,2.8,8.4,3.6,1.6,0.0,98.4,955,1337,124,80,238,101,47,0,2835,33.7,47.2,4.4,2.8,8.4,3.6,1.6,0.0,98.4,4353,2882,100.0,66.2
14626400,Olbersdorf,945,1519,135,161,318,142,39,0,3220,29.3,47.2,4.2,5.0,9.9,4.4,1.2,0.0,98.8,945,1519,135,161,318,142,39,0,3220,29.3,47.2,4.2,5.0,9.9,4.4,1.2,0.0,98.8,3978,3259,100.0,81.9
14626410,Oppach,624,460,65,62,114,48,20,91,1464,42.6,31.4,4.4,4.2,7.8,3.3,1.3,6.2,98.7,624,460,65,62,114,48,20,91,1464,42.6,31.4,4.4,4.2,7.8,3.3,1.3,6.2,98.7,1998,1484,100.0,74.3
14626420,"Ostritz, Stadt",419,589,53,63,92,49,26,72,1337,31.3,44.1,4.0,4.7,6.9,3.7,1.9,5.4,98.1,419,589,53,63,92,49,26,72,1337,31.3,44.1,4.0,4.7,6.9,3.7,1.9,5.4,98.1,1882,1363,100.0,72.4
14626430,Oybin,201,343,22,21,52,16,7,0,655,30.7,52.4,3.4,3.2,7.9,2.4,1.1,0.0,98.9,201,343,22,21,52,16,7,0,655,30.7,52.4,3.4,3.2,7.9,2.4,1.1,0.0,98.9,1177,662,100.0,56.2
14626440,Quitzdorf am See,275,217,25,17,44,32,12,26,636,43.2,34.1,3.9,2.7,6.9,5.0,1.9,4.1,98.1,275,217,25,17,44,32,12,26,636,43.2,34.1,3.9,2.7,6.9,5.0,1.9,4.1,98.1,1055,648,100.0,61.4
14626450,"Reichenbach/O.L., Stadt",1161,1562,43,96,156,58,27,103,3179,36.5,49.1,1.4,3.0,4.9,1.8,0.8,3.2,99.2,1161,1562,43,96,156,58,27,103,3179,36.5,49.1,1.4,3.0,4.9,1.8,0.8,3.2,99.2,4078,3206,100.0,78.6
14626460,Rietschen,415,433,35,27,77,59,17,57,1103,37.6,39.3,3.2,2.4,7.0,5.3,1.5,5.2,98.5,415,433,35,27,77,59,17,57,1103,37.6,39.3,3.2,2.4,7.0,5.3,1.5,5.2,98.5,2156,1120,100.0,51.9
14626470,Rosenbach,327,285,35,30,42,29,10,40,788,41.5,36.2,4.4,3.8,5.3,3.7,1.3,5.1,98.7,327,285,35,30,42,29,10,40,788,41.5,36.2,4.4,3.8,5.3,3.7,1.3,5.1,98.7,1254,798,100.0,63.6
14626480,"Rothenburg/O.L., Stadt",755,816,50,74,312,119,50,273,2399,31.5,34.0,2.1,3.1,13.0,5.0,2.0,11.4,98.0,755,816,50,74,312,119,50,273,2399,31.5,34.0,2.1,3.1,13.0,5.0,2.0,11.4,98.0,3776,2449,100.0,64.9
14626490,Schleife,640,567,58,50,137,116,24,46,1614,39.7,35.1,3.6,3.1,8.5,7.2,1.5,2.9,98.5,640,567,58,50,137,116,24,46,1614,39.7,35.1,3.6,3.1,8.5,7.2,1.5,2.9,98.5,2086,1638,100.0,78.5
14626500,Schönau-Berzdorf a. d. Eigen,311,284,32,19,51,27,16,47,771,40.3,36.8,4.2,2.5,6.6,3.5,2.0,6.1,98.0,311,284,32,19,51,27,16,47,771,40.3,36.8,4.2,2.5,6.6,3.5,2.0,6.1,98.0,1239,787,100.0,63.5
14626510,Schönbach,271,158,30,27,35,24,12,21,566,47.9,27.9,5.3,4.8,6.2,4.2,2.1,3.7,97.9,271,158,30,27,35,24,12,21,566,47.9,27.9,5.3,4.8,6.2,4.2,2.1,3.7,97.9,918,578,100.0,63.0
14626520,Schöpstal,545,424,52,60,62,47,18,58,1248,43.7,34.0,4.2,4.8,5.0,3.8,1.4,4.6,98.6,545,424,52,60,62,47,18,58,1248,43.7,34.0,4.2,4.8,5.0,3.8,1.4,4.6,98.6,1984,1266,100.0,63.8
14626530,"Seifhennersdorf, Stadt",751,722,75,107,231,90,28,0,1976,38.0,36.5,3.8,5.4,11.7,4.6,1.4,0.0,98.6,751,722,75,107,231,90,28,0,1976,38.0,36.5,3.8,5.4,11.7,4.6,1.4,0.0,98.6,3108,2004,100.0,64.5
14626560,Trebendorf,177,180,11,17,27,46,10,16,474,37.3,38.0,2.3,3.6,5.7,9.7,2.1,3.4,97.9,177,180,11,17,27,46,10,16,474,37.3,38.0,2.3,3.6,5.7,9.7,2.1,3.4,97.9,747,484,100.0,64.8
14626570,Vierkirchen,351,399,15,33,22,18,10,25,863,40.7,46.2,1.7,3.8,2.5,2.1,1.1,2.9,98.9,351,399,15,33,22,18,10,25,863,40.7,46.2,1.7,3.8,2.5,2.1,1.1,2.9,98.9,1384,873,100.0,63.1
14626580,Waldhufen,636,714,44,84,161,81,23,85,1805,35.2,39.6,2.4,4.7,8.9,4.5,1.3,4.7,98.7,636,714,44,84,161,81,23,85,1805,35.2,39.6,2.4,4.7,8.9,4.5,1.3,4.7,98.7,1935,1828,100.0,94.5
14626590,Weißkeißel,266,206,26,14,49,58,11,63,682,39.0,30.2,3.8,2.1,7.2,8.5,1.6,9.2,98.4,266,206,26,14,49,58,11,63,682,39.0,30.2,3.8,2.1,7.2,8.5,1.6,9.2,98.4,1091,693,100.0,63.5
14626600,"Weißwasser/O.L., Stadt",2752,2456,237,206,1030,889,131,362,7932,34.7,31.0,3.0,2.6,13.0,11.2,1.6,4.6,98.4,2752,2456,237,206,1030,889,131,362,7932,34.7,31.0,3.0,2.6,13.0,11.2,1.6,4.6,98.4,13460,8063,100.0,59.9
14626610,"Zittau, Stadt",4110,4911,633,728,1406,591,188,0,12379,33.2,39.7,5.1,5.9,11.4,4.8,1.5,0.0,98.5,4110,4911,633,728,1406,591,188,0,12379,33.2,39.7,5.1,5.9,11.4,4.8,1.5,0.0,98.5,20971,12567,100.0,59.9
14627010,"Coswig, Stadt",3738,3172,326,681,843,1685,143,954,11399,32.8,27.8,2.9,6.0,7.4,14.8,1.2,8.4,98.8,3738,3172,326,681,843,1685,143,954,11399,32.8,27.8,2.9,6.0,7.4,14.8,1.2,8.4,98.8,17273,11542,100.0,66.8
14627020,Diera-Zehren,825,570,106,104,169,95,34,88,1957,42.2,29.1,5.4,5.3,8.6,4.9,1.7,4.5,98.3,825,570,106,104,169,95,34,88,1957,42.2,29.1,5.4,5.3,8.6,4.9,1.7,4.5,98.3,2735,1991,100.0,72.8
14627030,Ebersbach,1156,935,89,109,130,146,38,160,2725,42.4,34.3,3.3,4.0,4.8,5.4,1.4,5.9,98.6,1156,935,89,109,130,146,38,160,2725,42.4,34.3,3.3,4.0,4.8,5.4,1.4,5.9,98.6,3617,2763,100.0,76.4
14627040,Glaubitz,476,348,32,43,107,86,15,59,1151,41.4,30.2,2.8,3.7,9.3,7.5,1.3,5.1,98.7,476,348,32,43,107,86,15,59,1151,41.4,30.2,2.8,3.7,9.3,7.5,1.3,5.1,98.7,1743,1166,100.0,66.9
14627050,"Gröditz, Stadt",1300,1053,99,110,359,221,60,171,3313,39.2,31.8,3.0,3.3,10.8,6.7,1.8,5.2,98.2,1300,1053,99,110,359,221,60,171,3313,39.2,31.8,3.0,3.3,10.8,6.7,1.8,5.2,98.2,5833,3373,100.0,57.8
14627060,"Großenhain, Stadt",3838,2890,380,426,873,608,179,562,9577,40.1,30.2,4.0,4.4,9.1,6.3,1.8,5.9,98.2,3838,2890,380,426,873,608,179,562,9577,40.1,30.2,4.0,4.4,9.1,6.3,1.8,5.9,98.2,15216,9756,100.0,64.1
14627070,Hirschstein,371,258,39,41,104,39,12,43,895,41.5,28.8,4.4,4.6,11.6,4.4,1.3,4.8,98.7,371,258,39,41,104,39,12,43,895,41.5,28.8,4.4,4.6,11.6,4.4,1.3,4.8,98.7,1639,907,100.0,55.3
14627080,Käbschütztal,576,446,88,115,132,92,25,73,1522,37.8,29.3,5.8,7.6,8.7,6.0,1.6,4.8,98.4,576,446,88,115,132,92,25,73,1522,37.8,29.3,5.8,7.6,8.7,6.0,1.6,4.8,98.4,2223,1547,100.0,69.6
14627100,Klipphausen,2072,2093,231,323,413,446,106,621,6199,33.4,33.8,3.7,5.2,6.7,7.2,1.7,10.0,98.3,2072,2093,231,323,413,446,106,621,6199,33.4,33.8,3.7,5.2,6.7,7.2,1.7,10.0,98.3,8271,6305,100.0,76.2
14627110,Lampertswalde,683,420,43,40,77,39,51,46,1348,50.7,31.2,3.2,3.0,5.7,2.9,3.6,3.4,96.4,683,420,43,40,77,39,51,46,1348,50.7,31.2,3.2,3.0,5.7,2.9,3.6,3.4,96.4,2101,1399,100.0,66.6
14627130,"Lommatzsch, Stadt",842,951,189,101,247,149,107,142,2621,32.1,36.3,7.2,3.9,9.4,5.7,3.9,5.4,96.1,842,951,189,101,247,149,107,142,2621,32.1,36.3,7.2,3.9,9.4,5.7,3.9,5.4,96.1,4137,2728,100.0,65.9
14627140,"Meißen, Stadt",4398,3590,1327,578,1297,1747,126,407,13344,33.0,26.9,9.9,4.3,9.7,13.1,0.9,3.1,99.1,4398,3590,1327,578,1297,1747,126,407,13344,33.0,26.9,9.9,4.3,9.7,13.1,0.9,3.1,99.1,22736,13470,100.0,59.2
14627150,Moritzburg,1618,1362,212,310,273,1176,51,221,5172,31.3,26.3,4.1,6.0,5.3,22.7,1.0,4.3,99.0,1618,1362,212,310,273,1176,51,221,5172,31.3,26.3,4.1,6.0,5.3,22.7,1.0,4.3,99.0,6717,5223,100.0,77.8
14627170,Niederau,962,734,106,89,172,156,45,131,2350,40.9,31.2,4.5,3.8,7.3,6.6,1.9,5.6,98.1,962,734,106,89,172,156,45,131,2350,40.9,31.2,4.5,3.8,7.3,6.6,1.9,5.6,98.1,3248,2395,100.0,73.7
14627180,"Nossen, Stadt",1958,1964,225,256,448,474,74,269,5594,35.0,35.1,4.0,4.6,8.0,8.5,1.3,4.8,98.7,1958,1964,225,256,448,474,74,269,5594,35.0,35.1,4.0,4.6,8.0,8.5,1.3,4.8,98.7,8673,5668,100.0,65.4
14627190,Nünchritz,1184,997,123,129,356,338,56,167,3294,35.9,30.3,3.7,3.9,10.8,10.3,1.7,5.1,98.3,1184,997,123,129,356,338,56,167,3294,35.9,30.3,3.7,3.9,10.8,10.3,1.7,5.1,98.3,4708,3350,100.0,71.2
14627200,Priestewitz,702,727,67,49,139,92,39,101,1877,37.4,38.7,3.6,2.6,7.4,4.9,2.0,5.4,98.0,702,727,67,49,139,92,39,101,1877,37.4,38.7,3.6,2.6,7.4,4.9,2.0,5.4,98.0,2537,1916,100.0,75.5
14627210,"Radebeul, Stadt",4775,6307,903,2411,1329,3558,196,986,20269,23.6,31.1,4.5,11.9,6.6,17.6,1.0,4.9,99.0,4775,6307,903,2411,1329,3558,196,986,20269,23.6,31.1,4.5,11.9,6.6,17.6,1.0,4.9,99.0,27220,20465,100.0,75.2
14627220,"Radeburg, Stadt",1509,1514,161,258,384,255,49,223,4304,35.1,35.2,3.7,6.0,8.9,5.9,1.1,5.2,98.9,1509,1514,161,258,384,255,49,223,4304,35.1,35.2,3.7,6.0,8.9,5.9,1.1,5.2,98.9,6062,4353,100.0,71.8
14627230,"Riesa, Stadt",5206,4126,871,621,2242,737,241,787,14590,35.7,28.3,6.0,4.3,15.4,5.1,1.6,5.4,98.4,5206,4126,871,621,2242,737,241,787,14590,35.7,28.3,6.0,4.3,15.4,5.1,1.6,5.4,98.4,25424,14831,100.0,58.3
14627240,Röderaue,723,552,58,49,156,107,24,63,1708,42.3,32.3,3.4,2.9,9.1,6.3,1.4,3.7,98.6,723,552,58,49,156,107,24,63,1708,42.3,32.3,3.4,2.9,9.1,6.3,1.4,3.7,98.6,2241,1732,100.0,77.3
14627250,Schönfeld,733,561,60,51,90,94,29,79,1668,43.9,33.6,3.6,3.1,5.4,5.6,1.7,4.7,98.3,733,561,60,51,90,94,29,79,1668,43.9,33.6,3.6,3.1,5.4,5.6,1.7,4.7,98.3,1472,1697,100.0,115.3
14627260,Stauchitz,557,427,90,59,149,56,36,99,1437,38.8,29.7,6.3,4.1,10.4,3.9,2.4,6.9,97.6,557,427,90,59,149,56,36,99,1437,38.8,29.7,6.3,4.1,10.4,3.9,2.4,6.9,97.6,2560,1473,100.0,57.5
14627270,"Strehla, Stadt",778,839,154,92,289,147,41,241,2540,30.6,33.0,6.1,3.6,11.4,5.8,1.6,9.5,98.4,778,839,154,92,289,147,41,241,2540,30.6,33.0,6.1,3.6,11.4,5.8,1.6,9.5,98.4,3115,2581,100.0,82.9
14627290,Thiendorf,864,563,47,65,120,88,29,103,1850,46.7,30.4,2.5,3.5,6.5,4.8,1.5,5.6,98.5,864,563,47,65,120,88,29,103,1850,46.7,30.4,2.5,3.5,6.5,4.8,1.5,5.6,98.5,2949,1879,100.0,63.7
14627310,Weinböhla,2153,2151,296,330,458,573,69,264,6225,34.6,34.6,4.8,5.3,7.4,9.2,1.1,4.2,98.9,2153,2151,296,330,458,573,69,264,6225,34.6,34.6,4.8,5.3,7.4,9.2,1.1,4.2,98.9,8606,6294,100.0,73.1
14627340,Wülknitz,295,261,33,33,57,43,15,27,749,39.4,34.8,4.4,4.4,7.6,5.7,2.0,3.6,98.0,295,261,33,33,57,43,15,27,749,39.4,34.8,4.4,4.4,7.6,5.7,2.0,3.6,98.0,1344,764,100.0,56.8
14627360,Zeithain,1190,752,145,88,328,126,43,379,3008,39.6,25.0,4.8,2.9,10.9,4.2,1.4,12.6,98.6,1190,752,145,88,328,126,43,379,3008,39.6,25.0,4.8,2.9,10.9,4.2,1.4,12.6,98.6,4655,3051,100.0,65.5
14628010,"Altenberg, Stadt",1654,1300,167,161,313,151,60,1048,4794,34.5,27.1,3.5,3.4,6.5,3.1,1.2,21.9,98.8,1654,1300,167,161,313,151,60,1048,4794,34.5,27.1,3.5,3.4,6.5,3.1,1.2,21.9,98.8,6469,4854,100.0,75.0
14628020,"Bad Gottleuba-Berggießhübel, Stadt",1302,965,124,163,316,220,69,255,3345,38.9,28.8,3.7,4.9,9.4,6.6,2.0,7.6,98.0,1302,965,124,163,316,220,69,255,3345,38.9,28.8,3.7,4.9,9.4,6.6,2.0,7.6,98.0,4652,3414,100.0,73.4
14628030,"Bad Schandau, Stadt",973,722,86,113,256,131,41,197,2478,39.3,29.1,3.5,4.6,10.3,5.3,1.6,7.9,98.4,973,722,86,113,256,131,41,197,2478,39.3,29.1,3.5,4.6,10.3,5.3,1.6,7.9,98.4,3057,2519,100.0,82.4
14628040,Bahretal,511,310,44,39,91,58,23,75,1128,45.3,27.5,3.9,3.5,8.1,5.1,2.0,6.6,98.0,511,310,44,39,91,58,23,75,1128,45.3,27.5,3.9,3.5,8.1,5.1,2.0,6.6,98.0,1769,1151,100.0,65.1
14628050,Bannewitz,2148,2280,346,514,511,362,74,611,6772,31.7,33.7,5.1,7.6,7.5,5.3,1.1,9.0,98.9,2148,2280,346,514,511,362,74,611,6772,31.7,33.7,5.1,7.6,7.5,5.3,1.1,9.0,98.9,8964,6846,100.0,76.4
14628060,"Dippoldiswalde, Stadt",2587,2831,262,344,601,323,94,979,7927,32.6,35.7,3.3,4.3,7.6,4.1,1.2,12.4,98.8,2587,2831,262,344,601,323,94,979,7927,32.6,35.7,3.3,4.3,7.6,4.1,1.2,12.4,98.8,11804,8021,100.0,68.0
14628070,Dohma,407,224,46,40,63,61,14,84,925,44.0,24.2,5.0,4.3,6.8,6.6,1.5,9.1,98.5,407,224,46,40,63,61,14,84,925,44.0,24.2,5.0,4.3,6.8,6.6,1.5,9.1,98.5,1594,939,100.0,58.9
14628080,"Dohna, Stadt",1265,1238,228,251,320,182,46,370,3854,32.8,32.1,5.9,6.5,8.3,4.7,1.2,9.6,98.8,1265,1238,228,251,320,182,46,370,3854,32.8,32.1,5.9,6.5,8.3,4.7,1.2,9.6,98.8,5070,3900,100.0,76.9
14628090,Dorfhain,159,271,10,13,46,20,5,34,553,28.8,49.0,1.8,2.4,8.3,3.6,0.9,6.1,99.1,159,271,10,13,46,20,5,34,553,28.8,49.0,1.8,2.4,8.3,3.6,0.9,6.1,99.1,863,558,100.0,64.7
14628100,Dürrröhrsdorf-Dittersbach,892,872,142,140,165,97,33,131,2439,36.6,35.8,5.8,5.7,6.8,4.0,1.3,5.4,98.7,892,872,142,140,165,97,33,131,2439,36.6,35.8,5.8,5.7,6.8,4.0,1.3,5.4,98.7,3466,2472,100.0,71.3
14628110,"Freital, Stadt",6148,7932,954,1138,1648,971,232,1677,20468,30.0,38.8,4.7,5.6,8.1,4.7,1.1,8.2,98.9,6148,7932,954,1138,1648,971,232,1677,20468,30.0,38.8,4.7,5.6,8.1,4.7,1.1,8.2,98.9,32111,20700,100.0,64.5
14628130,"Glashütte, Stadt",1469,1316,161,225,247,177,68,455,4050,36.3,32.5,4.0,5.6,6.1,4.4,1.7,11.2,98.3,1469,1316,161,225,247,177,68,455,4050,36.3,32.5,4.0,5.6,6.1,4.4,1.7,11.2,98.3,5536,4118,100.0,74.4
14628140,Gohrisch,376,275,25,22,73,57,25,38,866,43.4,31.8,2.9,2.5,8.4,6.6,2.8,4.4,97.2,376,275,25,22,73,57,25,38,866,43.4,31.8,2.9,2.5,8.4,6.6,2.8,4.4,97.2,1537,891,100.0,58.0
14628150,Hartmannsdorf-Reichenau,232,206,17,25,20,22,12,43,565,41.1,36.5,3.0,4.4,3.5,3.9,2.1,7.6,97.9,232,206,17,25,20,22,12,43,565,41.1,36.5,3.0,4.4,3.5,3.9,2.1,7.6,97.9,867,577,100.0,66.6
14628160,"Heidenau, Stadt",2867,2297,664,471,915,422,182,586,8222,34.9,27.9,8.1,5.7,11.1,5.1,2.2,7.1,97.8,2867,2297,664,471,915,422,182,586,8222,34.9,27.9,8.1,5.7,11.1,5.1,2.2,7.1,97.8,13430,8404,100.0,62.6
14628170,Hermsdorf/Erzgeb.,114,208,12,6,16,11,6,37,404,28.2,51.5,3.0,1.5,4.0,2.7,1.5,9.2,98.5,114,208,12,6,16,11,6,37,404,28.2,51.5,3.0,1.5,4.0,2.7,1.5,9.2,98.5,646,410,100.0,63.5
14628190,"Hohnstein, Stadt",750,586,81,104,111,66,29,143,1841,40.7,31.8,4.4,5.6,6.0,3.6,1.6,7.8,98.4,750,586,81,104,111,66,29,143,1841,40.7,31.8,4.4,5.6,6.0,3.6,1.6,7.8,98.4,2640,1870,100.0,70.8
14628205,Klingenberg,1391,1455,142,169,298,178,49,362,3995,34.8,36.4,3.6,4.2,7.5,4.5,1.2,9.1,98.8,1391,1455,142,169,298,178,49,362,3995,34.8,36.4,3.6,4.2,7.5,4.5,1.2,9.1,98.8,5384,4044,100.0,75.1
14628210,"Königstein/Sächs. Schw., Stadt",571,753,84,162,144,139,32,198,2051,27.8,36.7,4.1,7.9,7.0,6.8,1.5,9.7,98.5,571,753,84,162,144,139,32,198,2051,27.8,36.7,4.1,7.9,7.0,6.8,1.5,9.7,98.5,1722,2083,100.0,121.0
14628220,Kreischa,925,919,111,194,209,141,25,241,2740,33.8,33.5,4.1,7.1,7.6,5.1,0.9,8.8,99.1,925,919,111,194,209,141,25,241,2740,33.8,33.5,4.1,7.1,7.6,5.1,0.9,8.8,99.1,3620,2765,100.0,76.4
14628230,"Liebstadt, Stadt",256,228,29,29,58,26,8,42,668,38.3,34.1,4.3,4.3,8.7,3.9,1.2,6.3,98.8,256,228,29,29,58,26,8,42,668,38.3,34.1,4.3,4.3,8.7,3.9,1.2,6.3,98.8,1054,676,100.0,64.1
14628240,Lohmen,666,859,68,145,174,80,35,79,2071,32.2,41.5,3.3,7.0,8.4,3.9,1.7,3.8,98.3,666,859,68,145,174,80,35,79,2071,32.2,41.5,3.3,7.0,8.4,3.9,1.7,3.8,98.3,2595,2106,100.0,81.2
14628250,Müglitztal,371,306,49,38,78,31,12,61,934,39.7,32.8,5.2,4.1,8.4,3.3,1.3,6.5,98.7,371,306,49,38,78,31,12,61,934,39.7,32.8,5.2,4.1,8.4,3.3,1.3,6.5,98.7,1598,946,100.0,59.2
14628260,"Neustadt in Sachsen, Stadt",2440,2184,631,273,547,326,111,260,6661,36.6,32.8,9.5,4.1,8.2,4.9,1.6,3.9,98.4,2440,2184,631,273,547,326,111,260,6661,36.6,32.8,9.5,4.1,8.2,4.9,1.6,3.9,98.4,10386,6772,100.0,65.2
14628270,"Pirna, Stadt",6922,5456,826,1409,2384,1641,265,2016,20654,33.5,26.4,4.0,6.8,11.5,7.9,1.3,9.8,98.7,6922,5456,826,1409,2384,1641,265,2016,20654,33.5,26.4,4.0,6.8,11.5,7.9,1.3,9.8,98.7,31550,20919,100.0,66.3
14628300,"Rabenau, Stadt",885,988,98,118,170,110,27,213,2582,34.3,38.3,3.8,4.6,6.6,4.3,1.0,8.2,99.0,885,988,98,118,170,110,27,213,2582,34.3,38.3,3.8,4.6,6.6,4.3,1.0,8.2,99.0,3618,2609,100.0,72.1
14628310,"Rathen, Kurort",50,44,7,8,14,4,3,6,133,37.6,33.1,5.3,6.0,10.5,3.0,2.2,4.5,97.8,50,44,7,8,14,4,3,6,133,37.6,33.1,5.3,6.0,10.5,3.0,2.2,4.5,97.8,296,136,100.0,45.9
14628320,Rathmannsdorf,192,124,17,19,30,22,9,23,427,45.0,29.0,4.0,4.4,7.0,5.2,2.1,5.4,97.9,192,124,17,19,30,22,9,23,427,45.0,29.0,4.0,4.4,7.0,5.2,2.1,5.4,97.9,767,436,100.0,56.8
14628330,Reinhardtsdorf-Schöna,295,247,22,15,44,29,14,56,708,41.7,34.9,3.1,2.1,6.2,4.1,1.9,7.9,98.1,295,247,22,15,44,29,14,56,708,41.7,34.9,3.1,2.1,6.2,4.1,1.9,7.9,98.1,1152,722,100.0,62.7
14628340,Rosenthal-Bielatal,298,250,27,34,90,32,16,55,786,37.9,31.8,3.4,4.3,11.5,4.1,2.0,7.0,98.0,298,250,27,34,90,32,16,55,786,37.9,31.8,3.4,4.3,11.5,4.1,2.0,7.0,98.0,1323,802,100.0,60.6
14628360,"Sebnitz, Stadt",1905,1569,236,241,422,197,115,560,5130,37.1,30.6,4.6,4.7,8.2,3.8,2.2,10.9,97.8,1905,1569,236,241,422,197,115,560,5130,37.1,30.6,4.6,4.7,8.2,3.8,2.2,10.9,97.8,7931,5245,100.0,66.1
14628370,"Stadt Wehlen, Stadt",327,250,27,54,64,36,13,45,803,40.7,31.1,3.4,6.7,8.0,4.5,1.6,5.6,98.4,327,250,27,54,64,36,13,45,803,40.7,31.1,3.4,6.7,8.0,4.5,1.6,5.6,98.4,1315,816,100.0,62.1
14628380,"Stolpen, Stadt",1092,1206,230,151,195,154,49,157,3185,34.3,37.9,7.2,4.7,6.1,4.8,1.5,4.9,98.5,1092,1206,230,151,195,154,49,157,3185,34.3,37.9,7.2,4.7,6.1,4.8,1.5,4.9,98.5,4543,3234,100.0,71.2
14628390,Struppen,481,399,47,65,93,52,19,96,1233,39.0,32.4,3.8,5.3,7.5,4.2,1.5,7.8,98.5,481,399,47,65,93,52,19,96,1233,39.0,32.4,3.8,5.3,7.5,4.2,1.5,7.8,98.5,2100,1252,100.0,59.6
14628400,"Tharandt, Stadt",950,1292,152,274,293,161,39,261,3383,28.1,38.2,4.5,8.1,8.7,4.8,1.1,7.7,98.9,950,1292,152,274,293,161,39,261,3383,28.1,38.2,4.5,8.1,8.7,4.8,1.1,7.7,98.9,4336,3422,100.0,78.9
14628410,"Wilsdruff, Stadt",2644,3212,371,354,690,303,93,778,8352,31.7,38.5,4.4,4.2,8.3,3.6,1.1,9.3,98.9,2644,3212,371,354,690,303,93,778,8352,31.7,38.5,4.4,4.2,8.3,3.6,1.1,9.3,98.9,11462,8445,100.0,73.7
147130001,Leipzig 1,8760,12481,1768,5995,5348,3877,453,1884,40113,21.8,31.1,4.4,14.9,13.3,9.7,1.1,4.7,98.9,8760,12481,1768,5995,5348,3877,453,1884,40113,21.8,31.1,4.4,14.9,13.3,9.7,1.1,4.7,98.9,64594,40566,100.0,62.8
147130002,Leipzig 2,6047,9660,1354,8655,12551,4395,414,3128,45790,13.2,21.1,3.0,18.9,27.4,9.6,0.9,6.8,99.1,6047,9660,1354,8655,12551,4395,414,3128,45790,13.2,21.1,3.0,18.9,27.4,9.6,0.9,6.8,99.1,64003,46204,100.0,72.2
147130003,Leipzig 3,9945,10720,1517,3160,7840,3001,580,1661,37844,26.3,28.3,4.0,8.4,20.7,7.9,1.5,4.4,98.5,9945,10720,1517,3160,7840,3001,580,1661,37844,26.3,28.3,4.0,8.4,20.7,7.9,1.5,4.4,98.5,65204,38424,100.0,58.9
147130004,Leipzig 4,6298,8813,1650,11847,10741,3072,423,1623,44044,14.3,20.0,3.7,26.9,24.4,7.0,1.0,3.7,99.0,6298,8813,1650,11847,10741,3072,423,1623,44044,14.3,20.0,3.7,26.9,24.4,7.0,1.0,3.7,99.0,65387,44467,100.0,68.0
147130005,Leipzig 5,4557,9160,2029,12892,8162,4748,289,2838,44386,10.3,20.6,4.6,29.0,18.4,10.7,0.6,6.4,99.4,4557,9160,2029,12892,8162,4748,289,2838,44386,10.3,20.6,4.6,29.0,18.4,10.7,0.6,6.4,99.4,63414,44675,100.0,70.4
147130006,Leipzig 6,8354,11506,2190,6217,7080,5026,471,2133,42506,19.7,27.1,5.2,14.6,16.7,11.8,1.1,5.0,98.9,8354,11506,2190,6217,7080,5026,471,2133,42506,19.7,27.1,5.2,14.6,16.7,11.8,1.1,5.0,98.9,67487,42977,100.0,63.7
147130007,Leipzig 7,7886,9363,1082,4483,7667,3083,366,2030,35594,22.2,26.3,3.0,12.6,21.5,8.7,1.0,5.7,99.0,7886,9363,1082,4483,7667,3083,366,2030,35594,22.2,26.3,3.0,12.6,21.5,8.7,1.0,5.7,99.0,60689,35960,100.0,59.3
14729010,"Bad Lausick, Stadt",1283,1468,120,223,434,317,48,659,4504,28.5,32.6,2.7,5.0,9.6,7.0,1.1,14.6,98.9,1283,1468,120,223,434,317,48,659,4504,28.5,32.6,2.7,5.0,9.6,7.0,1.1,14.6,98.9,6726,4552,100.0,67.7
14729020,Belgershain,431,543,46,95,163,86,19,172,1536,28.1,35.4,3.0,6.2,10.6,5.6,1.2,11.2,98.8,431,543,46,95,163,86,19,172,1536,28.1,35.4,3.0,6.2,10.6,5.6,1.2,11.2,98.8,2726,1555,100.0,57.0
14729030,Bennewitz,801,979,80,155,402,165,32,262,2844,28.2,34.4,2.8,5.5,14.1,5.8,1.1,9.2,98.9,801,979,80,155,402,165,32,262,2844,28.2,34.4,2.8,5.5,14.1,5.8,1.1,9.2,98.9,4177,2876,100.0,68.9
14729040,"Böhlen, Stadt",919,783,139,170,340,633,37,155,3139,29.3,24.9,4.4,5.4,10.8,20.2,1.2,4.9,98.8,919,783,139,170,340,633,37,155,3139,29.3,24.9,4.4,5.4,10.8,20.2,1.2,4.9,98.8,5462,3176,100.0,58.1
14729050,"Borna, Stadt",2758,2666,256,347,1184,1181,124,408,8800,31.3,30.3,2.9,3.9,13.5,13.4,1.4,4.6,98.6,2758,2666,256,347,1184,1181,124,408,8800,31.3,30.3,2.9,3.9,13.5,13.4,1.4,4.6,98.6,15882,8924,100.0,56.2
14729060,Borsdorf,1087,1614,218,265,471,650,58,333,4638,23.4,34.8,4.7,5.7,10.2,14.0,1.2,7.2,98.8,1087,1614,218,265,471,650,58,333,4638,23.4,34.8,4.7,5.7,10.2,14.0,1.2,7.2,98.8,6792,4696,100.0,69.1
14729070,"Brandis, Stadt",1508,1298,159,343,555,418,69,975,5256,28.7,24.7,3.0,6.5,10.6,8.0,1.3,18.6,98.7,1508,1298,159,343,555,418,69,975,5256,28.7,24.7,3.0,6.5,10.6,8.0,1.3,18.6,98.7,7862,5325,100.0,67.7
14729080,"Colditz, Stadt",1224,939,97,104,360,156,66,1568,4448,27.5,21.1,2.2,2.3,8.1,3.5,1.5,35.3,98.5,1224,939,97,104,360,156,66,1568,4448,27.5,21.1,2.2,2.3,8.1,3.5,1.5,35.3,98.5,7076,4514,100.0,63.8
14729100,Elstertrebnitz,178,222,18,23,41,66,12,28,576,30.9,38.5,3.1,4.0,7.1,11.5,2.0,4.9,98.0,178,222,18,23,41,66,12,28,576,30.9,38.5,3.1,4.0,7.1,11.5,2.0,4.9,98.0,1053,588,100.0,55.8
14729140,"Frohburg, Stadt",1913,2984,249,256,604,498,87,409,6913,27.7,43.2,3.6,3.7,8.7,7.2,1.2,5.9,98.8,1913,2984,249,256,604,498,87,409,6913,27.7,43.2,3.6,3.7,8.7,7.2,1.2,5.9,98.8,10546,7000,100.0,66.4
14729150,"Geithain, Stadt",992,1312,153,182,427,333,52,215,3614,27.4,36.3,4.2,5.0,11.8,9.2,1.4,5.9,98.6,992,1312,153,182,427,333,52,215,3614,27.4,36.3,4.2,5.0,11.8,9.2,1.4,5.9,98.6,5797,3666,100.0,63.2
14729160,"Grimma, Stadt",4535,4051,456,627,1653,1007,232,2038,14367,31.6,28.2,3.2,4.4,11.5,7.0,1.6,14.2,98.4,4535,4051,456,627,1653,1007,232,2038,14367,31.6,28.2,3.2,4.4,11.5,7.0,1.6,14.2,98.4,23234,14599,100.0,62.8
14729170,"Groitzsch, Stadt",976,1445,191,210,322,605,52,194,3943,24.8,36.6,4.8,5.3,8.2,15.3,1.3,4.9,98.7,976,1445,191,210,322,605,52,194,3943,24.8,36.6,4.8,5.3,8.2,15.3,1.3,4.9,98.7,6309,3995,100.0,63.3
14729190,Großpösna,879,1110,163,319,374,303,33,176,3324,26.4,33.4,4.9,9.6,11.3,9.1,1.0,5.3,99.0,879,1110,163,319,374,303,33,176,3324,26.4,33.4,4.9,9.6,11.3,9.1,1.0,5.3,99.0,4410,3357,100.0,76.1
14729220,"Kitzscher, Stadt",772,742,74,82,285,236,33,237,2428,31.8,30.6,3.0,3.4,11.7,9.7,1.3,9.8,98.7,772,742,74,82,285,236,33,237,2428,31.8,30.6,3.0,3.4,11.7,9.7,1.3,9.8,98.7,4158,2461,100.0,59.2
14729245,Lossatal,1041,1179,97,119,354,210,44,358,3358,31.0,35.1,2.9,3.5,10.5,6.3,1.3,10.7,98.7,1041,1179,97,119,354,210,44,358,3358,31.0,35.1,2.9,3.5,10.5,6.3,1.3,10.7,98.7,5073,3402,100.0,67.1
14729250,Machern,865,1192,128,256,401,270,36,599,3711,23.3,32.1,3.4,6.9,10.8,7.3,1.0,16.1,99.0,865,1192,128,256,401,270,36,599,3711,23.3,32.1,3.4,6.9,10.8,7.3,1.0,16.1,99.0,5443,3747,100.0,68.8
14729260,"Markkleeberg, Stadt",2577,4797,792,1310,1306,2678,129,449,13909,18.5,34.5,5.7,9.4,9.4,19.3,0.9,3.2,99.1,2577,4797,792,1310,1306,2678,129,449,13909,18.5,34.5,5.7,9.4,9.4,19.3,0.9,3.2,99.1,20048,14038,100.0,70.0
14729270,"Markranstädt, Stadt",2269,2737,325,701,733,1256,100,453,8474,26.8,32.3,3.8,8.3,8.6,14.8,1.2,5.3,98.8,2269,2737,325,701,733,1256,100,453,8474,26.8,32.3,3.8,8.3,8.6,14.8,1.2,5.3,98.8,13053,8574,100.0,65.7
14729300,"Naunhof, Stadt",1567,1949,259,482,663,377,66,394,5691,27.5,34.2,4.6,8.5,11.6,6.6,1.1,6.9,98.9,1567,1949,259,482,663,377,66,394,5691,27.5,34.2,4.6,8.5,11.6,6.6,1.1,6.9,98.9,7186,5757,100.0,80.1
14729320,Neukieritzsch,1129,1217,118,173,375,367,79,188,3567,31.7,34.1,3.3,4.9,10.5,10.3,2.2,5.3,97.8,1129,1217,118,173,375,367,79,188,3567,31.7,34.1,3.3,4.9,10.5,10.3,2.2,5.3,97.8,5798,3646,100.0,62.9
14729330,Otterwisch,229,207,20,31,68,40,13,70,665,34.4,31.1,3.0,4.7,10.2,6.0,1.9,10.5,98.1,229,207,20,31,68,40,13,70,665,34.4,31.1,3.0,4.7,10.2,6.0,1.9,10.5,98.1,1120,678,100.0,60.5
14729340,Parthenstein,561,571,90,84,159,91,34,171,1727,32.5,33.1,5.2,4.9,9.2,5.3,1.9,9.9,98.1,561,571,90,84,159,91,34,171,1727,32.5,33.1,5.2,4.9,9.2,5.3,1.9,9.9,98.1,2931,1761,100.0,60.1
14729350,"Pegau, Stadt",921,1124,140,175,297,547,43,256,3460,26.6,32.5,4.0,5.1,8.6,15.8,1.2,7.4,98.8,921,1124,140,175,297,547,43,256,3460,26.6,32.5,4.0,5.1,8.6,15.8,1.2,7.4,98.8,5344,3503,100.0,65.6
14729360,"Regis-Breitingen, Stadt",620,571,72,60,185,193,26,132,1833,33.8,31.2,3.9,3.3,10.1,10.5,1.4,7.2,98.6,620,571,72,60,185,193,26,132,1833,33.8,31.2,3.9,3.3,10.1,10.5,1.4,7.2,98.6,3282,1859,100.0,56.6
14729370,"Rötha, Stadt",787,1050,140,222,384,319,54,188,3090,25.5,34.0,4.5,7.2,12.4,10.3,1.7,6.1,98.3,787,1050,140,222,384,319,54,188,3090,25.5,34.0,4.5,7.2,12.4,10.3,1.7,6.1,98.3,4942,3144,100.0,63.6
14729380,Thallwitz,683,719,61,70,192,116,40,185,2026,33.7,35.5,3.0,3.5,9.5,5.7,1.9,9.1,98.1,683,719,61,70,192,116,40,185,2026,33.7,35.5,3.0,3.5,9.5,5.7,1.9,9.1,98.1,2939,2066,100.0,70.3
14729400,"Trebsen/Mulde, Stadt",671,655,66,78,242,174,32,189,2075,32.3,31.6,3.2,3.8,11.7,8.4,1.5,9.1,98.5,671,655,66,78,242,174,32,189,2075,32.3,31.6,3.2,3.8,11.7,8.4,1.5,9.1,98.5,3174,2107,100.0,66.4
14729410,"Wurzen, Stadt",2569,2604,198,286,993,544,111,681,7875,32.6,33.1,2.5,3.6,12.6,6.9,1.4,8.6,98.6,2569,2604,198,286,993,544,111,681,7875,32.6,33.1,2.5,3.6,12.6,6.9,1.4,8.6,98.6,13460,7986,100.0,59.3
14729430,"Zwenkau, Stadt",1126,1578,204,244,400,581,59,837,4970,22.7,31.8,4.1,4.9,8.0,11.7,1.2,16.8,98.8,1126,1578,204,244,400,581,59,837,4970,22.7,31.8,4.1,4.9,8.0,11.7,1.2,16.8,98.8,7522,5029,100.0,66.9
14730010,Arzberg,283,234,36,20,90,40,25,57,760,37.2,30.8,4.7,2.6,11.8,5.3,3.2,7.5,96.8,283,234,36,20,90,40,25,57,760,37.2,30.8,4.7,2.6,11.8,5.3,3.2,7.5,96.8,1588,785,100.0,49.4
14730020,"Bad Düben, Stadt",1015,1429,103,183,503,262,46,247,3742,27.1,38.2,2.8,4.9,13.4,7.0,1.2,6.6,98.8,1015,1429,103,183,503,262,46,247,3742,27.1,38.2,2.8,4.9,13.4,7.0,1.2,6.6,98.8,6469,3788,100.0,58.6
14730030,Beilrode,777,691,81,55,274,140,37,149,2167,35.9,31.9,3.7,2.5,12.6,6.5,1.7,6.9,98.3,777,691,81,55,274,140,37,149,2167,35.9,31.9,3.7,2.5,12.6,6.5,1.7,6.9,98.3,3405,2204,100.0,64.7
14730045,"Belgern-Schildau, Stadt",1440,1230,126,158,343,270,54,326,3893,37.0,31.6,3.2,4.1,8.8,6.9,1.4,8.4,98.6,1440,1230,126,158,343,270,54,326,3893,37.0,31.6,3.2,4.1,8.8,6.9,1.4,8.4,98.6,6445,3947,100.0,61.2
14730050,Cavertitz,469,454,49,37,109,105,17,84,1307,35.9,34.7,3.7,2.8,8.3,8.0,1.3,6.4,98.7,469,454,49,37,109,105,17,84,1307,35.9,34.7,3.7,2.8,8.3,8.0,1.3,6.4,98.7,1807,1324,100.0,73.3
14730060,"Dahlen, Stadt",648,773,87,112,212,236,40,149,2217,29.2,34.9,3.9,5.1,9.6,10.6,1.8,6.7,98.2,648,773,87,112,212,236,40,149,2217,29.2,34.9,3.9,5.1,9.6,10.6,1.8,6.7,98.2,3571,2257,100.0,63.2
14730070,"Delitzsch, Stadt",2922,3958,350,660,1620,1001,152,785,11296,25.9,35.0,3.1,5.8,14.3,8.9,1.3,6.9,98.7,2922,3958,350,660,1620,1001,152,785,11296,25.9,35.0,3.1,5.8,14.3,8.9,1.3,6.9,98.7,20718,11448,100.0,55.3
14730080,Doberschütz,820,779,120,99,217,184,44,173,2392,34.3,32.6,5.0,4.1,9.1,7.7,1.8,7.2,98.2,820,779,120,99,217,184,44,173,2392,34.3,32.6,5.0,4.1,9.1,7.7,1.8,7.2,98.2,3409,2436,100.0,71.5
14730090,"Dommitzsch, Stadt",433,426,165,47,135,81,18,65,1352,32.0,31.5,12.2,3.5,10.0,6.0,1.3,4.8,98.7,433,426,165,47,135,81,18,65,1352,32.0,31.5,12.2,3.5,10.0,6.0,1.3,4.8,98.7,2113,1370,100.0,64.8
14730100,Dreiheide,399,368,58,36,83,65,16,76,1085,36.8,33.9,5.3,3.3,7.6,6.0,1.5,7.0,98.5,399,368,58,36,83,65,16,76,1085,36.8,33.9,5.3,3.3,7.6,6.0,1.5,7.0,98.5,1746,1101,100.0,63.1
14730110,"Eilenburg, Stadt",2278,2146,215,342,751,718,108,621,7071,32.2,30.3,3.0,4.8,10.6,10.2,1.5,8.8,98.5,2278,2146,215,342,751,718,108,621,7071,32.2,30.3,3.0,4.8,10.6,10.2,1.5,8.8,98.5,12729,7179,100.0,56.4
14730120,Elsnig,190,157,168,25,50,36,8,24,650,29.2,24.2,25.8,3.8,7.7,5.5,1.2,3.7,98.8,190,157,168,25,50,36,8,24,650,29.2,24.2,25.8,3.8,7.7,5.5,1.2,3.7,98.8,1173,658,100.0,56.1
14730140,Jesewitz,494,628,67,109,186,137,28,153,1774,27.8,35.4,3.8,6.1,10.5,7.7,1.6,8.6,98.4,494,628,67,109,186,137,28,153,1774,27.8,35.4,3.8,6.1,10.5,7.7,1.6,8.6,98.4,2528,1802,100.0,71.3
14730150,Krostitz,740,1166,118,139,222,175,69,89,2649,27.9,44.0,4.5,5.2,8.4,6.6,2.5,3.4,97.5,740,1166,118,139,222,175,69,89,2649,27.9,44.0,4.5,5.2,8.4,6.6,2.5,3.4,97.5,3231,2718,100.0,84.1
14730160,Laußig,747,755,86,61,142,126,28,111,2028,36.8,37.2,4.2,3.0,7.0,6.2,1.4,5.5,98.6,747,755,86,61,142,126,28,111,2028,36.8,37.2,4.2,3.0,7.0,6.2,1.4,5.5,98.6,3122,2056,100.0,65.9
14730170,Liebschützberg,611,652,67,56,114,145,23,96,1741,35.1,37.4,3.8,3.2,6.5,8.3,1.3,5.5,98.7,611,652,67,56,114,145,23,96,1741,35.1,37.4,3.8,3.2,6.5,8.3,1.3,5.5,98.7,2466,1764,100.0,71.5
14730180,Löbnitz,311,482,27,28,125,95,15,39,1107,28.1,43.5,2.4,2.5,11.3,8.6,1.3,3.5,98.7,311,482,27,28,125,95,15,39,1107,28.1,43.5,2.4,2.5,11.3,8.6,1.3,3.5,98.7,1706,1122,100.0,65.8
14730190,Mockrehna,1064,819,107,71,196,177,49,214,2648,40.2,30.9,4.0,2.7,7.4,6.7,1.8,8.1,98.2,1064,819,107,71,196,177,49,214,2648,40.2,30.9,4.0,2.7,7.4,6.7,1.8,8.1,98.2,4038,2697,100.0,66.8
14730200,"Mügeln, Stadt",919,760,68,94,220,807,47,165,3033,30.3,25.1,2.2,3.1,7.3,26.6,1.5,5.4,98.5,919,760,68,94,220,807,47,165,3033,30.3,25.1,2.2,3.1,7.3,26.6,1.5,5.4,98.5,4965,3080,100.0,62.0
14730210,Naundorf,422,439,38,62,112,164,20,122,1359,31.1,32.3,2.8,4.6,8.2,12.1,1.5,9.0,98.5,422,439,38,62,112,164,20,122,1359,31.1,32.3,2.8,4.6,8.2,12.1,1.5,9.0,98.5,1900,1379,100.0,72.6
14730230,"Oschatz, Stadt",2211,2137,183,367,776,763,107,430,6867,32.2,31.1,2.7,5.3,11.3,11.1,1.5,6.3,98.5,2211,2137,183,367,776,763,107,430,6867,32.2,31.1,2.7,5.3,11.3,11.1,1.5,6.3,98.5,11970,6974,100.0,58.3
14730250,Rackwitz,769,902,80,153,302,186,25,106,2498,30.8,36.1,3.2,6.1,12.1,7.4,1.0,4.2,99.0,769,902,80,153,302,186,25,106,2498,30.8,36.1,3.2,6.1,12.1,7.4,1.0,4.2,99.0,3962,2523,100.0,63.7
14730270,"Schkeuditz, Stadt",2542,2625,404,558,913,600,102,525,8167,31.1,32.1,4.9,6.8,11.2,7.3,1.2,6.4,98.8,2542,2625,404,558,913,600,102,525,8167,31.1,32.1,4.9,6.8,11.2,7.3,1.2,6.4,98.8,14402,8269,100.0,57.4
14730280,Schönwölkau,401,394,53,43,116,80,26,55,1142,35.1,34.5,4.6,3.8,10.2,7.0,2.2,4.8,97.8,401,394,53,43,116,80,26,55,1142,35.1,34.5,4.6,3.8,10.2,7.0,2.2,4.8,97.8,2080,1168,100.0,56.2
14730300,"Taucha, Stadt",2071,3019,460,740,767,685,79,387,8129,25.5,37.1,5.7,9.1,9.4,8.4,1.0,4.8,99.0,2071,3019,460,740,767,685,79,387,8129,25.5,37.1,5.7,9.1,9.4,8.4,1.0,4.8,99.0,12825,8208,100.0,64.0
14730310,"Torgau, Stadt",2925,2789,300,373,1237,693,149,599,8916,32.8,31.3,3.4,4.2,13.9,7.8,1.6,6.7,98.4,2925,2789,300,373,1237,693,149,599,8916,32.8,31.3,3.4,4.2,13.9,7.8,1.6,6.7,98.4,15808,9065,100.0,57.3
14730320,Trossin,191,226,27,21,58,38,9,47,608,31.4,37.2,4.4,3.5,9.5,6.3,1.5,7.7,98.5,191,226,27,21,58,38,9,47,608,31.4,37.2,4.4,3.5,9.5,6.3,1.5,7.7,98.5,1061,617,100.0,58.2
14730330,Wermsdorf,962,937,71,168,242,395,51,155,2930,32.8,32.0,2.4,5.7,8.3,13.5,1.7,5.3,98.3,962,937,71,168,242,395,51,155,2930,32.8,32.0,2.4,5.7,8.3,13.5,1.7,5.3,98.3,4350,2981,100.0,68.5
14730340,Wiedemar,762,852,103,100,311,190,31,117,2435,31.3,35.0,4.2,4.1,12.8,7.8,1.3,4.8,98.7,762,852,103,100,311,190,31,117,2435,31.3,35.0,4.2,4.1,12.8,7.8,1.3,4.8,98.7,4260,2466,100.0,57.9
14730360,Zschepplin,447,517,55,96,107,105,23,100,1427,31.3,36.2,3.9,6.7,7.5,7.4,1.6,7.0,98.4,447,517,55,96,107,105,23,100,1427,31.3,36.2,3.9,6.7,7.5,7.4,1.6,7.0,98.4,2308,1450,100.0,62.8
