<?xml version="1.0" encoding="UTF-8" ?><Wahlergebnis Wahlkurzname="BW21 Sachsen"><Gebietsergebnis Gebietsart="LAND" KreisNr="14" KreisName="Sachsen" Stand="421 von 421 Gemeinden" ><Gruppenergebnis Position="WB"><Stimmergebnis Stimmart="KEINE" Stimmen="3292632"/></Gruppenergebnis><Gruppenergebnis Position="WAE"><Stimmergebnis Stimmart="KEINE" Stimmen="2291024" Anteil="69.6"/></Gruppenergebnis><Gruppenergebnis Position="UNG"><Stimmergebnis Stimmart="DIREKT" Stimmen="29880" Anteil="1.3"/><Stimmergebnis Stimmart="LISTE" Stimmen="28590" Anteil="1.2"/></Gruppenergebnis><Gruppenergebnis Position="GUE"><Stimmergebnis Stimmart="DIREKT" Stimmen="2261144" Anteil="98.7"/><Stimmergebnis Stimmart="LISTE" Stimmen="2262434" Anteil="98.8"/></Gruppenergebnis><Gruppenergebnis Position="1" NrIntern="1" ><Stimmergebnis Stimmart="DIREKT" Stimmen="514186" Anteil="22.7"/><Stimmergebnis Stimmart="LISTE" Stimmen="520867" Anteil="23.0"/></Gruppenergebnis> <Gruppenergebnis Position="2" NrIntern="2" ><Stimmergebnis Stimmart="DIREKT" Stimmen="311149" Anteil="13.8"/><Stimmergebnis Stimmart="LISTE" Stimmen="310578" Anteil="13.7"/></Gruppenergebnis> <Gruppenergebnis Position="3" NrIntern="3" ><Stimmergebnis Stimmart="DIREKT" Stimmen="282431" Anteil="12.5"/><Stimmergebnis Stimmart="LISTE" Stimmen="281810" Anteil="12.5"/></Gruppenergebnis> <Gruppenergebnis Position="4" NrIntern="4" ><Stimmergebnis Stimmart="DIREKT" Stimmen="525109" Anteil="23.2"/><Stimmergebnis Stimmart="LISTE" Stimmen="525597" Anteil="23.2"/></Gruppenergebnis> <Gruppenergebnis Position="5" NrIntern="5" ><Stimmergebnis Stimmart="DIREKT" Stimmen="153020" Anteil="6.8"/><Stimmergebnis Stimmart="LISTE" Stimmen="176826" Anteil="7.8"/></Gruppenergebnis> <Gruppenergebnis Position="6" NrIntern="6" ><Stimmergebnis Stimmart="DIREKT" Stimmen="138346" Anteil="6.1"/><Stimmergebnis Stimmart="LISTE" Stimmen="135435" Anteil="6.0"/></Gruppenergebnis> <Gruppenergebnis Position="7" NrIntern="7" ><Stimmergebnis Stimmart="LISTE" Stimmen="35953" Anteil="1.6"/></Gruppenergebnis> <Gruppenergebnis Position="8" NrIntern="8" ><Stimmergebnis Stimmart="DIREKT" Stimmen="109813" Anteil="4.9"/><Stimmergebnis Stimmart="LISTE" Stimmen="31898" Anteil="1.4"/></Gruppenergebnis> <Gruppenergebnis Position="9" NrIntern="9" ><Stimmergebnis Stimmart="LISTE" Stimmen="26874" Anteil="1.2"/></Gruppenergebnis> <Gruppenergebnis Position="10" NrIntern="10" ><Stimmergebnis Stimmart="DIREKT" Stimmen="68060" Anteil="3.0"/><Stimmergebnis Stimmart="LISTE" Stimmen="30749" Anteil="1.4"/></Gruppenergebnis> <Gruppenergebnis Position="11" NrIntern="11" ><Stimmergebnis Stimmart="DIREKT" Stimmen="4583" Anteil="0.2"/><Stimmergebnis Stimmart="LISTE" Stimmen="10682" Anteil="0.5"/></Gruppenergebnis> <Gruppenergebnis Position="12" NrIntern="12" ><Stimmergebnis Stimmart="DIREKT" Stimmen="66941" Anteil="3.0"/><Stimmergebnis Stimmart="LISTE" Stimmen="7658" Anteil="0.3"/></Gruppenergebnis> <Gruppenergebnis Position="13" NrIntern="13" ><Stimmergebnis Stimmart="DIREKT" Stimmen="4612" Anteil="0.2"/><Stimmergebnis Stimmart="LISTE" Stimmen="5137" Anteil="0.2"/></Gruppenergebnis> <Gruppenergebnis Position="14" NrIntern="14" ><Stimmergebnis Stimmart="DIREKT" Stimmen="11916" Anteil="0.5"/><Stimmergebnis Stimmart="LISTE" Stimmen="130234" Anteil="5.8"/></Gruppenergebnis> <Gruppenergebnis Position="15" NrIntern="15" ><Stimmergebnis Stimmart="DIREKT" Stimmen="47123" Anteil="2.1"/><Stimmergebnis Stimmart="LISTE" Stimmen="17576" Anteil="0.8"/></Gruppenergebnis> <Gruppenergebnis Position="16" NrIntern="16" ><Stimmergebnis Stimmart="DIREKT" Stimmen="58" Anteil="0.0"/><Stimmergebnis Stimmart="LISTE" Stimmen="3756" Anteil="0.2"/></Gruppenergebnis> <Gruppenergebnis Position="17" NrIntern="17" ><Stimmergebnis Stimmart="DIREKT" Stimmen="694" Anteil="0.0"/><Stimmergebnis Stimmart="LISTE" Stimmen="2337" Anteil="0.1"/></Gruppenergebnis> <Gruppenergebnis Position="18" NrIntern="18" ><Stimmergebnis Stimmart="LISTE" Stimmen="1986" Anteil="0.1"/></Gruppenergebnis> <Gruppenergebnis Position="19" NrIntern="19" ><Stimmergebnis Stimmart="DIREKT" Stimmen="2037" Anteil="0.1"/><Stimmergebnis Stimmart="LISTE" Stimmen="1607" Anteil="0.1"/></Gruppenergebnis> <Gruppenergebnis Position="20" NrIntern="20" ><Stimmergebnis Stimmart="DIREKT" Stimmen="247" Anteil="0.0"/><Stimmergebnis Stimmart="LISTE" Stimmen="1478" Anteil="0.1"/></Gruppenergebnis> <Gruppenergebnis Position="21" NrIntern="21" ><Stimmergebnis Stimmart="LISTE" Stimmen="1383" Anteil="0.1"/></Gruppenergebnis> <Gruppenergebnis Position="22" NrIntern="22" ><Stimmergebnis Stimmart="LISTE" Stimmen="2013" Anteil="0.1"/></Gruppenergebnis> <Gruppenergebnis Position="23" NrIntern="23" ><Stimmergebnis Stimmart="DIREKT" Stimmen="85" Anteil="0.0"/></Gruppenergebnis> <Gruppenergebnis Position="24" NrIntern="24" ><Stimmergebnis Stimmart="DIREKT" Stimmen="0" Anteil="0.0"/></Gruppenergebnis> <Gruppenergebnis Position="25" NrIntern="25" ><Stimmergebnis Stimmart="DIREKT" Stimmen="212" Anteil="0.0"/></Gruppenergebnis> <Gruppenergebnis Position="26" NrIntern="26" ><Stimmergebnis Stimmart="DIREKT" Stimmen="1" Anteil="0.0"/></Gruppenergebnis> <Gruppenergebnis Position="27" NrIntern="27" ><Stimmergebnis Stimmart="DIREKT" Stimmen="93" Anteil="0.0"/></Gruppenergebnis> <Gruppenergebnis Position="28" NrIntern="28" ><Stimmergebnis Stimmart="DIREKT" Stimmen="624" Anteil="0.0"/></Gruppenergebnis> <Gruppenergebnis Position="29" NrIntern="29" ><Stimmergebnis Stimmart="DIREKT" Stimmen="22" Anteil="0.0"/></Gruppenergebnis> <Gruppenergebnis Position="30" NrIntern="30" ><Stimmergebnis Stimmart="DIREKT" Stimmen="1031" Anteil="0.0"/></Gruppenergebnis> <Gruppenergebnis Position="31" NrIntern="31" ><Stimmergebnis Stimmart="DIREKT" Stimmen="990" Anteil="0.0"/></Gruppenergebnis> <Gruppenergebnis Position="32" NrIntern="32" ><Stimmergebnis Stimmart="DIREKT" Stimmen="0" Anteil="0.0"/></Gruppenergebnis> <Gruppenergebnis Position="33" NrIntern="33" ><Stimmergebnis Stimmart="DIREKT" Stimmen="5181" Anteil="0.2"/></Gruppenergebnis> <Gruppenergebnis Position="34" NrIntern="34" ><Stimmergebnis Stimmart="DIREKT" Stimmen="2542" Anteil="0.1"/></Gruppenergebnis> <Gruppenergebnis Position="35" NrIntern="35" ><Stimmergebnis Stimmart="DIREKT" Stimmen="0" Anteil="0.0"/></Gruppenergebnis> <Gruppenergebnis Position="36" NrIntern="36" ><Stimmergebnis Stimmart="DIREKT" Stimmen="116" Anteil="0.0"/></Gruppenergebnis> <Gruppenergebnis Position="37" NrIntern="37" ><Stimmergebnis Stimmart="DIREKT" Stimmen="1045" Anteil="0.0"/></Gruppenergebnis> <Gruppenergebnis Position="38" NrIntern="38" ><Stimmergebnis Stimmart="DIREKT" Stimmen="6774" Anteil="0.3"/></Gruppenergebnis> <Gruppenergebnis Position="39" NrIntern="39" ><Stimmergebnis Stimmart="DIREKT" Stimmen="0" Anteil="0.0"/></Gruppenergebnis> <Gruppenergebnis Position="40" NrIntern="40" ><Stimmergebnis Stimmart="DIREKT" Stimmen="39" Anteil="0.0"/></Gruppenergebnis> <Gruppenergebnis Position="41" NrIntern="41" ><Stimmergebnis Stimmart="DIREKT" Stimmen="0" Anteil="0.0"/></Gruppenergebnis> <Gruppenergebnis Position="42" NrIntern="42" ><Stimmergebnis Stimmart="DIREKT" Stimmen="0" Anteil="0.0"/></Gruppenergebnis> <Gruppenergebnis Position="43" NrIntern="43" ><Stimmergebnis Stimmart="DIREKT" Stimmen="0" Anteil="0.0"/></Gruppenergebnis> <Gruppenergebnis Position="44" NrIntern="44" ><Stimmergebnis Stimmart="DIREKT" Stimmen="1035" Anteil="0.0"/></Gruppenergebnis> <Gruppenergebnis Position="45" NrIntern="45" ><Stimmergebnis Stimmart="DIREKT" Stimmen="1029" Anteil="0.0"/></Gruppenergebnis> </Gebietsergebnis>   </Wahlergebnis>