<?xml version="1.0" encoding="UTF-8" ?><Wahlergebnis Wahlkurzname="BW21 Sachsen"><Gebietsergebnis Gebietsart="KREIS" KreisNr="151" KreisName="Nordsachsen" Stand="30 von 30 Gemeinden" ><Gruppenergebnis Position="WB"><Stimmergebnis Stimmart="KEINE" Stimmen="165775"/></Gruppenergebnis><Gruppenergebnis Position="WAE"><Stimmergebnis Stimmart="KEINE" Stimmen="115782" Anteil="69.8"/></Gruppenergebnis><Gruppenergebnis Position="UNG"><Stimmergebnis Stimmart="DIREKT" Stimmen="1168" Anteil="1.0"/><Stimmergebnis Stimmart="LISTE" Stimmen="1205" Anteil="1.0"/></Gruppenergebnis><Gruppenergebnis Position="GUE"><Stimmergebnis Stimmart="DIREKT" Stimmen="114614" Anteil="99.0"/><Stimmergebnis Stimmart="LISTE" Stimmen="114577" Anteil="99.0"/></Gruppenergebnis><Gruppenergebnis Position="1" NrIntern="1" ><Stimmergebnis Stimmart="DIREKT" Stimmen="28561" Anteil="24.9"/><Stimmergebnis Stimmart="LISTE" Stimmen="28611" Anteil="25.0"/></Gruppenergebnis> <Gruppenergebnis Position="2" NrIntern="2" ><Stimmergebnis Stimmart="DIREKT" Stimmen="14380" Anteil="12.5"/><Stimmergebnis Stimmart="LISTE" Stimmen="14289" Anteil="12.5"/></Gruppenergebnis> <Gruppenergebnis Position="3" NrIntern="3" ><Stimmergebnis Stimmart="DIREKT" Stimmen="14389" Anteil="12.6"/><Stimmergebnis Stimmart="LISTE" Stimmen="14345" Anteil="12.5"/></Gruppenergebnis> <Gruppenergebnis Position="4" NrIntern="4" ><Stimmergebnis Stimmart="DIREKT" Stimmen="28609" Anteil="25.0"/><Stimmergebnis Stimmart="LISTE" Stimmen="28632" Anteil="25.0"/></Gruppenergebnis> <Gruppenergebnis Position="5" NrIntern="5" ><Stimmergebnis Stimmart="DIREKT" Stimmen="7572" Anteil="6.6"/><Stimmergebnis Stimmart="LISTE" Stimmen="9072" Anteil="7.9"/></Gruppenergebnis> <Gruppenergebnis Position="6" NrIntern="6" ><Stimmergebnis Stimmart="DIREKT" Stimmen="3063" Anteil="2.7"/><Stimmergebnis Stimmart="LISTE" Stimmen="2999" Anteil="2.6"/></Gruppenergebnis> <Gruppenergebnis Position="7" NrIntern="7" ><Stimmergebnis Stimmart="LISTE" Stimmen="1695" Anteil="1.5"/></Gruppenergebnis> <Gruppenergebnis Position="8" NrIntern="8" ><Stimmergebnis Stimmart="DIREKT" Stimmen="12829" Anteil="11.2"/><Stimmergebnis Stimmart="LISTE" Stimmen="871" Anteil="0.8"/></Gruppenergebnis> <Gruppenergebnis Position="9" NrIntern="9" ><Stimmergebnis Stimmart="LISTE" Stimmen="1741" Anteil="1.5"/></Gruppenergebnis> <Gruppenergebnis Position="10" NrIntern="10" ><Stimmergebnis Stimmart="DIREKT" Stimmen="3807" Anteil="3.3"/><Stimmergebnis Stimmart="LISTE" Stimmen="1249" Anteil="1.1"/></Gruppenergebnis> <Gruppenergebnis Position="11" NrIntern="11" ><Stimmergebnis Stimmart="LISTE" Stimmen="387" Anteil="0.3"/></Gruppenergebnis> <Gruppenergebnis Position="12" NrIntern="12" ><Stimmergebnis Stimmart="DIREKT" Stimmen="1136" Anteil="1.0"/><Stimmergebnis Stimmart="LISTE" Stimmen="157" Anteil="0.1"/></Gruppenergebnis> <Gruppenergebnis Position="13" NrIntern="13" ><Stimmergebnis Stimmart="LISTE" Stimmen="137" Anteil="0.1"/></Gruppenergebnis> <Gruppenergebnis Position="14" NrIntern="14" ><Stimmergebnis Stimmart="LISTE" Stimmen="9002" Anteil="7.9"/></Gruppenergebnis> <Gruppenergebnis Position="15" NrIntern="15" ><Stimmergebnis Stimmart="DIREKT" Stimmen="183" Anteil="0.2"/><Stimmergebnis Stimmart="LISTE" Stimmen="1147" Anteil="1.0"/></Gruppenergebnis> <Gruppenergebnis Position="16" NrIntern="16" ><Stimmergebnis Stimmart="LISTE" Stimmen="243" Anteil="0.2"/></Gruppenergebnis> <Gruppenergebnis Position="17" NrIntern="17" ><Stimmergebnis Stimmart="LISTE" Stimmen="0" Anteil="0.0"/></Gruppenergebnis> <Gruppenergebnis Position="18" NrIntern="18" ><Stimmergebnis Stimmart="LISTE" Stimmen="0" Anteil="0.0"/></Gruppenergebnis> <Gruppenergebnis Position="19" NrIntern="19" ><Stimmergebnis Stimmart="LISTE" Stimmen="0" Anteil="0.0"/></Gruppenergebnis> <Gruppenergebnis Position="20" NrIntern="20" ><Stimmergebnis Stimmart="LISTE" Stimmen="0" Anteil="0.0"/></Gruppenergebnis> <Gruppenergebnis Position="21" NrIntern="21" ><Stimmergebnis Stimmart="LISTE" Stimmen="0" Anteil="0.0"/></Gruppenergebnis> <Gruppenergebnis Position="22" NrIntern="22" ><Stimmergebnis Stimmart="LISTE" Stimmen="0" Anteil="0.0"/></Gruppenergebnis> <Gruppenergebnis Position="23" NrIntern="23" ><Stimmergebnis Stimmart="DIREKT" Stimmen="85" Anteil="0.1"/></Gruppenergebnis> <Gruppenergebnis Position="24" NrIntern="24" ><Stimmergebnis Stimmart="DIREKT" Stimmen="0" Anteil="0.0"/></Gruppenergebnis> <Gruppenergebnis Position="SIEGER"><Stimmergebnis Sieger="Kleinke, R&#252;diger ( SPD )" Art="N"/></Gruppenergebnis></Gebietsergebnis>   <Gebietsergebnis Gebietsart="KREIS" KreisNr="152" KreisName="Leipzig I" Stand="1 von 1 Gemeinde" ><Gruppenergebnis Position="WB"><Stimmergebnis Stimmart="KEINE" Stimmen="224040"/></Gruppenergebnis><Gruppenergebnis Position="WAE"><Stimmergebnis Stimmart="KEINE" Stimmen="154048" Anteil="68.8"/></Gruppenergebnis><Gruppenergebnis Position="UNG"><Stimmergebnis Stimmart="DIREKT" Stimmen="4725" Anteil="3.1"/><Stimmergebnis Stimmart="LISTE" Stimmen="4620" Anteil="3.0"/></Gruppenergebnis><Gruppenergebnis Position="GUE"><Stimmergebnis Stimmart="DIREKT" Stimmen="149323" Anteil="96.9"/><Stimmergebnis Stimmart="LISTE" Stimmen="149428" Anteil="97.0"/></Gruppenergebnis><Gruppenergebnis Position="1" NrIntern="1" ><Stimmergebnis Stimmart="DIREKT" Stimmen="21716" Anteil="14.5"/><Stimmergebnis Stimmart="LISTE" Stimmen="17588" Anteil="11.8"/></Gruppenergebnis> <Gruppenergebnis Position="2" NrIntern="2" ><Stimmergebnis Stimmart="DIREKT" Stimmen="32840" Anteil="22.0"/><Stimmergebnis Stimmart="LISTE" Stimmen="33009" Anteil="22.1"/></Gruppenergebnis> <Gruppenergebnis Position="3" NrIntern="3" ><Stimmergebnis Stimmart="DIREKT" Stimmen="19030" Anteil="12.7"/><Stimmergebnis Stimmart="LISTE" Stimmen="19031" Anteil="12.7"/></Gruppenergebnis> <Gruppenergebnis Position="4" NrIntern="4" ><Stimmergebnis Stimmart="DIREKT" Stimmen="20463" Anteil="13.7"/><Stimmergebnis Stimmart="LISTE" Stimmen="20575" Anteil="13.8"/></Gruppenergebnis> <Gruppenergebnis Position="5" NrIntern="5" ><Stimmergebnis Stimmart="DIREKT" Stimmen="9241" Anteil="6.2"/><Stimmergebnis Stimmart="LISTE" Stimmen="9299" Anteil="6.2"/></Gruppenergebnis> <Gruppenergebnis Position="6" NrIntern="6" ><Stimmergebnis Stimmart="DIREKT" Stimmen="29491" Anteil="19.7"/><Stimmergebnis Stimmart="LISTE" Stimmen="29906" Anteil="20.0"/></Gruppenergebnis> <Gruppenergebnis Position="7" NrIntern="7" ><Stimmergebnis Stimmart="LISTE" Stimmen="3721" Anteil="2.5"/></Gruppenergebnis> <Gruppenergebnis Position="8" NrIntern="8" ><Stimmergebnis Stimmart="DIREKT" Stimmen="4651" Anteil="3.1"/><Stimmergebnis Stimmart="LISTE" Stimmen="4468" Anteil="3.0"/></Gruppenergebnis> <Gruppenergebnis Position="9" NrIntern="9" ><Stimmergebnis Stimmart="LISTE" Stimmen="1015" Anteil="0.7"/></Gruppenergebnis> <Gruppenergebnis Position="10" NrIntern="10" ><Stimmergebnis Stimmart="DIREKT" Stimmen="3720" Anteil="2.5"/><Stimmergebnis Stimmart="LISTE" Stimmen="3596" Anteil="2.4"/></Gruppenergebnis> <Gruppenergebnis Position="11" NrIntern="11" ><Stimmergebnis Stimmart="LISTE" Stimmen="963" Anteil="0.6"/></Gruppenergebnis> <Gruppenergebnis Position="12" NrIntern="12" ><Stimmergebnis Stimmart="DIREKT" Stimmen="991" Anteil="0.7"/><Stimmergebnis Stimmart="LISTE" Stimmen="950" Anteil="0.6"/></Gruppenergebnis> <Gruppenergebnis Position="13" NrIntern="13" ><Stimmergebnis Stimmart="LISTE" Stimmen="832" Anteil="0.6"/></Gruppenergebnis> <Gruppenergebnis Position="14" NrIntern="14" ><Stimmergebnis Stimmart="DIREKT" Stimmen="1038" Anteil="0.7"/><Stimmergebnis Stimmart="LISTE" Stimmen="791" Anteil="0.5"/></Gruppenergebnis> <Gruppenergebnis Position="15" NrIntern="15" ><Stimmergebnis Stimmart="DIREKT" Stimmen="1057" Anteil="0.7"/><Stimmergebnis Stimmart="LISTE" Stimmen="680" Anteil="0.5"/></Gruppenergebnis> <Gruppenergebnis Position="16" NrIntern="16" ><Stimmergebnis Stimmart="LISTE" Stimmen="667" Anteil="0.4"/></Gruppenergebnis> <Gruppenergebnis Position="17" NrIntern="17" ><Stimmergebnis Stimmart="LISTE" Stimmen="577" Anteil="0.4"/></Gruppenergebnis> <Gruppenergebnis Position="18" NrIntern="18" ><Stimmergebnis Stimmart="LISTE" Stimmen="486" Anteil="0.3"/></Gruppenergebnis> <Gruppenergebnis Position="19" NrIntern="19" ><Stimmergebnis Stimmart="DIREKT" Stimmen="986" Anteil="0.7"/><Stimmergebnis Stimmart="LISTE" Stimmen="415" Anteil="0.3"/></Gruppenergebnis> <Gruppenergebnis Position="20" NrIntern="20" ><Stimmergebnis Stimmart="LISTE" Stimmen="336" Anteil="0.2"/></Gruppenergebnis> <Gruppenergebnis Position="21" NrIntern="21" ><Stimmergebnis Stimmart="LISTE" Stimmen="273" Anteil="0.2"/></Gruppenergebnis> <Gruppenergebnis Position="22" NrIntern="22" ><Stimmergebnis Stimmart="LISTE" Stimmen="250" Anteil="0.2"/></Gruppenergebnis> <Gruppenergebnis Position="23" NrIntern="31" ><Stimmergebnis Stimmart="DIREKT" Stimmen="990" Anteil="0.7"/></Gruppenergebnis> <Gruppenergebnis Position="24" NrIntern="37" ><Stimmergebnis Stimmart="DIREKT" Stimmen="1045" Anteil="0.7"/></Gruppenergebnis> <Gruppenergebnis Position="25" NrIntern="44" ><Stimmergebnis Stimmart="DIREKT" Stimmen="1035" Anteil="0.7"/></Gruppenergebnis> <Gruppenergebnis Position="26" NrIntern="45" ><Stimmergebnis Stimmart="DIREKT" Stimmen="1029" Anteil="0.7"/></Gruppenergebnis> <Gruppenergebnis Position="SIEGER"><Stimmergebnis Sieger="Lehmann, Jens ( CDU )" Art="N"/></Gruppenergebnis></Gebietsergebnis>   <Gebietsergebnis Gebietsart="KREIS" KreisNr="153" KreisName="Leipzig II" Stand="1 von 1 Gemeinde" ><Gruppenergebnis Position="WB"><Stimmergebnis Stimmart="KEINE" Stimmen="230770"/></Gruppenergebnis><Gruppenergebnis Position="WAE"><Stimmergebnis Stimmart="KEINE" Stimmen="158522" Anteil="68.7"/></Gruppenergebnis><Gruppenergebnis Position="UNG"><Stimmergebnis Stimmart="DIREKT" Stimmen="4781" Anteil="3.0"/><Stimmergebnis Stimmart="LISTE" Stimmen="4513" Anteil="2.8"/></Gruppenergebnis><Gruppenergebnis Position="GUE"><Stimmergebnis Stimmart="DIREKT" Stimmen="153741" Anteil="97.0"/><Stimmergebnis Stimmart="LISTE" Stimmen="154009" Anteil="97.2"/></Gruppenergebnis><Gruppenergebnis Position="1" NrIntern="1" ><Stimmergebnis Stimmart="DIREKT" Stimmen="23658" Anteil="15.4"/><Stimmergebnis Stimmart="LISTE" Stimmen="18104" Anteil="11.8"/></Gruppenergebnis> <Gruppenergebnis Position="2" NrIntern="2" ><Stimmergebnis Stimmart="DIREKT" Stimmen="33775" Anteil="22.0"/><Stimmergebnis Stimmart="LISTE" Stimmen="33888" Anteil="22.0"/></Gruppenergebnis> <Gruppenergebnis Position="3" NrIntern="3" ><Stimmergebnis Stimmart="DIREKT" Stimmen="19582" Anteil="12.7"/><Stimmergebnis Stimmart="LISTE" Stimmen="19614" Anteil="12.7"/></Gruppenergebnis> <Gruppenergebnis Position="4" NrIntern="4" ><Stimmergebnis Stimmart="DIREKT" Stimmen="21228" Anteil="13.8"/><Stimmergebnis Stimmart="LISTE" Stimmen="21221" Anteil="13.8"/></Gruppenergebnis> <Gruppenergebnis Position="5" NrIntern="5" ><Stimmergebnis Stimmart="DIREKT" Stimmen="9625" Anteil="6.3"/><Stimmergebnis Stimmart="LISTE" Stimmen="9770" Anteil="6.3"/></Gruppenergebnis> <Gruppenergebnis Position="6" NrIntern="6" ><Stimmergebnis Stimmart="DIREKT" Stimmen="31024" Anteil="20.2"/><Stimmergebnis Stimmart="LISTE" Stimmen="30669" Anteil="19.9"/></Gruppenergebnis> <Gruppenergebnis Position="7" NrIntern="7" ><Stimmergebnis Stimmart="LISTE" Stimmen="3831" Anteil="2.5"/></Gruppenergebnis> <Gruppenergebnis Position="8" NrIntern="8" ><Stimmergebnis Stimmart="DIREKT" Stimmen="4608" Anteil="3.0"/><Stimmergebnis Stimmart="LISTE" Stimmen="4526" Anteil="2.9"/></Gruppenergebnis> <Gruppenergebnis Position="9" NrIntern="9" ><Stimmergebnis Stimmart="LISTE" Stimmen="947" Anteil="0.6"/></Gruppenergebnis> <Gruppenergebnis Position="10" NrIntern="10" ><Stimmergebnis Stimmart="DIREKT" Stimmen="3980" Anteil="2.6"/><Stimmergebnis Stimmart="LISTE" Stimmen="3877" Anteil="2.5"/></Gruppenergebnis> <Gruppenergebnis Position="11" NrIntern="11" ><Stimmergebnis Stimmart="DIREKT" Stimmen="1039" Anteil="0.7"/><Stimmergebnis Stimmart="LISTE" Stimmen="1064" Anteil="0.7"/></Gruppenergebnis> <Gruppenergebnis Position="12" NrIntern="12" ><Stimmergebnis Stimmart="DIREKT" Stimmen="1024" Anteil="0.7"/><Stimmergebnis Stimmart="LISTE" Stimmen="949" Anteil="0.6"/></Gruppenergebnis> <Gruppenergebnis Position="13" NrIntern="13" ><Stimmergebnis Stimmart="LISTE" Stimmen="905" Anteil="0.6"/></Gruppenergebnis> <Gruppenergebnis Position="14" NrIntern="14" ><Stimmergebnis Stimmart="DIREKT" Stimmen="1040" Anteil="0.7"/><Stimmergebnis Stimmart="LISTE" Stimmen="795" Anteil="0.5"/></Gruppenergebnis> <Gruppenergebnis Position="15" NrIntern="15" ><Stimmergebnis Stimmart="DIREKT" Stimmen="1076" Anteil="0.7"/><Stimmergebnis Stimmart="LISTE" Stimmen="749" Anteil="0.5"/></Gruppenergebnis> <Gruppenergebnis Position="16" NrIntern="16" ><Stimmergebnis Stimmart="LISTE" Stimmen="656" Anteil="0.4"/></Gruppenergebnis> <Gruppenergebnis Position="17" NrIntern="17" ><Stimmergebnis Stimmart="LISTE" Stimmen="611" Anteil="0.4"/></Gruppenergebnis> <Gruppenergebnis Position="18" NrIntern="18" ><Stimmergebnis Stimmart="LISTE" Stimmen="504" Anteil="0.3"/></Gruppenergebnis> <Gruppenergebnis Position="19" NrIntern="19" ><Stimmergebnis Stimmart="DIREKT" Stimmen="1051" Anteil="0.7"/><Stimmergebnis Stimmart="LISTE" Stimmen="432" Anteil="0.3"/></Gruppenergebnis> <Gruppenergebnis Position="20" NrIntern="20" ><Stimmergebnis Stimmart="LISTE" Stimmen="356" Anteil="0.2"/></Gruppenergebnis> <Gruppenergebnis Position="21" NrIntern="21" ><Stimmergebnis Stimmart="LISTE" Stimmen="292" Anteil="0.2"/></Gruppenergebnis> <Gruppenergebnis Position="22" NrIntern="22" ><Stimmergebnis Stimmart="LISTE" Stimmen="249" Anteil="0.2"/></Gruppenergebnis> <Gruppenergebnis Position="23" NrIntern="30" ><Stimmergebnis Stimmart="DIREKT" Stimmen="1031" Anteil="0.7"/></Gruppenergebnis> <Gruppenergebnis Position="SIEGER"><Stimmergebnis Sieger="Heller, Jessica ( CDU )" Art="N"/></Gruppenergebnis></Gebietsergebnis>   <Gebietsergebnis Gebietsart="KREIS" KreisNr="154" KreisName="Leipzig-Land" Stand="30 von 30 Gemeinden" ><Gruppenergebnis Position="WB"><Stimmergebnis Stimmart="KEINE" Stimmen="216143"/></Gruppenergebnis><Gruppenergebnis Position="WAE"><Stimmergebnis Stimmart="KEINE" Stimmen="155714" Anteil="72.0"/></Gruppenergebnis><Gruppenergebnis Position="UNG"><Stimmergebnis Stimmart="DIREKT" Stimmen="1678" Anteil="1.1"/><Stimmergebnis Stimmart="LISTE" Stimmen="1615" Anteil="1.0"/></Gruppenergebnis><Gruppenergebnis Position="GUE"><Stimmergebnis Stimmart="DIREKT" Stimmen="154036" Anteil="98.9"/><Stimmergebnis Stimmart="LISTE" Stimmen="154099" Anteil="99.0"/></Gruppenergebnis><Gruppenergebnis Position="1" NrIntern="1" ><Stimmergebnis Stimmart="DIREKT" Stimmen="37784" Anteil="24.5"/><Stimmergebnis Stimmart="LISTE" Stimmen="37931" Anteil="24.6"/></Gruppenergebnis> <Gruppenergebnis Position="2" NrIntern="2" ><Stimmergebnis Stimmart="DIREKT" Stimmen="19932" Anteil="12.9"/><Stimmergebnis Stimmart="LISTE" Stimmen="19887" Anteil="12.9"/></Gruppenergebnis> <Gruppenergebnis Position="3" NrIntern="3" ><Stimmergebnis Stimmart="DIREKT" Stimmen="19384" Anteil="12.6"/><Stimmergebnis Stimmart="LISTE" Stimmen="18915" Anteil="12.3"/></Gruppenergebnis> <Gruppenergebnis Position="4" NrIntern="4" ><Stimmergebnis Stimmart="DIREKT" Stimmen="37181" Anteil="24.1"/><Stimmergebnis Stimmart="LISTE" Stimmen="37222" Anteil="24.2"/></Gruppenergebnis> <Gruppenergebnis Position="5" NrIntern="5" ><Stimmergebnis Stimmart="DIREKT" Stimmen="9485" Anteil="6.2"/><Stimmergebnis Stimmart="LISTE" Stimmen="11937" Anteil="7.7"/></Gruppenergebnis> <Gruppenergebnis Position="6" NrIntern="6" ><Stimmergebnis Stimmart="DIREKT" Stimmen="6045" Anteil="3.9"/><Stimmergebnis Stimmart="LISTE" Stimmen="4963" Anteil="3.2"/></Gruppenergebnis> <Gruppenergebnis Position="7" NrIntern="7" ><Stimmergebnis Stimmart="LISTE" Stimmen="2291" Anteil="1.5"/></Gruppenergebnis> <Gruppenergebnis Position="8" NrIntern="8" ><Stimmergebnis Stimmart="DIREKT" Stimmen="16369" Anteil="10.6"/><Stimmergebnis Stimmart="LISTE" Stimmen="1449" Anteil="0.9"/></Gruppenergebnis> <Gruppenergebnis Position="9" NrIntern="9" ><Stimmergebnis Stimmart="LISTE" Stimmen="1808" Anteil="1.2"/></Gruppenergebnis> <Gruppenergebnis Position="10" NrIntern="10" ><Stimmergebnis Stimmart="DIREKT" Stimmen="5443" Anteil="3.5"/><Stimmergebnis Stimmart="LISTE" Stimmen="1853" Anteil="1.2"/></Gruppenergebnis> <Gruppenergebnis Position="11" NrIntern="11" ><Stimmergebnis Stimmart="LISTE" Stimmen="644" Anteil="0.4"/></Gruppenergebnis> <Gruppenergebnis Position="12" NrIntern="12" ><Stimmergebnis Stimmart="DIREKT" Stimmen="1433" Anteil="0.9"/><Stimmergebnis Stimmart="LISTE" Stimmen="359" Anteil="0.2"/></Gruppenergebnis> <Gruppenergebnis Position="13" NrIntern="13" ><Stimmergebnis Stimmart="LISTE" Stimmen="318" Anteil="0.2"/></Gruppenergebnis> <Gruppenergebnis Position="14" NrIntern="14" ><Stimmergebnis Stimmart="LISTE" Stimmen="11538" Anteil="7.5"/></Gruppenergebnis> <Gruppenergebnis Position="15" NrIntern="15" ><Stimmergebnis Stimmart="DIREKT" Stimmen="356" Anteil="0.2"/><Stimmergebnis Stimmart="LISTE" Stimmen="1622" Anteil="1.1"/></Gruppenergebnis> <Gruppenergebnis Position="16" NrIntern="16" ><Stimmergebnis Stimmart="LISTE" Stimmen="320" Anteil="0.2"/></Gruppenergebnis> <Gruppenergebnis Position="17" NrIntern="17" ><Stimmergebnis Stimmart="LISTE" Stimmen="191" Anteil="0.1"/></Gruppenergebnis> <Gruppenergebnis Position="18" NrIntern="18" ><Stimmergebnis Stimmart="LISTE" Stimmen="192" Anteil="0.1"/></Gruppenergebnis> <Gruppenergebnis Position="19" NrIntern="19" ><Stimmergebnis Stimmart="LISTE" Stimmen="188" Anteil="0.1"/></Gruppenergebnis> <Gruppenergebnis Position="20" NrIntern="20" ><Stimmergebnis Stimmart="LISTE" Stimmen="155" Anteil="0.1"/></Gruppenergebnis> <Gruppenergebnis Position="21" NrIntern="21" ><Stimmergebnis Stimmart="LISTE" Stimmen="129" Anteil="0.1"/></Gruppenergebnis> <Gruppenergebnis Position="22" NrIntern="22" ><Stimmergebnis Stimmart="LISTE" Stimmen="187" Anteil="0.1"/></Gruppenergebnis> <Gruppenergebnis Position="23" NrIntern="28" ><Stimmergebnis Stimmart="DIREKT" Stimmen="624" Anteil="0.4"/></Gruppenergebnis> <Gruppenergebnis Position="SIEGER"><Stimmergebnis Sieger="Naujok, Edgar ( AfD )" Art="N"/></Gruppenergebnis></Gebietsergebnis>   <Gebietsergebnis Gebietsart="KREIS" KreisNr="155" KreisName="Mei&#223;en" Stand="28 von 28 Gemeinden" ><Gruppenergebnis Position="WB"><Stimmergebnis Stimmart="KEINE" Stimmen="204008"/></Gruppenergebnis><Gruppenergebnis Position="WAE"><Stimmergebnis Stimmart="KEINE" Stimmen="144746" Anteil="71.0"/></Gruppenergebnis><Gruppenergebnis Position="UNG"><Stimmergebnis Stimmart="DIREKT" Stimmen="2003" Anteil="1.4"/><Stimmergebnis Stimmart="LISTE" Stimmen="1183" Anteil="0.8"/></Gruppenergebnis><Gruppenergebnis Position="GUE"><Stimmergebnis Stimmart="DIREKT" Stimmen="142743" Anteil="98.6"/><Stimmergebnis Stimmart="LISTE" Stimmen="143563" Anteil="99.2"/></Gruppenergebnis><Gruppenergebnis Position="1" NrIntern="1" ><Stimmergebnis Stimmart="DIREKT" Stimmen="32291" Anteil="22.6"/><Stimmergebnis Stimmart="LISTE" Stimmen="31596" Anteil="22.0"/></Gruppenergebnis> <Gruppenergebnis Position="2" NrIntern="2" ><Stimmergebnis Stimmart="DIREKT" Stimmen="17171" Anteil="12.0"/><Stimmergebnis Stimmart="LISTE" Stimmen="16234" Anteil="11.3"/></Gruppenergebnis> <Gruppenergebnis Position="3" NrIntern="3" ><Stimmergebnis Stimmart="DIREKT" Stimmen="16873" Anteil="11.8"/><Stimmergebnis Stimmart="LISTE" Stimmen="16497" Anteil="11.5"/></Gruppenergebnis> <Gruppenergebnis Position="4" NrIntern="4" ><Stimmergebnis Stimmart="DIREKT" Stimmen="31639" Anteil="22.2"/><Stimmergebnis Stimmart="LISTE" Stimmen="31346" Anteil="21.8"/></Gruppenergebnis> <Gruppenergebnis Position="5" NrIntern="5" ><Stimmergebnis Stimmart="DIREKT" Stimmen="8179" Anteil="5.7"/><Stimmergebnis Stimmart="LISTE" Stimmen="11898" Anteil="8.3"/></Gruppenergebnis> <Gruppenergebnis Position="6" NrIntern="6" ><Stimmergebnis Stimmart="DIREKT" Stimmen="5803" Anteil="4.1"/><Stimmergebnis Stimmart="LISTE" Stimmen="5944" Anteil="4.1"/></Gruppenergebnis> <Gruppenergebnis Position="7" NrIntern="7" ><Stimmergebnis Stimmart="LISTE" Stimmen="3215" Anteil="2.2"/></Gruppenergebnis> <Gruppenergebnis Position="8" NrIntern="8" ><Stimmergebnis Stimmart="DIREKT" Stimmen="14702" Anteil="10.3"/><Stimmergebnis Stimmart="LISTE" Stimmen="2485" Anteil="1.7"/></Gruppenergebnis> <Gruppenergebnis Position="9" NrIntern="9" ><Stimmergebnis Stimmart="LISTE" Stimmen="2851" Anteil="2.0"/></Gruppenergebnis> <Gruppenergebnis Position="10" NrIntern="10" ><Stimmergebnis Stimmart="DIREKT" Stimmen="6721" Anteil="4.7"/><Stimmergebnis Stimmart="LISTE" Stimmen="2361" Anteil="1.6"/></Gruppenergebnis> <Gruppenergebnis Position="11" NrIntern="11" ><Stimmergebnis Stimmart="LISTE" Stimmen="1468" Anteil="1.0"/></Gruppenergebnis> <Gruppenergebnis Position="12" NrIntern="12" ><Stimmergebnis Stimmart="DIREKT" Stimmen="2771" Anteil="1.9"/><Stimmergebnis Stimmart="LISTE" Stimmen="1279" Anteil="0.9"/></Gruppenergebnis> <Gruppenergebnis Position="13" NrIntern="13" ><Stimmergebnis Stimmart="LISTE" Stimmen="1065" Anteil="0.7"/></Gruppenergebnis> <Gruppenergebnis Position="14" NrIntern="14" ><Stimmergebnis Stimmart="LISTE" Stimmen="8106" Anteil="5.6"/></Gruppenergebnis> <Gruppenergebnis Position="15" NrIntern="15" ><Stimmergebnis Stimmart="DIREKT" Stimmen="1670" Anteil="1.2"/><Stimmergebnis Stimmart="LISTE" Stimmen="1450" Anteil="1.0"/></Gruppenergebnis> <Gruppenergebnis Position="16" NrIntern="16" ><Stimmergebnis Stimmart="LISTE" Stimmen="946" Anteil="0.7"/></Gruppenergebnis> <Gruppenergebnis Position="17" NrIntern="17" ><Stimmergebnis Stimmart="LISTE" Stimmen="877" Anteil="0.6"/></Gruppenergebnis> <Gruppenergebnis Position="18" NrIntern="18" ><Stimmergebnis Stimmart="LISTE" Stimmen="786" Anteil="0.5"/></Gruppenergebnis> <Gruppenergebnis Position="19" NrIntern="19" ><Stimmergebnis Stimmart="LISTE" Stimmen="556" Anteil="0.4"/></Gruppenergebnis> <Gruppenergebnis Position="20" NrIntern="20" ><Stimmergebnis Stimmart="LISTE" Stimmen="616" Anteil="0.4"/></Gruppenergebnis> <Gruppenergebnis Position="21" NrIntern="21" ><Stimmergebnis Stimmart="LISTE" Stimmen="676" Anteil="0.5"/></Gruppenergebnis> <Gruppenergebnis Position="22" NrIntern="22" ><Stimmergebnis Stimmart="LISTE" Stimmen="1311" Anteil="0.9"/></Gruppenergebnis> <Gruppenergebnis Position="23" NrIntern="38" ><Stimmergebnis Stimmart="DIREKT" Stimmen="4923" Anteil="3.4"/></Gruppenergebnis> <Gruppenergebnis Position="SIEGER"><Stimmergebnis Sieger="Lenk, Barbara ( AfD )" Art="N"/></Gruppenergebnis></Gebietsergebnis>   <Gebietsergebnis Gebietsart="KREIS" KreisNr="156" KreisName="Bautzen I" Stand="52 von 52 Gemeinden" ><Gruppenergebnis Position="WB"><Stimmergebnis Stimmart="KEINE" Stimmen="209488"/></Gruppenergebnis><Gruppenergebnis Position="WAE"><Stimmergebnis Stimmart="KEINE" Stimmen="141676" Anteil="67.6"/></Gruppenergebnis><Gruppenergebnis Position="UNG"><Stimmergebnis Stimmart="DIREKT" Stimmen="1375" Anteil="1.0"/><Stimmergebnis Stimmart="LISTE" Stimmen="1382" Anteil="1.0"/></Gruppenergebnis><Gruppenergebnis Position="GUE"><Stimmergebnis Stimmart="DIREKT" Stimmen="140301" Anteil="99.0"/><Stimmergebnis Stimmart="LISTE" Stimmen="140294" Anteil="99.0"/></Gruppenergebnis><Gruppenergebnis Position="1" NrIntern="1" ><Stimmergebnis Stimmart="DIREKT" Stimmen="35125" Anteil="25.0"/><Stimmergebnis Stimmart="LISTE" Stimmen="34947" Anteil="24.9"/></Gruppenergebnis> <Gruppenergebnis Position="2" NrIntern="2" ><Stimmergebnis Stimmart="DIREKT" Stimmen="17545" Anteil="12.5"/><Stimmergebnis Stimmart="LISTE" Stimmen="17525" Anteil="12.5"/></Gruppenergebnis> <Gruppenergebnis Position="3" NrIntern="3" ><Stimmergebnis Stimmart="DIREKT" Stimmen="17496" Anteil="12.5"/><Stimmergebnis Stimmart="LISTE" Stimmen="17515" Anteil="12.5"/></Gruppenergebnis> <Gruppenergebnis Position="4" NrIntern="4" ><Stimmergebnis Stimmart="DIREKT" Stimmen="35011" Anteil="25.0"/><Stimmergebnis Stimmart="LISTE" Stimmen="34998" Anteil="24.9"/></Gruppenergebnis> <Gruppenergebnis Position="5" NrIntern="5" ><Stimmergebnis Stimmart="DIREKT" Stimmen="8135" Anteil="5.8"/><Stimmergebnis Stimmart="LISTE" Stimmen="10718" Anteil="7.6"/></Gruppenergebnis> <Gruppenergebnis Position="6" NrIntern="6" ><Stimmergebnis Stimmart="DIREKT" Stimmen="2873" Anteil="2.0"/><Stimmergebnis Stimmart="LISTE" Stimmen="3308" Anteil="2.4"/></Gruppenergebnis> <Gruppenergebnis Position="7" NrIntern="7" ><Stimmergebnis Stimmart="LISTE" Stimmen="1933" Anteil="1.4"/></Gruppenergebnis> <Gruppenergebnis Position="8" NrIntern="8" ><Stimmergebnis Stimmart="DIREKT" Stimmen="16780" Anteil="12.0"/><Stimmergebnis Stimmart="LISTE" Stimmen="1189" Anteil="0.8"/></Gruppenergebnis> <Gruppenergebnis Position="9" NrIntern="9" ><Stimmergebnis Stimmart="LISTE" Stimmen="2097" Anteil="1.5"/></Gruppenergebnis> <Gruppenergebnis Position="10" NrIntern="10" ><Stimmergebnis Stimmart="DIREKT" Stimmen="2122" Anteil="1.5"/><Stimmergebnis Stimmart="LISTE" Stimmen="2269" Anteil="1.6"/></Gruppenergebnis> <Gruppenergebnis Position="11" NrIntern="11" ><Stimmergebnis Stimmart="LISTE" Stimmen="537" Anteil="0.4"/></Gruppenergebnis> <Gruppenergebnis Position="12" NrIntern="12" ><Stimmergebnis Stimmart="LISTE" Stimmen="381" Anteil="0.3"/></Gruppenergebnis> <Gruppenergebnis Position="13" NrIntern="13" ><Stimmergebnis Stimmart="LISTE" Stimmen="141" Anteil="0.1"/></Gruppenergebnis> <Gruppenergebnis Position="14" NrIntern="14" ><Stimmergebnis Stimmart="LISTE" Stimmen="11522" Anteil="8.2"/></Gruppenergebnis> <Gruppenergebnis Position="15" NrIntern="15" ><Stimmergebnis Stimmart="DIREKT" Stimmen="4648" Anteil="3.3"/><Stimmergebnis Stimmart="LISTE" Stimmen="1144" Anteil="0.8"/></Gruppenergebnis> <Gruppenergebnis Position="16" NrIntern="16" ><Stimmergebnis Stimmart="LISTE" Stimmen="67" Anteil="0.0"/></Gruppenergebnis> <Gruppenergebnis Position="17" NrIntern="17" ><Stimmergebnis Stimmart="LISTE" Stimmen="3" Anteil="0.0"/></Gruppenergebnis> <Gruppenergebnis Position="18" NrIntern="18" ><Stimmergebnis Stimmart="LISTE" Stimmen="0" Anteil="0.0"/></Gruppenergebnis> <Gruppenergebnis Position="19" NrIntern="19" ><Stimmergebnis Stimmart="LISTE" Stimmen="0" Anteil="0.0"/></Gruppenergebnis> <Gruppenergebnis Position="20" NrIntern="20" ><Stimmergebnis Stimmart="LISTE" Stimmen="0" Anteil="0.0"/></Gruppenergebnis> <Gruppenergebnis Position="21" NrIntern="21" ><Stimmergebnis Stimmart="LISTE" Stimmen="0" Anteil="0.0"/></Gruppenergebnis> <Gruppenergebnis Position="22" NrIntern="22" ><Stimmergebnis Stimmart="LISTE" Stimmen="0" Anteil="0.0"/></Gruppenergebnis> <Gruppenergebnis Position="23" NrIntern="38" ><Stimmergebnis Stimmart="DIREKT" Stimmen="566" Anteil="0.4"/></Gruppenergebnis> <Gruppenergebnis Position="SIEGER"><Stimmergebnis Sieger="Hilse, Karsten ( AfD )" Art="N"/></Gruppenergebnis></Gebietsergebnis>   <Gebietsergebnis Gebietsart="KREIS" KreisNr="157" KreisName="G&#246;rlitz" Stand="53 von 53 Gemeinden" ><Gruppenergebnis Position="WB"><Stimmergebnis Stimmart="KEINE" Stimmen="208468"/></Gruppenergebnis><Gruppenergebnis Position="WAE"><Stimmergebnis Stimmart="KEINE" Stimmen="149317" Anteil="71.6"/></Gruppenergebnis><Gruppenergebnis Position="UNG"><Stimmergebnis Stimmart="DIREKT" Stimmen="1492" Anteil="1.0"/><Stimmergebnis Stimmart="LISTE" Stimmen="1456" Anteil="1.0"/></Gruppenergebnis><Gruppenergebnis Position="GUE"><Stimmergebnis Stimmart="DIREKT" Stimmen="147825" Anteil="99.0"/><Stimmergebnis Stimmart="LISTE" Stimmen="147861" Anteil="99.0"/></Gruppenergebnis><Gruppenergebnis Position="1" NrIntern="1" ><Stimmergebnis Stimmart="DIREKT" Stimmen="37002" Anteil="25.0"/><Stimmergebnis Stimmart="LISTE" Stimmen="36945" Anteil="25.0"/></Gruppenergebnis> <Gruppenergebnis Position="2" NrIntern="2" ><Stimmergebnis Stimmart="DIREKT" Stimmen="18460" Anteil="12.5"/><Stimmergebnis Stimmart="LISTE" Stimmen="18470" Anteil="12.5"/></Gruppenergebnis> <Gruppenergebnis Position="3" NrIntern="3" ><Stimmergebnis Stimmart="DIREKT" Stimmen="18413" Anteil="12.5"/><Stimmergebnis Stimmart="LISTE" Stimmen="18402" Anteil="12.4"/></Gruppenergebnis> <Gruppenergebnis Position="4" NrIntern="4" ><Stimmergebnis Stimmart="DIREKT" Stimmen="36951" Anteil="25.0"/><Stimmergebnis Stimmart="LISTE" Stimmen="37094" Anteil="25.1"/></Gruppenergebnis> <Gruppenergebnis Position="5" NrIntern="5" ><Stimmergebnis Stimmart="DIREKT" Stimmen="7302" Anteil="4.9"/><Stimmergebnis Stimmart="LISTE" Stimmen="10330" Anteil="7.0"/></Gruppenergebnis> <Gruppenergebnis Position="6" NrIntern="6" ><Stimmergebnis Stimmart="DIREKT" Stimmen="4836" Anteil="3.3"/><Stimmergebnis Stimmart="LISTE" Stimmen="4324" Anteil="2.9"/></Gruppenergebnis> <Gruppenergebnis Position="7" NrIntern="7" ><Stimmergebnis Stimmart="LISTE" Stimmen="2194" Anteil="1.5"/></Gruppenergebnis> <Gruppenergebnis Position="8" NrIntern="8" ><Stimmergebnis Stimmart="LISTE" Stimmen="1409" Anteil="1.0"/></Gruppenergebnis> <Gruppenergebnis Position="9" NrIntern="9" ><Stimmergebnis Stimmart="LISTE" Stimmen="2272" Anteil="1.5"/></Gruppenergebnis> <Gruppenergebnis Position="10" NrIntern="10" ><Stimmergebnis Stimmart="DIREKT" Stimmen="3368" Anteil="2.3"/><Stimmergebnis Stimmart="LISTE" Stimmen="2365" Anteil="1.6"/></Gruppenergebnis> <Gruppenergebnis Position="11" NrIntern="11" ><Stimmergebnis Stimmart="LISTE" Stimmen="484" Anteil="0.3"/></Gruppenergebnis> <Gruppenergebnis Position="12" NrIntern="12" ><Stimmergebnis Stimmart="LISTE" Stimmen="329" Anteil="0.2"/></Gruppenergebnis> <Gruppenergebnis Position="13" NrIntern="13" ><Stimmergebnis Stimmart="LISTE" Stimmen="218" Anteil="0.1"/></Gruppenergebnis> <Gruppenergebnis Position="14" NrIntern="14" ><Stimmergebnis Stimmart="LISTE" Stimmen="10795" Anteil="7.3"/></Gruppenergebnis> <Gruppenergebnis Position="15" NrIntern="15" ><Stimmergebnis Stimmart="DIREKT" Stimmen="15027" Anteil="10.2"/><Stimmergebnis Stimmart="LISTE" Stimmen="1861" Anteil="1.3"/></Gruppenergebnis> <Gruppenergebnis Position="16" NrIntern="16" ><Stimmergebnis Stimmart="LISTE" Stimmen="337" Anteil="0.2"/></Gruppenergebnis> <Gruppenergebnis Position="17" NrIntern="17" ><Stimmergebnis Stimmart="LISTE" Stimmen="32" Anteil="0.0"/></Gruppenergebnis> <Gruppenergebnis Position="18" NrIntern="18" ><Stimmergebnis Stimmart="LISTE" Stimmen="0" Anteil="0.0"/></Gruppenergebnis> <Gruppenergebnis Position="19" NrIntern="19" ><Stimmergebnis Stimmart="LISTE" Stimmen="0" Anteil="0.0"/></Gruppenergebnis> <Gruppenergebnis Position="20" NrIntern="20" ><Stimmergebnis Stimmart="LISTE" Stimmen="0" Anteil="0.0"/></Gruppenergebnis> <Gruppenergebnis Position="21" NrIntern="21" ><Stimmergebnis Stimmart="LISTE" Stimmen="0" Anteil="0.0"/></Gruppenergebnis> <Gruppenergebnis Position="22" NrIntern="22" ><Stimmergebnis Stimmart="LISTE" Stimmen="0" Anteil="0.0"/></Gruppenergebnis> <Gruppenergebnis Position="23" NrIntern="33" ><Stimmergebnis Stimmart="DIREKT" Stimmen="5181" Anteil="3.5"/></Gruppenergebnis> <Gruppenergebnis Position="24" NrIntern="38" ><Stimmergebnis Stimmart="DIREKT" Stimmen="1285" Anteil="0.9"/></Gruppenergebnis> <Gruppenergebnis Position="SIEGER"><Stimmergebnis Sieger="Chrupalla, Tino ( AfD )" Art="N"/></Gruppenergebnis></Gebietsergebnis>   <Gebietsergebnis Gebietsart="KREIS" KreisNr="158" KreisName="S&#228;chsische Schweiz-Osterzgebirge" Stand="36 von 36 Gemeinden" ><Gruppenergebnis Position="WB"><Stimmergebnis Stimmart="KEINE" Stimmen="202248"/></Gruppenergebnis><Gruppenergebnis Position="WAE"><Stimmergebnis Stimmart="KEINE" Stimmen="142525" Anteil="70.5"/></Gruppenergebnis><Gruppenergebnis Position="UNG"><Stimmergebnis Stimmart="DIREKT" Stimmen="1409" Anteil="1.0"/><Stimmergebnis Stimmart="LISTE" Stimmen="1453" Anteil="1.0"/></Gruppenergebnis><Gruppenergebnis Position="GUE"><Stimmergebnis Stimmart="DIREKT" Stimmen="141116" Anteil="99.0"/><Stimmergebnis Stimmart="LISTE" Stimmen="141072" Anteil="99.0"/></Gruppenergebnis><Gruppenergebnis Position="1" NrIntern="1" ><Stimmergebnis Stimmart="DIREKT" Stimmen="35191" Anteil="24.9"/><Stimmergebnis Stimmart="LISTE" Stimmen="35381" Anteil="25.1"/></Gruppenergebnis> <Gruppenergebnis Position="2" NrIntern="2" ><Stimmergebnis Stimmart="DIREKT" Stimmen="17562" Anteil="12.4"/><Stimmergebnis Stimmart="LISTE" Stimmen="17571" Anteil="12.5"/></Gruppenergebnis> <Gruppenergebnis Position="3" NrIntern="3" ><Stimmergebnis Stimmart="DIREKT" Stimmen="17566" Anteil="12.4"/><Stimmergebnis Stimmart="LISTE" Stimmen="17639" Anteil="12.5"/></Gruppenergebnis> <Gruppenergebnis Position="4" NrIntern="4" ><Stimmergebnis Stimmart="DIREKT" Stimmen="35134" Anteil="24.9"/><Stimmergebnis Stimmart="LISTE" Stimmen="35259" Anteil="25.0"/></Gruppenergebnis> <Gruppenergebnis Position="5" NrIntern="5" ><Stimmergebnis Stimmart="DIREKT" Stimmen="9110" Anteil="6.5"/><Stimmergebnis Stimmart="LISTE" Stimmen="11718" Anteil="8.3"/></Gruppenergebnis> <Gruppenergebnis Position="6" NrIntern="6" ><Stimmergebnis Stimmart="DIREKT" Stimmen="4201" Anteil="3.0"/><Stimmergebnis Stimmart="LISTE" Stimmen="4248" Anteil="3.0"/></Gruppenergebnis> <Gruppenergebnis Position="7" NrIntern="7" ><Stimmergebnis Stimmart="LISTE" Stimmen="1800" Anteil="1.3"/></Gruppenergebnis> <Gruppenergebnis Position="8" NrIntern="8" ><Stimmergebnis Stimmart="LISTE" Stimmen="1174" Anteil="0.8"/></Gruppenergebnis> <Gruppenergebnis Position="9" NrIntern="9" ><Stimmergebnis Stimmart="LISTE" Stimmen="2633" Anteil="1.9"/></Gruppenergebnis> <Gruppenergebnis Position="10" NrIntern="10" ><Stimmergebnis Stimmart="DIREKT" Stimmen="15581" Anteil="11.0"/><Stimmergebnis Stimmart="LISTE" Stimmen="1993" Anteil="1.4"/></Gruppenergebnis> <Gruppenergebnis Position="11" NrIntern="11" ><Stimmergebnis Stimmart="LISTE" Stimmen="455" Anteil="0.3"/></Gruppenergebnis> <Gruppenergebnis Position="12" NrIntern="12" ><Stimmergebnis Stimmart="DIREKT" Stimmen="5252" Anteil="3.7"/><Stimmergebnis Stimmart="LISTE" Stimmen="407" Anteil="0.3"/></Gruppenergebnis> <Gruppenergebnis Position="13" NrIntern="13" ><Stimmergebnis Stimmart="LISTE" Stimmen="170" Anteil="0.1"/></Gruppenergebnis> <Gruppenergebnis Position="14" NrIntern="14" ><Stimmergebnis Stimmart="LISTE" Stimmen="9660" Anteil="6.8"/></Gruppenergebnis> <Gruppenergebnis Position="15" NrIntern="15" ><Stimmergebnis Stimmart="DIREKT" Stimmen="1268" Anteil="0.9"/><Stimmergebnis Stimmart="LISTE" Stimmen="818" Anteil="0.6"/></Gruppenergebnis> <Gruppenergebnis Position="16" NrIntern="16" ><Stimmergebnis Stimmart="LISTE" Stimmen="50" Anteil="0.0"/></Gruppenergebnis> <Gruppenergebnis Position="17" NrIntern="17" ><Stimmergebnis Stimmart="LISTE" Stimmen="18" Anteil="0.0"/></Gruppenergebnis> <Gruppenergebnis Position="18" NrIntern="18" ><Stimmergebnis Stimmart="LISTE" Stimmen="18" Anteil="0.0"/></Gruppenergebnis> <Gruppenergebnis Position="19" NrIntern="19" ><Stimmergebnis Stimmart="LISTE" Stimmen="16" Anteil="0.0"/></Gruppenergebnis> <Gruppenergebnis Position="20" NrIntern="20" ><Stimmergebnis Stimmart="LISTE" Stimmen="15" Anteil="0.0"/></Gruppenergebnis> <Gruppenergebnis Position="21" NrIntern="21" ><Stimmergebnis Stimmart="LISTE" Stimmen="13" Anteil="0.0"/></Gruppenergebnis> <Gruppenergebnis Position="22" NrIntern="22" ><Stimmergebnis Stimmart="LISTE" Stimmen="16" Anteil="0.0"/></Gruppenergebnis> <Gruppenergebnis Position="23" NrIntern="25" ><Stimmergebnis Stimmart="DIREKT" Stimmen="212" Anteil="0.2"/></Gruppenergebnis> <Gruppenergebnis Position="24" NrIntern="40" ><Stimmergebnis Stimmart="DIREKT" Stimmen="39" Anteil="0.0"/></Gruppenergebnis> <Gruppenergebnis Position="SIEGER"><Stimmergebnis Sieger="Janich, Steffen ( AfD )" Art="N"/></Gruppenergebnis></Gebietsergebnis>   <Gebietsergebnis Gebietsart="KREIS" KreisNr="159" KreisName="Dresden I" Stand="1 von 1 Gemeinde" ><Gruppenergebnis Position="WB"><Stimmergebnis Stimmart="KEINE" Stimmen="229510"/></Gruppenergebnis><Gruppenergebnis Position="WAE"><Stimmergebnis Stimmart="KEINE" Stimmen="142867" Anteil="62.2"/></Gruppenergebnis><Gruppenergebnis Position="UNG"><Stimmergebnis Stimmart="DIREKT" Stimmen="1421" Anteil="1.0"/><Stimmergebnis Stimmart="LISTE" Stimmen="1427" Anteil="1.0"/></Gruppenergebnis><Gruppenergebnis Position="GUE"><Stimmergebnis Stimmart="DIREKT" Stimmen="141446" Anteil="99.0"/><Stimmergebnis Stimmart="LISTE" Stimmen="141440" Anteil="99.0"/></Gruppenergebnis><Gruppenergebnis Position="1" NrIntern="1" ><Stimmergebnis Stimmart="DIREKT" Stimmen="35343" Anteil="25.0"/><Stimmergebnis Stimmart="LISTE" Stimmen="35456" Anteil="25.1"/></Gruppenergebnis> <Gruppenergebnis Position="2" NrIntern="2" ><Stimmergebnis Stimmart="DIREKT" Stimmen="17569" Anteil="12.4"/><Stimmergebnis Stimmart="LISTE" Stimmen="17681" Anteil="12.5"/></Gruppenergebnis> <Gruppenergebnis Position="3" NrIntern="3" ><Stimmergebnis Stimmart="DIREKT" Stimmen="17721" Anteil="12.5"/><Stimmergebnis Stimmart="LISTE" Stimmen="17832" Anteil="12.6"/></Gruppenergebnis> <Gruppenergebnis Position="4" NrIntern="4" ><Stimmergebnis Stimmart="DIREKT" Stimmen="35197" Anteil="24.9"/><Stimmergebnis Stimmart="LISTE" Stimmen="35310" Anteil="25.0"/></Gruppenergebnis> <Gruppenergebnis Position="5" NrIntern="5" ><Stimmergebnis Stimmart="DIREKT" Stimmen="10708" Anteil="7.6"/><Stimmergebnis Stimmart="LISTE" Stimmen="14549" Anteil="10.3"/></Gruppenergebnis> <Gruppenergebnis Position="6" NrIntern="6" ><Stimmergebnis Stimmart="DIREKT" Stimmen="9213" Anteil="6.5"/><Stimmergebnis Stimmart="LISTE" Stimmen="10817" Anteil="7.6"/></Gruppenergebnis> <Gruppenergebnis Position="7" NrIntern="7" ><Stimmergebnis Stimmart="LISTE" Stimmen="1718" Anteil="1.2"/></Gruppenergebnis> <Gruppenergebnis Position="8" NrIntern="8" ><Stimmergebnis Stimmart="DIREKT" Stimmen="2876" Anteil="2.0"/><Stimmergebnis Stimmart="LISTE" Stimmen="2294" Anteil="1.6"/></Gruppenergebnis> <Gruppenergebnis Position="9" NrIntern="9" ><Stimmergebnis Stimmart="LISTE" Stimmen="908" Anteil="0.6"/></Gruppenergebnis> <Gruppenergebnis Position="10" NrIntern="10" ><Stimmergebnis Stimmart="LISTE" Stimmen="930" Anteil="0.7"/></Gruppenergebnis> <Gruppenergebnis Position="11" NrIntern="11" ><Stimmergebnis Stimmart="DIREKT" Stimmen="1500" Anteil="1.1"/><Stimmergebnis Stimmart="LISTE" Stimmen="790" Anteil="0.6"/></Gruppenergebnis> <Gruppenergebnis Position="12" NrIntern="12" ><Stimmergebnis Stimmart="DIREKT" Stimmen="1131" Anteil="0.8"/><Stimmergebnis Stimmart="LISTE" Stimmen="605" Anteil="0.4"/></Gruppenergebnis> <Gruppenergebnis Position="13" NrIntern="13" ><Stimmergebnis Stimmart="LISTE" Stimmen="165" Anteil="0.1"/></Gruppenergebnis> <Gruppenergebnis Position="14" NrIntern="14" ><Stimmergebnis Stimmart="DIREKT" Stimmen="9635" Anteil="6.8"/><Stimmergebnis Stimmart="LISTE" Stimmen="2352" Anteil="1.7"/></Gruppenergebnis> <Gruppenergebnis Position="15" NrIntern="15" ><Stimmergebnis Stimmart="DIREKT" Stimmen="550" Anteil="0.4"/><Stimmergebnis Stimmart="LISTE" Stimmen="33" Anteil="0.0"/></Gruppenergebnis> <Gruppenergebnis Position="16" NrIntern="16" ><Stimmergebnis Stimmart="DIREKT" Stimmen="3" Anteil="0.0"/><Stimmergebnis Stimmart="LISTE" Stimmen="0" Anteil="0.0"/></Gruppenergebnis> <Gruppenergebnis Position="17" NrIntern="17" ><Stimmergebnis Stimmart="LISTE" Stimmen="0" Anteil="0.0"/></Gruppenergebnis> <Gruppenergebnis Position="18" NrIntern="18" ><Stimmergebnis Stimmart="LISTE" Stimmen="0" Anteil="0.0"/></Gruppenergebnis> <Gruppenergebnis Position="19" NrIntern="19" ><Stimmergebnis Stimmart="DIREKT" Stimmen="0" Anteil="0.0"/><Stimmergebnis Stimmart="LISTE" Stimmen="0" Anteil="0.0"/></Gruppenergebnis> <Gruppenergebnis Position="20" NrIntern="20" ><Stimmergebnis Stimmart="LISTE" Stimmen="0" Anteil="0.0"/></Gruppenergebnis> <Gruppenergebnis Position="21" NrIntern="21" ><Stimmergebnis Stimmart="LISTE" Stimmen="0" Anteil="0.0"/></Gruppenergebnis> <Gruppenergebnis Position="22" NrIntern="22" ><Stimmergebnis Stimmart="LISTE" Stimmen="0" Anteil="0.0"/></Gruppenergebnis> <Gruppenergebnis Position="23" NrIntern="39" ><Stimmergebnis Stimmart="DIREKT" Stimmen="0" Anteil="0.0"/></Gruppenergebnis> <Gruppenergebnis Position="24" NrIntern="43" ><Stimmergebnis Stimmart="DIREKT" Stimmen="0" Anteil="0.0"/></Gruppenergebnis> <Gruppenergebnis Position="SIEGER"><Stimmergebnis Sieger="Maier, Jens ( AfD )" Art="N"/></Gruppenergebnis></Gebietsergebnis>   <Gebietsergebnis Gebietsart="KREIS" KreisNr="160" KreisName="Dresden II - Bautzen II" Stand="6 von 6 Gemeinden" ><Gruppenergebnis Position="WB"><Stimmergebnis Stimmart="KEINE" Stimmen="235307"/></Gruppenergebnis><Gruppenergebnis Position="WAE"><Stimmergebnis Stimmart="KEINE" Stimmen="151705" Anteil="64.5"/></Gruppenergebnis><Gruppenergebnis Position="UNG"><Stimmergebnis Stimmart="DIREKT" Stimmen="1572" Anteil="1.0"/><Stimmergebnis Stimmart="LISTE" Stimmen="1523" Anteil="1.0"/></Gruppenergebnis><Gruppenergebnis Position="GUE"><Stimmergebnis Stimmart="DIREKT" Stimmen="150133" Anteil="99.0"/><Stimmergebnis Stimmart="LISTE" Stimmen="150182" Anteil="99.0"/></Gruppenergebnis><Gruppenergebnis Position="1" NrIntern="1" ><Stimmergebnis Stimmart="DIREKT" Stimmen="37320" Anteil="24.9"/><Stimmergebnis Stimmart="LISTE" Stimmen="37565" Anteil="25.0"/></Gruppenergebnis> <Gruppenergebnis Position="2" NrIntern="2" ><Stimmergebnis Stimmart="DIREKT" Stimmen="18676" Anteil="12.4"/><Stimmergebnis Stimmart="LISTE" Stimmen="18730" Anteil="12.5"/></Gruppenergebnis> <Gruppenergebnis Position="3" NrIntern="3" ><Stimmergebnis Stimmart="DIREKT" Stimmen="18730" Anteil="12.5"/><Stimmergebnis Stimmart="LISTE" Stimmen="18745" Anteil="12.5"/></Gruppenergebnis> <Gruppenergebnis Position="4" NrIntern="4" ><Stimmergebnis Stimmart="DIREKT" Stimmen="37357" Anteil="24.9"/><Stimmergebnis Stimmart="LISTE" Stimmen="37523" Anteil="25.0"/></Gruppenergebnis> <Gruppenergebnis Position="5" NrIntern="5" ><Stimmergebnis Stimmart="DIREKT" Stimmen="10430" Anteil="6.9"/><Stimmergebnis Stimmart="LISTE" Stimmen="14260" Anteil="9.5"/></Gruppenergebnis> <Gruppenergebnis Position="6" NrIntern="6" ><Stimmergebnis Stimmart="DIREKT" Stimmen="12621" Anteil="8.4"/><Stimmergebnis Stimmart="LISTE" Stimmen="13261" Anteil="8.8"/></Gruppenergebnis> <Gruppenergebnis Position="7" NrIntern="7" ><Stimmergebnis Stimmart="LISTE" Stimmen="1981" Anteil="1.3"/></Gruppenergebnis> <Gruppenergebnis Position="8" NrIntern="8" ><Stimmergebnis Stimmart="DIREKT" Stimmen="3999" Anteil="2.7"/><Stimmergebnis Stimmart="LISTE" Stimmen="2739" Anteil="1.8"/></Gruppenergebnis> <Gruppenergebnis Position="9" NrIntern="9" ><Stimmergebnis Stimmart="LISTE" Stimmen="906" Anteil="0.6"/></Gruppenergebnis> <Gruppenergebnis Position="10" NrIntern="10" ><Stimmergebnis Stimmart="DIREKT" Stimmen="2273" Anteil="1.5"/><Stimmergebnis Stimmart="LISTE" Stimmen="1174" Anteil="0.8"/></Gruppenergebnis> <Gruppenergebnis Position="11" NrIntern="11" ><Stimmergebnis Stimmart="DIREKT" Stimmen="2044" Anteil="1.4"/><Stimmergebnis Stimmart="LISTE" Stimmen="679" Anteil="0.5"/></Gruppenergebnis> <Gruppenergebnis Position="12" NrIntern="12" ><Stimmergebnis Stimmart="DIREKT" Stimmen="1471" Anteil="1.0"/><Stimmergebnis Stimmart="LISTE" Stimmen="461" Anteil="0.3"/></Gruppenergebnis> <Gruppenergebnis Position="13" NrIntern="13" ><Stimmergebnis Stimmart="LISTE" Stimmen="121" Anteil="0.1"/></Gruppenergebnis> <Gruppenergebnis Position="14" NrIntern="14" ><Stimmergebnis Stimmart="DIREKT" Stimmen="203" Anteil="0.1"/><Stimmergebnis Stimmart="LISTE" Stimmen="2014" Anteil="1.3"/></Gruppenergebnis> <Gruppenergebnis Position="15" NrIntern="15" ><Stimmergebnis Stimmart="DIREKT" Stimmen="4739" Anteil="3.2"/><Stimmergebnis Stimmart="LISTE" Stimmen="23" Anteil="0.0"/></Gruppenergebnis> <Gruppenergebnis Position="16" NrIntern="16" ><Stimmergebnis Stimmart="LISTE" Stimmen="0" Anteil="0.0"/></Gruppenergebnis> <Gruppenergebnis Position="17" NrIntern="17" ><Stimmergebnis Stimmart="LISTE" Stimmen="0" Anteil="0.0"/></Gruppenergebnis> <Gruppenergebnis Position="18" NrIntern="18" ><Stimmergebnis Stimmart="LISTE" Stimmen="0" Anteil="0.0"/></Gruppenergebnis> <Gruppenergebnis Position="19" NrIntern="19" ><Stimmergebnis Stimmart="LISTE" Stimmen="0" Anteil="0.0"/></Gruppenergebnis> <Gruppenergebnis Position="20" NrIntern="20" ><Stimmergebnis Stimmart="DIREKT" Stimmen="247" Anteil="0.2"/><Stimmergebnis Stimmart="LISTE" Stimmen="0" Anteil="0.0"/></Gruppenergebnis> <Gruppenergebnis Position="21" NrIntern="21" ><Stimmergebnis Stimmart="LISTE" Stimmen="0" Anteil="0.0"/></Gruppenergebnis> <Gruppenergebnis Position="22" NrIntern="22" ><Stimmergebnis Stimmart="LISTE" Stimmen="0" Anteil="0.0"/></Gruppenergebnis> <Gruppenergebnis Position="23" NrIntern="26" ><Stimmergebnis Stimmart="DIREKT" Stimmen="1" Anteil="0.0"/></Gruppenergebnis> <Gruppenergebnis Position="24" NrIntern="29" ><Stimmergebnis Stimmart="DIREKT" Stimmen="22" Anteil="0.0"/></Gruppenergebnis> <Gruppenergebnis Position="25" NrIntern="32" ><Stimmergebnis Stimmart="DIREKT" Stimmen="0" Anteil="0.0"/></Gruppenergebnis> <Gruppenergebnis Position="SIEGER"><Stimmergebnis Sieger="Schumann, Stephan ( SPD )" Art="N"/></Gruppenergebnis></Gebietsergebnis>   <Gebietsergebnis Gebietsart="KREIS" KreisNr="161" KreisName="Mittelsachsen" Stand="37 von 37 Gemeinden" ><Gruppenergebnis Position="WB"><Stimmergebnis Stimmart="KEINE" Stimmen="197262"/></Gruppenergebnis><Gruppenergebnis Position="WAE"><Stimmergebnis Stimmart="KEINE" Stimmen="140565" Anteil="71.3"/></Gruppenergebnis><Gruppenergebnis Position="UNG"><Stimmergebnis Stimmart="DIREKT" Stimmen="1409" Anteil="1.0"/><Stimmergebnis Stimmart="LISTE" Stimmen="1400" Anteil="1.0"/></Gruppenergebnis><Gruppenergebnis Position="GUE"><Stimmergebnis Stimmart="DIREKT" Stimmen="139156" Anteil="99.0"/><Stimmergebnis Stimmart="LISTE" Stimmen="139165" Anteil="99.0"/></Gruppenergebnis><Gruppenergebnis Position="1" NrIntern="1" ><Stimmergebnis Stimmart="DIREKT" Stimmen="34642" Anteil="24.9"/><Stimmergebnis Stimmart="LISTE" Stimmen="34787" Anteil="25.0"/></Gruppenergebnis> <Gruppenergebnis Position="2" NrIntern="2" ><Stimmergebnis Stimmart="DIREKT" Stimmen="17379" Anteil="12.5"/><Stimmergebnis Stimmart="LISTE" Stimmen="17379" Anteil="12.5"/></Gruppenergebnis> <Gruppenergebnis Position="3" NrIntern="3" ><Stimmergebnis Stimmart="DIREKT" Stimmen="17417" Anteil="12.5"/><Stimmergebnis Stimmart="LISTE" Stimmen="17418" Anteil="12.5"/></Gruppenergebnis> <Gruppenergebnis Position="4" NrIntern="4" ><Stimmergebnis Stimmart="DIREKT" Stimmen="34709" Anteil="24.9"/><Stimmergebnis Stimmart="LISTE" Stimmen="34797" Anteil="25.0"/></Gruppenergebnis> <Gruppenergebnis Position="5" NrIntern="5" ><Stimmergebnis Stimmart="DIREKT" Stimmen="8137" Anteil="5.8"/><Stimmergebnis Stimmart="LISTE" Stimmen="11013" Anteil="7.9"/></Gruppenergebnis> <Gruppenergebnis Position="6" NrIntern="6" ><Stimmergebnis Stimmart="DIREKT" Stimmen="4312" Anteil="3.1"/><Stimmergebnis Stimmart="LISTE" Stimmen="3810" Anteil="2.7"/></Gruppenergebnis> <Gruppenergebnis Position="7" NrIntern="7" ><Stimmergebnis Stimmart="LISTE" Stimmen="1837" Anteil="1.3"/></Gruppenergebnis> <Gruppenergebnis Position="8" NrIntern="8" ><Stimmergebnis Stimmart="LISTE" Stimmen="1360" Anteil="1.0"/></Gruppenergebnis> <Gruppenergebnis Position="9" NrIntern="9" ><Stimmergebnis Stimmart="LISTE" Stimmen="1868" Anteil="1.3"/></Gruppenergebnis> <Gruppenergebnis Position="10" NrIntern="10" ><Stimmergebnis Stimmart="LISTE" Stimmen="1432" Anteil="1.0"/></Gruppenergebnis> <Gruppenergebnis Position="11" NrIntern="11" ><Stimmergebnis Stimmart="LISTE" Stimmen="606" Anteil="0.4"/></Gruppenergebnis> <Gruppenergebnis Position="12" NrIntern="12" ><Stimmergebnis Stimmart="DIREKT" Stimmen="16826" Anteil="12.1"/><Stimmergebnis Stimmart="LISTE" Stimmen="318" Anteil="0.2"/></Gruppenergebnis> <Gruppenergebnis Position="13" NrIntern="13" ><Stimmergebnis Stimmart="LISTE" Stimmen="136" Anteil="0.1"/></Gruppenergebnis> <Gruppenergebnis Position="14" NrIntern="14" ><Stimmergebnis Stimmart="LISTE" Stimmen="11280" Anteil="8.1"/></Gruppenergebnis> <Gruppenergebnis Position="15" NrIntern="15" ><Stimmergebnis Stimmart="DIREKT" Stimmen="5734" Anteil="4.1"/><Stimmergebnis Stimmart="LISTE" Stimmen="1087" Anteil="0.8"/></Gruppenergebnis> <Gruppenergebnis Position="16" NrIntern="16" ><Stimmergebnis Stimmart="LISTE" Stimmen="37" Anteil="0.0"/></Gruppenergebnis> <Gruppenergebnis Position="17" NrIntern="17" ><Stimmergebnis Stimmart="LISTE" Stimmen="0" Anteil="0.0"/></Gruppenergebnis> <Gruppenergebnis Position="18" NrIntern="18" ><Stimmergebnis Stimmart="LISTE" Stimmen="0" Anteil="0.0"/></Gruppenergebnis> <Gruppenergebnis Position="19" NrIntern="19" ><Stimmergebnis Stimmart="LISTE" Stimmen="0" Anteil="0.0"/></Gruppenergebnis> <Gruppenergebnis Position="20" NrIntern="20" ><Stimmergebnis Stimmart="LISTE" Stimmen="0" Anteil="0.0"/></Gruppenergebnis> <Gruppenergebnis Position="21" NrIntern="21" ><Stimmergebnis Stimmart="LISTE" Stimmen="0" Anteil="0.0"/></Gruppenergebnis> <Gruppenergebnis Position="22" NrIntern="22" ><Stimmergebnis Stimmart="LISTE" Stimmen="0" Anteil="0.0"/></Gruppenergebnis> <Gruppenergebnis Position="SIEGER"><Stimmergebnis Sieger="Gei&#223;ler, Alexander ( SPD )" Art="N"/></Gruppenergebnis></Gebietsergebnis>   <Gebietsergebnis Gebietsart="KREIS" KreisNr="162" KreisName="Chemnitz" Stand="1 von 1 Gemeinde" ><Gruppenergebnis Position="WB"><Stimmergebnis Stimmart="KEINE" Stimmen="189120"/></Gruppenergebnis><Gruppenergebnis Position="WAE"><Stimmergebnis Stimmart="KEINE" Stimmen="131992" Anteil="69.8"/></Gruppenergebnis><Gruppenergebnis Position="UNG"><Stimmergebnis Stimmart="DIREKT" Stimmen="1299" Anteil="1.0"/><Stimmergebnis Stimmart="LISTE" Stimmen="1286" Anteil="1.0"/></Gruppenergebnis><Gruppenergebnis Position="GUE"><Stimmergebnis Stimmart="DIREKT" Stimmen="130693" Anteil="99.0"/><Stimmergebnis Stimmart="LISTE" Stimmen="130706" Anteil="99.0"/></Gruppenergebnis><Gruppenergebnis Position="1" NrIntern="1" ><Stimmergebnis Stimmart="DIREKT" Stimmen="32815" Anteil="25.1"/><Stimmergebnis Stimmart="LISTE" Stimmen="32715" Anteil="25.0"/></Gruppenergebnis> <Gruppenergebnis Position="2" NrIntern="2" ><Stimmergebnis Stimmart="DIREKT" Stimmen="16339" Anteil="12.5"/><Stimmergebnis Stimmart="LISTE" Stimmen="16357" Anteil="12.5"/></Gruppenergebnis> <Gruppenergebnis Position="3" NrIntern="3" ><Stimmergebnis Stimmart="DIREKT" Stimmen="16342" Anteil="12.5"/><Stimmergebnis Stimmart="LISTE" Stimmen="16381" Anteil="12.5"/></Gruppenergebnis> <Gruppenergebnis Position="4" NrIntern="4" ><Stimmergebnis Stimmart="DIREKT" Stimmen="32816" Anteil="25.1"/><Stimmergebnis Stimmart="LISTE" Stimmen="32674" Anteil="25.0"/></Gruppenergebnis> <Gruppenergebnis Position="5" NrIntern="5" ><Stimmergebnis Stimmart="DIREKT" Stimmen="8571" Anteil="6.6"/><Stimmergebnis Stimmart="LISTE" Stimmen="10936" Anteil="8.4"/></Gruppenergebnis> <Gruppenergebnis Position="6" NrIntern="6" ><Stimmergebnis Stimmart="DIREKT" Stimmen="5547" Anteil="4.2"/><Stimmergebnis Stimmart="LISTE" Stimmen="6107" Anteil="4.7"/></Gruppenergebnis> <Gruppenergebnis Position="7" NrIntern="7" ><Stimmergebnis Stimmart="LISTE" Stimmen="1833" Anteil="1.4"/></Gruppenergebnis> <Gruppenergebnis Position="8" NrIntern="8" ><Stimmergebnis Stimmart="DIREKT" Stimmen="3077" Anteil="2.4"/><Stimmergebnis Stimmart="LISTE" Stimmen="2457" Anteil="1.9"/></Gruppenergebnis> <Gruppenergebnis Position="9" NrIntern="9" ><Stimmergebnis Stimmart="LISTE" Stimmen="1027" Anteil="0.8"/></Gruppenergebnis> <Gruppenergebnis Position="10" NrIntern="10" ><Stimmergebnis Stimmart="LISTE" Stimmen="962" Anteil="0.7"/></Gruppenergebnis> <Gruppenergebnis Position="11" NrIntern="11" ><Stimmergebnis Stimmart="LISTE" Stimmen="789" Anteil="0.6"/></Gruppenergebnis> <Gruppenergebnis Position="12" NrIntern="12" ><Stimmergebnis Stimmart="DIREKT" Stimmen="11383" Anteil="8.7"/><Stimmergebnis Stimmart="LISTE" Stimmen="289" Anteil="0.2"/></Gruppenergebnis> <Gruppenergebnis Position="13" NrIntern="13" ><Stimmergebnis Stimmart="DIREKT" Stimmen="3321" Anteil="2.5"/><Stimmergebnis Stimmart="LISTE" Stimmen="228" Anteil="0.2"/></Gruppenergebnis> <Gruppenergebnis Position="14" NrIntern="14" ><Stimmergebnis Stimmart="LISTE" Stimmen="7413" Anteil="5.7"/></Gruppenergebnis> <Gruppenergebnis Position="15" NrIntern="15" ><Stimmergebnis Stimmart="DIREKT" Stimmen="389" Anteil="0.3"/><Stimmergebnis Stimmart="LISTE" Stimmen="526" Anteil="0.4"/></Gruppenergebnis> <Gruppenergebnis Position="16" NrIntern="16" ><Stimmergebnis Stimmart="LISTE" Stimmen="12" Anteil="0.0"/></Gruppenergebnis> <Gruppenergebnis Position="17" NrIntern="17" ><Stimmergebnis Stimmart="LISTE" Stimmen="0" Anteil="0.0"/></Gruppenergebnis> <Gruppenergebnis Position="18" NrIntern="18" ><Stimmergebnis Stimmart="LISTE" Stimmen="0" Anteil="0.0"/></Gruppenergebnis> <Gruppenergebnis Position="19" NrIntern="19" ><Stimmergebnis Stimmart="LISTE" Stimmen="0" Anteil="0.0"/></Gruppenergebnis> <Gruppenergebnis Position="20" NrIntern="20" ><Stimmergebnis Stimmart="LISTE" Stimmen="0" Anteil="0.0"/></Gruppenergebnis> <Gruppenergebnis Position="21" NrIntern="21" ><Stimmergebnis Stimmart="LISTE" Stimmen="0" Anteil="0.0"/></Gruppenergebnis> <Gruppenergebnis Position="22" NrIntern="22" ><Stimmergebnis Stimmart="LISTE" Stimmen="0" Anteil="0.0"/></Gruppenergebnis> <Gruppenergebnis Position="23" NrIntern="27" ><Stimmergebnis Stimmart="DIREKT" Stimmen="93" Anteil="0.1"/></Gruppenergebnis> <Gruppenergebnis Position="24" NrIntern="35" ><Stimmergebnis Stimmart="DIREKT" Stimmen="0" Anteil="0.0"/></Gruppenergebnis> <Gruppenergebnis Position="25" NrIntern="42" ><Stimmergebnis Stimmart="DIREKT" Stimmen="0" Anteil="0.0"/></Gruppenergebnis> <Gruppenergebnis Position="SIEGER"><Stimmergebnis Sieger="M&#252;ller, Detlef ( SPD )" Art="N"/></Gruppenergebnis></Gebietsergebnis>   <Gebietsergebnis Gebietsart="KREIS" KreisNr="163" KreisName="Chemnitzer Umland - Erzgebirgskreis II" Stand="38 von 38 Gemeinden" ><Gruppenergebnis Position="WB"><Stimmergebnis Stimmart="KEINE" Stimmen="180877"/></Gruppenergebnis><Gruppenergebnis Position="WAE"><Stimmergebnis Stimmart="KEINE" Stimmen="127652" Anteil="70.6"/></Gruppenergebnis><Gruppenergebnis Position="UNG"><Stimmergebnis Stimmart="DIREKT" Stimmen="1269" Anteil="1.0"/><Stimmergebnis Stimmart="LISTE" Stimmen="1252" Anteil="1.0"/></Gruppenergebnis><Gruppenergebnis Position="GUE"><Stimmergebnis Stimmart="DIREKT" Stimmen="126383" Anteil="99.0"/><Stimmergebnis Stimmart="LISTE" Stimmen="126400" Anteil="99.0"/></Gruppenergebnis><Gruppenergebnis Position="1" NrIntern="1" ><Stimmergebnis Stimmart="DIREKT" Stimmen="31542" Anteil="25.0"/><Stimmergebnis Stimmart="LISTE" Stimmen="31530" Anteil="24.9"/></Gruppenergebnis> <Gruppenergebnis Position="2" NrIntern="2" ><Stimmergebnis Stimmart="DIREKT" Stimmen="15806" Anteil="12.5"/><Stimmergebnis Stimmart="LISTE" Stimmen="15800" Anteil="12.5"/></Gruppenergebnis> <Gruppenergebnis Position="3" NrIntern="3" ><Stimmergebnis Stimmart="DIREKT" Stimmen="15811" Anteil="12.5"/><Stimmergebnis Stimmart="LISTE" Stimmen="15790" Anteil="12.5"/></Gruppenergebnis> <Gruppenergebnis Position="4" NrIntern="4" ><Stimmergebnis Stimmart="DIREKT" Stimmen="31685" Anteil="25.1"/><Stimmergebnis Stimmart="LISTE" Stimmen="31680" Anteil="25.1"/></Gruppenergebnis> <Gruppenergebnis Position="5" NrIntern="5" ><Stimmergebnis Stimmart="DIREKT" Stimmen="9475" Anteil="7.5"/><Stimmergebnis Stimmart="LISTE" Stimmen="9620" Anteil="7.6"/></Gruppenergebnis> <Gruppenergebnis Position="6" NrIntern="6" ><Stimmergebnis Stimmart="DIREKT" Stimmen="4228" Anteil="3.3"/><Stimmergebnis Stimmart="LISTE" Stimmen="3531" Anteil="2.8"/></Gruppenergebnis> <Gruppenergebnis Position="7" NrIntern="7" ><Stimmergebnis Stimmart="LISTE" Stimmen="1684" Anteil="1.3"/></Gruppenergebnis> <Gruppenergebnis Position="8" NrIntern="8" ><Stimmergebnis Stimmart="DIREKT" Stimmen="13647" Anteil="10.8"/><Stimmergebnis Stimmart="LISTE" Stimmen="1363" Anteil="1.1"/></Gruppenergebnis> <Gruppenergebnis Position="9" NrIntern="9" ><Stimmergebnis Stimmart="LISTE" Stimmen="1585" Anteil="1.3"/></Gruppenergebnis> <Gruppenergebnis Position="10" NrIntern="10" ><Stimmergebnis Stimmart="DIREKT" Stimmen="3714" Anteil="2.9"/><Stimmergebnis Stimmart="LISTE" Stimmen="1686" Anteil="1.3"/></Gruppenergebnis> <Gruppenergebnis Position="11" NrIntern="11" ><Stimmergebnis Stimmart="LISTE" Stimmen="475" Anteil="0.4"/></Gruppenergebnis> <Gruppenergebnis Position="12" NrIntern="12" ><Stimmergebnis Stimmart="DIREKT" Stimmen="449" Anteil="0.4"/><Stimmergebnis Stimmart="LISTE" Stimmen="254" Anteil="0.2"/></Gruppenergebnis> <Gruppenergebnis Position="13" NrIntern="13" ><Stimmergebnis Stimmart="LISTE" Stimmen="145" Anteil="0.1"/></Gruppenergebnis> <Gruppenergebnis Position="14" NrIntern="14" ><Stimmergebnis Stimmart="LISTE" Stimmen="10135" Anteil="8.0"/></Gruppenergebnis> <Gruppenergebnis Position="15" NrIntern="15" ><Stimmergebnis Stimmart="DIREKT" Stimmen="26" Anteil="0.0"/><Stimmergebnis Stimmart="LISTE" Stimmen="1104" Anteil="0.9"/></Gruppenergebnis> <Gruppenergebnis Position="16" NrIntern="16" ><Stimmergebnis Stimmart="LISTE" Stimmen="18" Anteil="0.0"/></Gruppenergebnis> <Gruppenergebnis Position="17" NrIntern="17" ><Stimmergebnis Stimmart="LISTE" Stimmen="0" Anteil="0.0"/></Gruppenergebnis> <Gruppenergebnis Position="18" NrIntern="18" ><Stimmergebnis Stimmart="LISTE" Stimmen="0" Anteil="0.0"/></Gruppenergebnis> <Gruppenergebnis Position="19" NrIntern="19" ><Stimmergebnis Stimmart="LISTE" Stimmen="0" Anteil="0.0"/></Gruppenergebnis> <Gruppenergebnis Position="20" NrIntern="20" ><Stimmergebnis Stimmart="LISTE" Stimmen="0" Anteil="0.0"/></Gruppenergebnis> <Gruppenergebnis Position="21" NrIntern="21" ><Stimmergebnis Stimmart="LISTE" Stimmen="0" Anteil="0.0"/></Gruppenergebnis> <Gruppenergebnis Position="22" NrIntern="22" ><Stimmergebnis Stimmart="LISTE" Stimmen="0" Anteil="0.0"/></Gruppenergebnis> <Gruppenergebnis Position="SIEGER"><Stimmergebnis Sieger="Kasper, Carlos ( SPD )" Art="N"/></Gruppenergebnis></Gebietsergebnis>   <Gebietsergebnis Gebietsart="KREIS" KreisNr="164" KreisName="Erzgebirgskreis I" Stand="46 von 46 Gemeinden" ><Gruppenergebnis Position="WB"><Stimmergebnis Stimmart="KEINE" Stimmen="213462"/></Gruppenergebnis><Gruppenergebnis Position="WAE"><Stimmergebnis Stimmart="KEINE" Stimmen="156267" Anteil="73.2"/></Gruppenergebnis><Gruppenergebnis Position="UNG"><Stimmergebnis Stimmart="DIREKT" Stimmen="1509" Anteil="1.0"/><Stimmergebnis Stimmart="LISTE" Stimmen="1521" Anteil="1.0"/></Gruppenergebnis><Gruppenergebnis Position="GUE"><Stimmergebnis Stimmart="DIREKT" Stimmen="154758" Anteil="99.0"/><Stimmergebnis Stimmart="LISTE" Stimmen="154746" Anteil="99.0"/></Gruppenergebnis><Gruppenergebnis Position="1" NrIntern="1" ><Stimmergebnis Stimmart="DIREKT" Stimmen="38789" Anteil="25.1"/><Stimmergebnis Stimmart="LISTE" Stimmen="38713" Anteil="25.0"/></Gruppenergebnis> <Gruppenergebnis Position="2" NrIntern="2" ><Stimmergebnis Stimmart="DIREKT" Stimmen="19409" Anteil="12.5"/><Stimmergebnis Stimmart="LISTE" Stimmen="19307" Anteil="12.5"/></Gruppenergebnis> <Gruppenergebnis Position="3" NrIntern="3" ><Stimmergebnis Stimmart="DIREKT" Stimmen="19364" Anteil="12.5"/><Stimmergebnis Stimmart="LISTE" Stimmen="19354" Anteil="12.5"/></Gruppenergebnis> <Gruppenergebnis Position="4" NrIntern="4" ><Stimmergebnis Stimmart="DIREKT" Stimmen="38653" Anteil="25.0"/><Stimmergebnis Stimmart="LISTE" Stimmen="38620" Anteil="25.0"/></Gruppenergebnis> <Gruppenergebnis Position="5" NrIntern="5" ><Stimmergebnis Stimmart="DIREKT" Stimmen="11212" Anteil="7.2"/><Stimmergebnis Stimmart="LISTE" Stimmen="11426" Anteil="7.4"/></Gruppenergebnis> <Gruppenergebnis Position="6" NrIntern="6" ><Stimmergebnis Stimmart="DIREKT" Stimmen="4088" Anteil="2.6"/><Stimmergebnis Stimmart="LISTE" Stimmen="3461" Anteil="2.2"/></Gruppenergebnis> <Gruppenergebnis Position="7" NrIntern="7" ><Stimmergebnis Stimmart="LISTE" Stimmen="2219" Anteil="1.4"/></Gruppenergebnis> <Gruppenergebnis Position="8" NrIntern="8" ><Stimmergebnis Stimmart="DIREKT" Stimmen="16275" Anteil="10.5"/><Stimmergebnis Stimmart="LISTE" Stimmen="1355" Anteil="0.9"/></Gruppenergebnis> <Gruppenergebnis Position="9" NrIntern="9" ><Stimmergebnis Stimmart="LISTE" Stimmen="2583" Anteil="1.7"/></Gruppenergebnis> <Gruppenergebnis Position="10" NrIntern="10" ><Stimmergebnis Stimmart="DIREKT" Stimmen="5363" Anteil="3.5"/><Stimmergebnis Stimmart="LISTE" Stimmen="2192" Anteil="1.4"/></Gruppenergebnis> <Gruppenergebnis Position="11" NrIntern="11" ><Stimmergebnis Stimmart="LISTE" Stimmen="502" Anteil="0.3"/></Gruppenergebnis> <Gruppenergebnis Position="12" NrIntern="12" ><Stimmergebnis Stimmart="LISTE" Stimmen="352" Anteil="0.2"/></Gruppenergebnis> <Gruppenergebnis Position="13" NrIntern="13" ><Stimmergebnis Stimmart="DIREKT" Stimmen="1291" Anteil="0.8"/><Stimmergebnis Stimmart="LISTE" Stimmen="187" Anteil="0.1"/></Gruppenergebnis> <Gruppenergebnis Position="14" NrIntern="14" ><Stimmergebnis Stimmart="LISTE" Stimmen="12317" Anteil="8.0"/></Gruppenergebnis> <Gruppenergebnis Position="15" NrIntern="15" ><Stimmergebnis Stimmart="DIREKT" Stimmen="259" Anteil="0.2"/><Stimmergebnis Stimmart="LISTE" Stimmen="1883" Anteil="1.2"/></Gruppenergebnis> <Gruppenergebnis Position="16" NrIntern="16" ><Stimmergebnis Stimmart="DIREKT" Stimmen="55" Anteil="0.0"/><Stimmergebnis Stimmart="LISTE" Stimmen="247" Anteil="0.2"/></Gruppenergebnis> <Gruppenergebnis Position="17" NrIntern="17" ><Stimmergebnis Stimmart="LISTE" Stimmen="28" Anteil="0.0"/></Gruppenergebnis> <Gruppenergebnis Position="18" NrIntern="18" ><Stimmergebnis Stimmart="LISTE" Stimmen="0" Anteil="0.0"/></Gruppenergebnis> <Gruppenergebnis Position="19" NrIntern="19" ><Stimmergebnis Stimmart="LISTE" Stimmen="0" Anteil="0.0"/></Gruppenergebnis> <Gruppenergebnis Position="20" NrIntern="20" ><Stimmergebnis Stimmart="LISTE" Stimmen="0" Anteil="0.0"/></Gruppenergebnis> <Gruppenergebnis Position="21" NrIntern="21" ><Stimmergebnis Stimmart="LISTE" Stimmen="0" Anteil="0.0"/></Gruppenergebnis> <Gruppenergebnis Position="22" NrIntern="22" ><Stimmergebnis Stimmart="LISTE" Stimmen="0" Anteil="0.0"/></Gruppenergebnis> <Gruppenergebnis Position="23" NrIntern="41" ><Stimmergebnis Stimmart="DIREKT" Stimmen="0" Anteil="0.0"/></Gruppenergebnis> <Gruppenergebnis Position="SIEGER"><Stimmergebnis Sieger="Dietz, Thomas ( AfD )" Art="N"/></Gruppenergebnis></Gebietsergebnis>   <Gebietsergebnis Gebietsart="KREIS" KreisNr="165" KreisName="Zwickau" Stand="24 von 24 Gemeinden" ><Gruppenergebnis Position="WB"><Stimmergebnis Stimmart="KEINE" Stimmen="199616"/></Gruppenergebnis><Gruppenergebnis Position="WAE"><Stimmergebnis Stimmart="KEINE" Stimmen="140272" Anteil="70.3"/></Gruppenergebnis><Gruppenergebnis Position="UNG"><Stimmergebnis Stimmart="DIREKT" Stimmen="1405" Anteil="1.0"/><Stimmergebnis Stimmart="LISTE" Stimmen="1388" Anteil="1.0"/></Gruppenergebnis><Gruppenergebnis Position="GUE"><Stimmergebnis Stimmart="DIREKT" Stimmen="138867" Anteil="99.0"/><Stimmergebnis Stimmart="LISTE" Stimmen="138884" Anteil="99.0"/></Gruppenergebnis><Gruppenergebnis Position="1" NrIntern="1" ><Stimmergebnis Stimmart="DIREKT" Stimmen="18458" Anteil="13.3"/><Stimmergebnis Stimmart="LISTE" Stimmen="34853" Anteil="25.1"/></Gruppenergebnis> <Gruppenergebnis Position="2" NrIntern="2" ><Stimmergebnis Stimmart="DIREKT" Stimmen="17360" Anteil="12.5"/><Stimmergebnis Stimmart="LISTE" Stimmen="17368" Anteil="12.5"/></Gruppenergebnis> <Gruppenergebnis Position="3" NrIntern="3" ><Stimmergebnis Stimmart="DIREKT" Stimmen="17365" Anteil="12.5"/><Stimmergebnis Stimmart="LISTE" Stimmen="17344" Anteil="12.5"/></Gruppenergebnis> <Gruppenergebnis Position="4" NrIntern="4" ><Stimmergebnis Stimmart="DIREKT" Stimmen="34447" Anteil="24.8"/><Stimmergebnis Stimmart="LISTE" Stimmen="34662" Anteil="25.0"/></Gruppenergebnis> <Gruppenergebnis Position="5" NrIntern="5" ><Stimmergebnis Stimmart="DIREKT" Stimmen="18251" Anteil="13.1"/><Stimmergebnis Stimmart="LISTE" Stimmen="10510" Anteil="7.6"/></Gruppenergebnis> <Gruppenergebnis Position="6" NrIntern="6" ><Stimmergebnis Stimmart="DIREKT" Stimmen="5896" Anteil="4.2"/><Stimmergebnis Stimmart="LISTE" Stimmen="4006" Anteil="2.9"/></Gruppenergebnis> <Gruppenergebnis Position="7" NrIntern="7" ><Stimmergebnis Stimmart="LISTE" Stimmen="2013" Anteil="1.4"/></Gruppenergebnis> <Gruppenergebnis Position="8" NrIntern="8" ><Stimmergebnis Stimmart="LISTE" Stimmen="1314" Anteil="0.9"/></Gruppenergebnis> <Gruppenergebnis Position="9" NrIntern="9" ><Stimmergebnis Stimmart="LISTE" Stimmen="1239" Anteil="0.9"/></Gruppenergebnis> <Gruppenergebnis Position="10" NrIntern="10" ><Stimmergebnis Stimmart="DIREKT" Stimmen="11968" Anteil="8.6"/><Stimmergebnis Stimmart="LISTE" Stimmen="1569" Anteil="1.1"/></Gruppenergebnis> <Gruppenergebnis Position="11" NrIntern="11" ><Stimmergebnis Stimmart="LISTE" Stimmen="431" Anteil="0.3"/></Gruppenergebnis> <Gruppenergebnis Position="12" NrIntern="12" ><Stimmergebnis Stimmart="DIREKT" Stimmen="8126" Anteil="5.9"/><Stimmergebnis Stimmart="LISTE" Stimmen="274" Anteil="0.2"/></Gruppenergebnis> <Gruppenergebnis Position="13" NrIntern="13" ><Stimmergebnis Stimmart="LISTE" Stimmen="226" Anteil="0.2"/></Gruppenergebnis> <Gruppenergebnis Position="14" NrIntern="14" ><Stimmergebnis Stimmart="LISTE" Stimmen="11111" Anteil="8.0"/></Gruppenergebnis> <Gruppenergebnis Position="15" NrIntern="15" ><Stimmergebnis Stimmart="DIREKT" Stimmen="4454" Anteil="3.2"/><Stimmergebnis Stimmart="LISTE" Stimmen="1886" Anteil="1.4"/></Gruppenergebnis> <Gruppenergebnis Position="16" NrIntern="16" ><Stimmergebnis Stimmart="LISTE" Stimmen="78" Anteil="0.1"/></Gruppenergebnis> <Gruppenergebnis Position="17" NrIntern="17" ><Stimmergebnis Stimmart="LISTE" Stimmen="0" Anteil="0.0"/></Gruppenergebnis> <Gruppenergebnis Position="18" NrIntern="18" ><Stimmergebnis Stimmart="LISTE" Stimmen="0" Anteil="0.0"/></Gruppenergebnis> <Gruppenergebnis Position="19" NrIntern="19" ><Stimmergebnis Stimmart="LISTE" Stimmen="0" Anteil="0.0"/></Gruppenergebnis> <Gruppenergebnis Position="20" NrIntern="20" ><Stimmergebnis Stimmart="LISTE" Stimmen="0" Anteil="0.0"/></Gruppenergebnis> <Gruppenergebnis Position="21" NrIntern="21" ><Stimmergebnis Stimmart="LISTE" Stimmen="0" Anteil="0.0"/></Gruppenergebnis> <Gruppenergebnis Position="22" NrIntern="22" ><Stimmergebnis Stimmart="LISTE" Stimmen="0" Anteil="0.0"/></Gruppenergebnis> <Gruppenergebnis Position="23" NrIntern="34" ><Stimmergebnis Stimmart="DIREKT" Stimmen="2542" Anteil="1.8"/></Gruppenergebnis> <Gruppenergebnis Position="SIEGER"><Stimmergebnis Sieger="Schubert, Gundula ( SPD )" Art="N"/></Gruppenergebnis></Gebietsergebnis>   <Gebietsergebnis Gebietsart="KREIS" KreisNr="166" KreisName="Vogtlandkreis" Stand="37 von 37 Gemeinden" ><Gruppenergebnis Position="WB"><Stimmergebnis Stimmart="KEINE" Stimmen="186538"/></Gruppenergebnis><Gruppenergebnis Position="WAE"><Stimmergebnis Stimmart="KEINE" Stimmen="137374" Anteil="73.6"/></Gruppenergebnis><Gruppenergebnis Position="UNG"><Stimmergebnis Stimmart="DIREKT" Stimmen="1365" Anteil="1.0"/><Stimmergebnis Stimmart="LISTE" Stimmen="1366" Anteil="1.0"/></Gruppenergebnis><Gruppenergebnis Position="GUE"><Stimmergebnis Stimmart="DIREKT" Stimmen="136009" Anteil="99.0"/><Stimmergebnis Stimmart="LISTE" Stimmen="136008" Anteil="99.0"/></Gruppenergebnis><Gruppenergebnis Position="1" NrIntern="1" ><Stimmergebnis Stimmart="DIREKT" Stimmen="33949" Anteil="25.0"/><Stimmergebnis Stimmart="LISTE" Stimmen="34145" Anteil="25.1"/></Gruppenergebnis> <Gruppenergebnis Position="2" NrIntern="2" ><Stimmergebnis Stimmart="DIREKT" Stimmen="16946" Anteil="12.5"/><Stimmergebnis Stimmart="LISTE" Stimmen="17083" Anteil="12.6"/></Gruppenergebnis> <Gruppenergebnis Position="3" NrIntern="3" ><Stimmergebnis Stimmart="DIREKT" Stimmen="16948" Anteil="12.5"/><Stimmergebnis Stimmart="LISTE" Stimmen="16988" Anteil="12.5"/></Gruppenergebnis> <Gruppenergebnis Position="4" NrIntern="4" ><Stimmergebnis Stimmart="DIREKT" Stimmen="34029" Anteil="25.0"/><Stimmergebnis Stimmart="LISTE" Stimmen="33984" Anteil="25.0"/></Gruppenergebnis> <Gruppenergebnis Position="5" NrIntern="5" ><Stimmergebnis Stimmart="DIREKT" Stimmen="7587" Anteil="5.6"/><Stimmergebnis Stimmart="LISTE" Stimmen="9770" Anteil="7.2"/></Gruppenergebnis> <Gruppenergebnis Position="6" NrIntern="6" ><Stimmergebnis Stimmart="DIREKT" Stimmen="5105" Anteil="3.8"/><Stimmergebnis Stimmart="LISTE" Stimmen="4081" Anteil="3.0"/></Gruppenergebnis> <Gruppenergebnis Position="7" NrIntern="7" ><Stimmergebnis Stimmart="LISTE" Stimmen="1988" Anteil="1.5"/></Gruppenergebnis> <Gruppenergebnis Position="8" NrIntern="8" ><Stimmergebnis Stimmart="LISTE" Stimmen="1445" Anteil="1.1"/></Gruppenergebnis> <Gruppenergebnis Position="9" NrIntern="9" ><Stimmergebnis Stimmart="LISTE" Stimmen="1394" Anteil="1.0"/></Gruppenergebnis> <Gruppenergebnis Position="10" NrIntern="10" ><Stimmergebnis Stimmart="LISTE" Stimmen="1241" Anteil="0.9"/></Gruppenergebnis> <Gruppenergebnis Position="11" NrIntern="11" ><Stimmergebnis Stimmart="LISTE" Stimmen="408" Anteil="0.3"/></Gruppenergebnis> <Gruppenergebnis Position="12" NrIntern="12" ><Stimmergebnis Stimmart="DIREKT" Stimmen="14948" Anteil="11.0"/><Stimmergebnis Stimmart="LISTE" Stimmen="294" Anteil="0.2"/></Gruppenergebnis> <Gruppenergebnis Position="13" NrIntern="13" ><Stimmergebnis Stimmart="LISTE" Stimmen="143" Anteil="0.1"/></Gruppenergebnis> <Gruppenergebnis Position="14" NrIntern="14" ><Stimmergebnis Stimmart="LISTE" Stimmen="11403" Anteil="8.4"/></Gruppenergebnis> <Gruppenergebnis Position="15" NrIntern="15" ><Stimmergebnis Stimmart="DIREKT" Stimmen="5687" Anteil="4.2"/><Stimmergebnis Stimmart="LISTE" Stimmen="1563" Anteil="1.1"/></Gruppenergebnis> <Gruppenergebnis Position="16" NrIntern="16" ><Stimmergebnis Stimmart="LISTE" Stimmen="78" Anteil="0.1"/></Gruppenergebnis> <Gruppenergebnis Position="17" NrIntern="17" ><Stimmergebnis Stimmart="DIREKT" Stimmen="694" Anteil="0.5"/><Stimmergebnis Stimmart="LISTE" Stimmen="0" Anteil="0.0"/></Gruppenergebnis> <Gruppenergebnis Position="18" NrIntern="18" ><Stimmergebnis Stimmart="LISTE" Stimmen="0" Anteil="0.0"/></Gruppenergebnis> <Gruppenergebnis Position="19" NrIntern="19" ><Stimmergebnis Stimmart="LISTE" Stimmen="0" Anteil="0.0"/></Gruppenergebnis> <Gruppenergebnis Position="20" NrIntern="20" ><Stimmergebnis Stimmart="LISTE" Stimmen="0" Anteil="0.0"/></Gruppenergebnis> <Gruppenergebnis Position="21" NrIntern="21" ><Stimmergebnis Stimmart="LISTE" Stimmen="0" Anteil="0.0"/></Gruppenergebnis> <Gruppenergebnis Position="22" NrIntern="22" ><Stimmergebnis Stimmart="LISTE" Stimmen="0" Anteil="0.0"/></Gruppenergebnis> <Gruppenergebnis Position="23" NrIntern="36" ><Stimmergebnis Stimmart="DIREKT" Stimmen="116" Anteil="0.1"/></Gruppenergebnis> <Gruppenergebnis Position="24" NrIntern="38" ><Stimmergebnis Stimmart="DIREKT" Stimmen="0" Anteil="0.0"/></Gruppenergebnis> <Gruppenergebnis Position="SIEGER"><Stimmergebnis Sieger="Burmeister, Kay ( SPD )" Art="N"/></Gruppenergebnis></Gebietsergebnis>   </Wahlergebnis>