;WK-Nr;WK-Name;AGS;Wahlberechtigte;Wähler;gültige_1;CDU_1;DIE LINKE_1;SPD_1;FDP_1;GRÜNE_1;NPD_1;PIRATEN_1;BüSo_1;DSU_1;AfD_1;FREIE WÄHLER_1;Die PARTEI_1;Freie Bürger Leipzig_1;Konrad Skatula_1;Schaar_1;WAGNER_1;WV MFU_1;gültige_2;CDU_2;DIE LINKE_2;SPD_2;FDP_2;GRÜNE_2;NPD_2;Tierschutzpartei_2;PIRATEN_2;BüSo_2;DSU_2;AfD_2;pro Deutschland_2;FREIE WÄHLER_2;Die PARTEI_2
0;1;Vogtland 1;14523320;53832;25049;24563;8140;5137;3866;1086;1770;1007;265.0;;;2832.0;460.0;;;;;;;24637;8943;4999;3723;865;1195;1161;253;186;23;49;2784;25;262;169
1;2;Vogtland 2;14523010;4441;1781;1753;641;267;269;41;31;97;7.0;;;133.0;267.0;;;;;;;1757;734;275;273;34;33;119;17;12;1;3;181;3;68;4
2;2;Vogtland 2;14523030;1697;610;597;278;102;80;10;10;25;2.0;;;69.0;21.0;;;;;;;603;277;107;73;8;14;26;3;0;1;6;76;0;10;2
3;2;Vogtland 2;14523040;3142;1842;1808;684;352;298;68;48;51;12.0;;;170.0;125.0;;;;;;;1811;708;354;264;52;57;50;22;7;2;1;219;6;62;7
4;2;Vogtland 2;14523050;874;369;363;156;60;55;10;5;16;4.0;;;49.0;8.0;;;;;;;364;158;51;60;12;2;21;7;4;0;2;40;0;6;1
5;2;Vogtland 2;14523060;1013;395;392;143;76;72;10;15;28;6.0;;;36.0;6.0;;;;;;;391;156;71;49;11;16;25;7;4;2;3;43;0;3;1
6;2;Vogtland 2;14523080;1057;425;414;154;86;62;6;15;37;2.0;;;36.0;16.0;;;;;;;414;164;85;52;8;12;38;7;0;1;1;33;0;11;2
7;2;Vogtland 2;14523200;6782;2994;2946;1273;422;394;117;97;119;30.0;;;408.0;86.0;;;;;;;2959;1268;419;353;137;104;121;31;15;4;11;432;4;51;9
8;2;Vogtland 2;14523230;1153;488;477;210;58;49;16;8;33;5.0;;;85.0;13.0;;;;;;;479;221;58;35;15;9;35;3;4;0;1;86;1;8;3
9;2;Vogtland 2;14523300;9193;3950;3887;1418;846;681;137;109;184;40.0;;;414.0;58.0;;;;;;;3899;1448;810;558;147;111;218;48;32;2;30;446;3;30;16
10;2;Vogtland 2;14523310;4504;2598;2554;1159;388;345;109;101;100;13.0;;;251.0;88.0;;;;;;;2565;1164;395;315;102;91;129;18;12;0;8;239;2;80;10
11;2;Vogtland 2;14523350;826;366;363;175;40;45;26;17;13;4.0;;;38.0;5.0;;;;;;;364;180;44;41;18;14;13;1;2;1;6;41;0;2;1
12;2;Vogtland 2;14523365;3658;1516;1480;526;277;182;53;59;92;9.0;;;258.0;24.0;;;;;;;1486;571;247;188;63;60;108;9;8;1;3;199;1;24;4
13;2;Vogtland 2;14523370;2822;1610;1578;695;269;202;46;50;76;6.0;;;180.0;54.0;;;;;;;1584;686;268;174;50;51;84;21;9;0;6;183;1;46;5
14;2;Vogtland 2;14523410;885;614;591;214;98;88;47;20;37;8.0;;;72.0;7.0;;;;;;;596;241;86;66;37;14;45;13;3;1;2;81;0;3;4
15;2;Vogtland 2;14523420;1211;479;473;184;97;71;26;13;16;4.0;;;53.0;9.0;;;;;;;475;199;91;69;20;14;14;3;2;0;2;52;0;8;1
16;2;Vogtland 2;14523440;1103;386;379;133;70;98;6;11;14;5.0;;;28.0;14.0;;;;;;;379;142;75;65;10;7;18;4;5;0;1;34;2;15;1
17;2;Vogtland 2;14523450;4285;2289;2254;930;408;312;149;83;79;19.0;;;211.0;63.0;;;;;;;2257;977;397;295;90;97;86;24;10;3;10;209;2;49;8
18;2;Vogtland 2;14523460;1292;551;548;242;86;81;20;17;19;2.0;;;68.0;13.0;;;;;;;547;257;72;73;17;16;24;2;2;0;1;68;3;11;1
19;3;Vogtland 3;14523020;16349;7121;6989;3092;1397;973;178;290;296;56.0;;;707.0;;;;;;;;7025;3165;1332;889;205;223;301;75;42;6;8;700;11;47;21
20;3;Vogtland 3;14523090;2307;882;864;410;130;101;37;48;30;4.0;;;104.0;;;;;;;;870;424;136;97;27;32;32;8;3;0;4;96;4;5;2
21;3;Vogtland 3;14523120;7170;3313;3252;1621;596;353;120;108;121;26.0;;;307.0;;;;;;;;3282;1505;599;412;139;83;127;28;24;0;7;334;4;10;10
22;3;Vogtland 3;14523130;1535;658;649;345;110;72;24;18;21;3.0;;;56.0;;;;;;;;649;362;94;60;15;17;18;10;3;0;2;59;0;7;2
23;3;Vogtland 3;14523160;7840;3296;3234;1374;655;542;72;88;132;34.0;;;337.0;;;;;;;;3258;1431;665;390;96;73;140;25;21;0;5;367;9;27;9
24;3;Vogtland 3;14523245;2794;1215;1187;575;220;156;36;32;57;9.0;;;102.0;;;;;;;;1199;574;211;152;47;21;60;10;6;0;2;97;1;16;2
25;3;Vogtland 3;14523270;1880;857;839;376;129;92;14;25;90;9.0;;;104.0;;;;;;;;843;369;122;94;19;25;74;10;3;1;7;108;2;5;4
26;3;Vogtland 3;14523290;858;350;342;179;71;36;11;7;6;3.0;;;29.0;;;;;;;;343;164;62;48;14;4;6;6;2;0;0;31;1;3;2
27;3;Vogtland 3;14523430;6886;3268;3229;1362;617;425;94;125;171;31.0;;;404.0;;;;;;;;3239;1325;588;430;99;102;161;31;25;4;46;372;4;38;14
28;4;Vogtland 4;14523100;3695;2147;2102;567;334;248;169;76;60;25.0;;;148.0;475.0;;;;;;;2107;841;383;304;99;80;78;32;22;1;6;163;3;83;12
29;4;Vogtland 4;14523150;1753;774;756;344;142;96;25;27;22;10.0;;;67.0;23.0;;;;;;;767;371;123;86;34;29;20;9;2;0;2;79;2;5;5
30;4;Vogtland 4;14523170;6258;2826;2776;1143;594;337;93;99;95;30.0;;;324.0;61.0;;;;;;;2788;1215;554;371;86;85;105;18;20;1;4;280;3;32;14
31;4;Vogtland 4;14523190;1253;545;525;225;90;73;33;15;21;4.0;;;47.0;17.0;;;;;;;531;256;77;65;25;15;26;4;4;0;1;42;1;10;5
32;4;Vogtland 4;14523250;2195;840;825;262;220;115;39;23;33;12.0;;;104.0;17.0;;;;;;;828;286;202;107;31;24;41;13;3;0;0;109;2;6;4
33;4;Vogtland 4;14523260;3493;1952;1918;693;477;261;105;70;58;14.0;;;157.0;83.0;;;;;;;1924;756;421;278;99;63;69;22;8;1;7;169;4;21;6
34;4;Vogtland 4;14523280;2489;1060;1033;407;238;118;60;42;36;16.0;;;97.0;19.0;;;;;;;1041;443;183;145;49;37;41;5;14;2;1;103;1;10;7
35;4;Vogtland 4;14523330;2197;961;945;384;159;144;28;53;30;7.0;;;93.0;47.0;;;;;;;949;404;145;146;31;51;31;3;6;1;0;106;1;21;3
36;4;Vogtland 4;14523340;16310;7182;7043;2244;2144;867;329;294;231;102.0;;;652.0;180.0;;;;;;;7083;2642;1799;946;251;247;266;73;63;5;10;676;8;68;29
37;4;Vogtland 4;14523360;5649;2592;2542;1046;518;375;95;83;88;22.0;;;274.0;41.0;;;;;;;2560;1132;482;359;78;57;93;29;9;2;12;280;6;14;7
38;4;Vogtland 4;14523380;2441;976;953;512;127;92;37;31;35;9.0;;;97.0;13.0;;;;;;;957;525;118;87;41;20;40;4;5;1;3;98;3;10;2
39;5;Zwickau 1;14524040;1731;781;762;377;98;81;21;30;41;5.0;16.0;;;93.0;;;;;;;765;377;110;84;18;19;37;9;5;4;0;77;0;22;3
40;5;Zwickau 1;14524090;3941;2166;2102;1111;286;201;155;56;121;32.0;38.0;;;102.0;;;;;;;2136;1112;274;171;120;33;99;27;9;10;2;236;6;20;17
41;5;Zwickau 1;14524100;1129;575;564;419;51;20;8;6;18;2.0;6.0;;;34.0;;;;;;;569;330;63;43;24;12;27;5;2;3;3;43;0;11;3
42;5;Zwickau 1;14524110;1014;549;534;272;61;49;32;23;26;6.0;4.0;;;61.0;;;;;;;539;278;64;44;24;21;27;2;3;0;0;58;0;17;1
43;5;Zwickau 1;14524130;7228;3619;3542;1370;498;287;117;157;227;31.0;62.0;;;793.0;;;;;;;3568;1551;584;369;100;121;249;30;24;6;4;290;5;212;23
44;5;Zwickau 1;14524150;2162;1208;1186;492;256;121;42;48;85;13.0;45.0;;;84.0;;;;;;;1194;463;258;100;26;42;83;18;7;15;4;129;0;44;5
45;5;Zwickau 1;14524170;5619;2715;2646;1098;572;368;143;177;123;39.0;20.0;;;106.0;;;;;;;2685;1249;508;310;95;105;107;29;18;7;0;218;2;30;7
46;5;Zwickau 1;14524200;9969;5224;5084;2270;973;630;287;240;281;81.0;30.0;;;292.0;;;;;;;5157;2462;856;552;187;144;224;49;27;5;5;517;3;115;11
47;5;Zwickau 1;14524250;6564;3248;3163;1247;626;437;217;147;183;67.0;31.0;;;208.0;;;;;;;3197;1526;583;320;123;99;147;33;20;7;3;263;2;63;8
48;5;Zwickau 1;14524310;3212;1624;1583;670;261;201;99;87;118;28.0;24.0;;;95.0;;;;;;;1602;730;247;156;69;55;104;18;13;3;0;171;1;30;5
49;5;Zwickau 1;14524320;8894;3765;3662;1449;882;498;180;184;221;42.0;25.0;;;181.0;;;;;;;3705;1612;805;390;119;106;170;40;17;3;2;375;1;50;15
50;6;Zwickau 2;14524030;16521;6978;6839;3097;1427;765;420;261;473;85.0;54.0;;;257.0;;;;;;;6881;3035;1301;776;266;240;408;77;50;20;13;535;24;117;19
51;6;Zwickau 2;14524050;1146;621;606;286;84;64;56;27;46;7.0;1.0;;;35.0;;;;;;;616;324;79;53;23;24;44;1;7;0;1;41;2;15;2
52;6;Zwickau 2;14524060;4490;2233;2193;1084;398;234;90;78;140;43.0;18.0;;;108.0;;;;;;;2202;1054;380;234;59;61;118;32;17;5;3;164;1;67;7
53;6;Zwickau 2;14524140;3046;1597;1574;819;270;140;72;55;97;23.0;3.0;;;95.0;;;;;;;1577;816;234;142;54;59;79;13;13;1;0;111;3;46;6
54;6;Zwickau 2;14524210;3425;1788;1757;1064;276;129;68;47;75;18.0;11.0;;;69.0;;;;;;;1760;852;315;165;54;56;87;17;15;3;2;141;4;41;8
55;6;Zwickau 2;14524300;17934;7458;7319;3149;1722;783;378;279;490;91.0;55.0;;;372.0;;;;;;;7365;3087;1557;843;286;233;410;81;52;15;11;587;14;163;26
56;8;Zwickau 4;14524010;1910;893;877;450;165;88;60;49;38;;;;;27.0;;;;;;;882;435;149;91;52;17;29;7;3;1;0;85;0;10;3
57;8;Zwickau 4;14524080;19703;8514;8414;4033;1954;822;443;407;409;;;;;346.0;;;;;;;8443;3632;1772;1030;339;333;338;85;57;9;9;592;7;193;47
58;8;Zwickau 4;14524160;10297;5050;4954;2034;1125;705;182;298;298;;;;;312.0;;;;;;;4996;2007;981;698;147;162;229;55;32;1;3;452;6;200;23
59;8;Zwickau 4;14524190;13080;5827;5721;1972;1096;608;750;213;500;;;;;582.0;;;;;;;5754;2350;954;679;302;188;428;57;33;4;7;474;6;250;22
60;8;Zwickau 4;14524240;884;430;423;212;78;47;38;9;14;;;;;25.0;;;;;;;423;200;64;44;29;11;14;4;4;0;0;40;0;12;1
61;8;Zwickau 4;14524260;1466;653;640;321;141;63;34;24;35;;;;;22.0;;;;;;;641;293;113;86;20;19;28;4;4;1;0;63;0;8;2
62;8;Zwickau 4;14524270;762;432;427;257;51;29;24;19;28;;;;;19.0;;;;;;;429;248;39;38;22;14;23;5;4;0;0;23;0;13;0
63;8;Zwickau 4;14524280;2802;1260;1234;538;250;116;52;187;63;;;;;28.0;;;;;;;1241;558;218;129;52;54;44;15;5;0;3;149;3;8;3
64;8;Zwickau 4;14524290;3516;1884;1850;856;433;180;75;101;97;;;;;108.0;;;;;;;1866;804;387;188;56;76;71;22;12;2;2;169;3;63;11
65;9;Zwickau 5;14524020;4292;2224;2177;1000;393;217;66;92;97;22.0;;;217.0;73.0;;;;;;;2188;1047;370;200;69;88;95;13;15;2;2;237;7;34;9
66;9;Zwickau 5;14524070;3586;1730;1705;722;373;213;45;66;76;16.0;;;143.0;51.0;;;;;;;1713;751;338;216;52;52;86;29;8;0;0;142;2;32;5
67;9;Zwickau 5;14524120;13008;5438;5350;2161;1321;664;168;236;168;67.0;;;443.0;122.0;;;;;;;5369;2151;1243;665;207;213;180;57;49;3;9;476;9;77;30
68;9;Zwickau 5;14524180;20266;9610;9474;3934;1596;1120;349;453;301;85.0;;;862.0;774.0;;;;;;;9502;4154;1578;1124;362;395;331;107;71;8;5;856;12;473;26
69;9;Zwickau 5;14524220;1907;948;932;309;88;93;58;24;40;8.0;;;78.0;234.0;;;;;;;934;432;113;87;35;22;42;10;10;0;0;84;2;95;2
70;9;Zwickau 5;14524230;5132;2439;2409;1119;497;287;89;96;66;25.0;;;189.0;41.0;;;;;;;2413;1106;462;304;111;98;71;25;14;3;2;180;1;26;10
71;13;Erzgebirge 1;14521010;3174;1794;1748;775;300;222;58;91;50;15.0;;;188.0;49.0;;;;;;;1754;829;264;206;74;67;48;11;14;0;2;200;4;32;3
72;13;Erzgebirge 1;14521040;2250;1187;1171;483;278;103;31;35;62;14.0;;;139.0;26.0;;;;;;;1172;496;238;113;29;23;66;13;13;1;2;164;1;9;4
73;13;Erzgebirge 1;14521120;5227;2793;2745;1234;552;237;79;99;153;32.0;;;302.0;57.0;;;;;;;2748;1275;461;249;82;86;158;39;26;1;2;329;5;29;6
74;13;Erzgebirge 1;14521230;1717;871;858;373;209;82;28;20;45;6.0;;;77.0;18.0;;;;;;;861;372;185;91;27;21;46;10;4;0;1;89;1;10;4
75;13;Erzgebirge 1;14521290;3182;1568;1546;696;363;153;43;57;72;9.0;;;132.0;21.0;;;;;;;1553;707;282;180;62;49;85;15;8;0;4;147;1;8;5
76;13;Erzgebirge 1;14521310;4663;2602;2570;1118;518;191;59;111;238;18.0;;;263.0;54.0;;;;;;;2579;1169;409;242;82;86;235;27;9;4;1;268;5;38;4
77;13;Erzgebirge 1;14521380;7206;3446;3400;1202;1170;237;57;128;178;16.0;;;333.0;79.0;;;;;;;3410;1433;864;330;71;91;209;25;19;2;4;311;2;40;9
78;13;Erzgebirge 1;14521410;5761;3132;3088;1385;593;310;95;154;121;24.0;;;336.0;70.0;;;;;;;3093;1415;510;360;113;124;132;36;23;2;2;337;3;28;8
79;13;Erzgebirge 1;14521420;1026;509;499;238;88;38;11;18;45;3.0;;;46.0;12.0;;;;;;;500;251;68;50;10;13;47;4;1;0;0;52;1;0;3
80;13;Erzgebirge 1;14521430;2305;956;944;354;224;110;21;54;38;3.0;;;118.0;22.0;;;;;;;941;396;192;131;23;25;45;7;6;0;2;104;1;8;1
81;13;Erzgebirge 1;14521450;9762;4433;4352;1755;1141;395;78;184;246;31.0;;;425.0;97.0;;;;;;;4371;1860;905;515;85;116;273;47;26;0;5;451;6;56;26
82;13;Erzgebirge 1;14521590;9723;4589;4511;1779;1129;354;104;206;225;30.0;;;433.0;251.0;;;;;;;4529;2012;940;455;114;117;241;36;31;3;8;454;4;89;25
83;13;Erzgebirge 1;14521620;5636;2737;2696;1137;596;258;56;133;143;19.0;;;266.0;88.0;;;;;;;2697;1178;483;291;75;106;173;15;20;0;8;291;1;39;17
84;14;Erzgebirge 2;14521030;14083;6101;6042;2720;1401;478;116;160;314;34.0;;;550.0;269.0;;;;;;;6046;2343;1524;568;144;140;397;49;38;7;2;651;5;156;22
85;14;Erzgebirge 2;14521050;4133;2024;1987;880;425;155;53;37;132;13.0;;;189.0;103.0;;;;;;;1993;825;425;159;52;37;153;19;8;2;1;219;1;89;3
86;14;Erzgebirge 2;14521080;2022;1311;1294;740;170;116;18;21;78;11.0;;;119.0;21.0;;;;;;;1292;657;189;127;31;24;89;13;6;2;1;139;2;11;1
87;14;Erzgebirge 2;14521170;6566;2989;2960;1391;332;640;52;76;144;18.0;;;258.0;49.0;;;;;;;2955;1412;416;380;82;93;166;27;14;2;4;295;6;47;11
88;14;Erzgebirge 2;14521530;12401;6026;5925;2479;1299;497;191;121;510;34.0;;;578.0;216.0;;;;;;;5941;2350;1211;574;196;129;596;58;35;11;1;612;9;138;21
89;14;Erzgebirge 2;14521540;4041;1938;1907;976;283;306;50;40;72;7.0;;;154.0;19.0;;;;;;;1904;858;293;288;90;56;85;13;5;0;4;186;2;22;2
90;14;Erzgebirge 2;14521600;2872;1776;1725;1000;206;187;67;20;64;12.0;;;141.0;28.0;;;;;;;1722;904;217;172;89;34;80;9;11;1;2;175;1;24;3
91;14;Erzgebirge 2;14521700;4660;2263;2237;1326;280;166;43;55;93;13.0;;;226.0;35.0;;;;;;;2238;1179;293;189;65;58;106;18;12;1;0;275;14;25;3
92;15;Erzgebirge 3;14521110;4774;2299;2260;981;362;364;61;99;77;17.0;;;248.0;51.0;;;;;;;2266;1067;380;254;67;52;99;13;11;1;1;270;4;44;3
93;15;Erzgebirge 3;14521180;2525;1373;1344;585;226;138;51;44;87;5.0;;;175.0;33.0;;;;;;;1354;568;225;148;48;42;94;15;5;0;4;169;1;32;3
94;15;Erzgebirge 3;14521260;5127;2455;2418;1173;439;245;61;83;99;23.0;;;260.0;35.0;;;;;;;2430;1172;439;226;83;54;108;22;17;0;2;259;4;38;6
95;15;Erzgebirge 3;14521320;3710;1500;1465;524;367;264;52;40;55;12.0;;;142.0;9.0;;;;;;;1473;573;359;222;36;37;70;15;5;0;4;143;1;6;2
96;15;Erzgebirge 3;14521355;7665;3719;3653;1639;694;322;126;122;213;14.0;;;395.0;128.0;;;;;;;3674;1603;716;294;141;95;230;35;14;3;2;403;4;116;18
97;15;Erzgebirge 3;14521370;7576;3571;3510;1528;743;376;101;135;182;33.0;;;363.0;49.0;;;;;;;3520;1467;733;371;115;115;222;41;51;8;6;335;5;40;11
98;15;Erzgebirge 3;14521500;4477;2254;2208;969;438;220;68;88;124;21.0;;;243.0;37.0;;;;;;;2213;970;404;183;90;71;139;20;17;2;3;263;3;42;6
99;15;Erzgebirge 3;14521550;15061;7077;6944;2641;1664;703;253;323;432;50.0;;;791.0;87.0;;;;;;;6969;2825;1502;617;236;227;476;56;55;3;7;842;10;88;25
100;15;Erzgebirge 3;14521710;10519;5749;5643;2646;975;576;152;192;280;45.0;;;671.0;106.0;;;;;;;5665;2586;957;587;168;167;323;52;33;6;5;663;10;86;22
101;16;Erzgebirge 4;14521020;17490;8106;7940;2957;2142;758;333;297;607;122.0;;;;724.0;;;;;;;8003;3225;1604;799;224;269;502;77;58;8;8;912;31;255;31
102;16;Erzgebirge 4;14521060;2038;1050;1030;494;220;116;28;27;58;24.0;;;;63.0;;;;;;;1033;457;190;118;33;20;52;4;12;1;1;124;4;16;1
103;16;Erzgebirge 4;14521130;3539;1964;1901;935;324;179;82;74;113;34.0;;;;160.0;;;;;;;1908;909;271;193;68;57;72;20;18;1;2;219;3;67;8
104;16;Erzgebirge 4;14521160;4114;2177;2125;965;414;249;84;45;200;36.0;;;;132.0;;;;;;;2139;959;351;205;78;44;145;28;11;1;1;254;4;53;5
105;16;Erzgebirge 4;14521200;3670;2046;1990;997;381;178;64;71;202;29.0;;;;68.0;;;;;;;2001;942;322;186;61;49;161;21;14;2;2;208;8;22;3
106;16;Erzgebirge 4;14521210;3120;1727;1684;756;429;119;71;43;142;18.0;;;;106.0;;;;;;;1700;728;372;117;68;35;107;18;7;3;1;197;3;41;3
107;16;Erzgebirge 4;14521330;2423;1278;1245;604;243;99;49;48;111;20.0;;;;71.0;;;;;;;1254;556;225;100;31;36;103;12;10;0;1;140;3;36;1
108;16;Erzgebirge 4;14521340;1825;1038;1005;743;114;41;17;16;41;6.0;;;;27.0;;;;;;;1008;583;135;61;17;23;53;7;3;1;3;97;2;21;2
109;16;Erzgebirge 4;14521400;2893;1685;1649;896;216;140;57;145;88;21.0;;;;86.0;;;;;;;1656;851;205;172;39;59;65;11;5;1;0;190;4;49;5
110;16;Erzgebirge 4;14521440;1920;1076;1060;462;266;103;104;32;39;12.0;;;;42.0;;;;;;;1063;463;237;97;101;26;28;9;5;1;0;80;1;12;3
111;16;Erzgebirge 4;14521510;1837;1083;1060;527;160;140;32;41;46;17.0;;;;97.0;;;;;;;1067;529;139;119;25;32;39;8;6;1;2;117;1;42;7
112;16;Erzgebirge 4;14521520;2045;923;891;383;186;99;38;45;65;9.0;;;;66.0;;;;;;;900;386;153;97;25;37;61;8;1;0;0;100;3;25;4
113;16;Erzgebirge 4;14521560;5593;3019;2962;1560;491;279;110;80;186;34.0;;;;222.0;;;;;;;2977;1549;424;281;85;59;147;13;13;3;8;272;4;104;15
114;16;Erzgebirge 4;14521610;938;555;538;231;109;42;21;26;47;9.0;;;;53.0;;;;;;;545;211;85;37;13;23;41;7;1;1;2;88;2;32;2
115;16;Erzgebirge 4;14521630;2820;1648;1595;823;265;127;62;56;121;32.0;;;;109.0;;;;;;;1610;805;209;109;52;45;89;13;10;0;0;220;3;48;7
116;16;Erzgebirge 4;14521640;4477;2484;2429;1262;410;216;119;65;175;40.0;;;;142.0;;;;;;;2442;1179;336;210;134;48;146;19;9;2;5;298;7;39;10
117;17;Erzgebirge 5;14521090;843;397;389;206;66;33;19;12;13;0.0;;;33.0;7.0;;;;;;;388;184;63;37;19;8;16;5;0;0;0;48;1;6;1
118;17;Erzgebirge 5;14521100;1104;527;509;274;73;54;18;15;25;1.0;;;45.0;4.0;;;;;;;515;230;85;56;29;13;36;6;2;0;0;49;0;2;7
119;17;Erzgebirge 5;14521140;884;429;405;158;52;27;45;6;25;3.0;;;83.0;6.0;;;;;;;406;149;44;31;57;4;27;1;2;0;0;86;1;3;1
120;17;Erzgebirge 5;14521150;4415;2456;2397;1265;354;234;107;78;91;9.0;;;229.0;30.0;;;;;;;2402;1221;336;235;100;74;108;22;10;4;0;253;5;30;4
121;17;Erzgebirge 5;14521220;3171;1823;1798;836;282;231;64;115;72;18.0;;;136.0;44.0;;;;;;;1800;848;271;195;74;70;74;13;16;3;20;174;2;31;9
122;17;Erzgebirge 5;14521240;2456;1483;1454;747;237;141;77;67;51;6.0;;;106.0;22.0;;;;;;;1457;728;220;173;52;39;62;16;21;2;2;123;1;15;3
123;17;Erzgebirge 5;14521250;2941;1816;1778;945;198;171;92;48;96;17.0;;;191.0;20.0;;;;;;;1786;913;204;186;86;34;112;15;8;1;2;188;5;23;9
124;17;Erzgebirge 5;14521270;1849;1190;1179;682;167;99;38;37;38;4.0;;;98.0;16.0;;;;;;;1179;586;160;123;62;34;47;19;5;0;4;118;1;9;11
125;17;Erzgebirge 5;14521280;676;284;278;116;44;22;21;10;12;4.0;;;45.0;4.0;;;;;;;278;113;45;21;23;7;14;5;0;0;0;43;0;6;1
126;17;Erzgebirge 5;14521390;14815;7629;7475;3422;1523;605;423;250;358;61.0;;;714.0;119.0;;;;;;;7504;3338;1458;702;365;205;401;77;46;6;8;773;11;100;14
127;17;Erzgebirge 5;14521460;7939;3849;3786;1679;688;418;273;111;182;50.0;;;338.0;47.0;;;;;;;3800;1609;697;439;239;103;195;48;41;5;6;372;3;38;5
128;17;Erzgebirge 5;14521470;2186;1109;1089;413;184;99;177;39;44;13.0;;;103.0;17.0;;;;;;;1088;407;174;109;153;44;52;16;7;0;2;102;2;18;2
129;17;Erzgebirge 5;14521495;6717;3336;3238;1528;574;256;217;97;166;20.0;;;334.0;46.0;;;;;;;3255;1530;567;287;161;85;180;23;11;1;3;344;10;40;13
130;17;Erzgebirge 5;14521570;1985;1176;1146;528;172;92;117;20;46;9.0;;;150.0;12.0;;;;;;;1153;516;164;119;104;22;44;10;3;3;1;156;1;9;1
131;17;Erzgebirge 5;14521670;3340;1750;1714;783;256;175;87;65;83;23.0;;;201.0;41.0;;;;;;;1719;776;260;195;70;65;91;8;13;1;2;201;4;27;6
132;17;Erzgebirge 5;14521690;8269;3847;3793;1598;900;387;133;181;181;27.0;;;319.0;67.0;;;;;;;3798;1538;841;412;139;148;219;35;26;1;4;374;4;39;18
133;18;Mittelsachsen 1;14522020;3979;2068;2037;988;439;247;83;99;132;49.0;;;;;;;;;;;2047;905;385;229;73;84;86;20;12;0;2;219;3;27;2
134;18;Mittelsachsen 1;14522050;8492;3850;3775;1627;1052;534;150;108;234;70.0;;;;;;;;;;;3810;1693;866;438;124;89;159;35;26;5;1;322;9;29;14
135;18;Mittelsachsen 1;14522090;1330;669;647;362;61;62;69;20;61;12.0;;;;;;;;;;;655;360;49;50;35;20;41;2;7;0;0;84;0;6;1
136;18;Mittelsachsen 1;14522110;3642;1899;1860;946;260;379;80;34;134;27.0;;;;;;;;;;;1871;944;252;229;74;38;106;15;19;2;1;153;5;27;6
137;18;Mittelsachsen 1;14522140;9477;4686;4590;2184;1083;529;182;166;327;119.0;;;;;;;;;;;4638;1904;974;499;174;123;189;40;39;5;4;609;10;45;23
138;18;Mittelsachsen 1;14522200;2156;1266;1213;670;234;126;51;18;91;23.0;;;;;;;;;;;1233;674;194;88;46;18;75;4;5;0;5;101;1;16;6
139;18;Mittelsachsen 1;14522320;2923;1576;1552;871;255;188;47;54;106;31.0;;;;;;;;;;;1558;794;235;168;53;50;90;10;10;1;4;124;5;11;3
140;18;Mittelsachsen 1;14522390;2163;1231;1203;613;215;105;121;44;92;13.0;;;;;;;;;;;1207;626;172;93;64;26;64;9;5;2;0;128;3;13;2
141;18;Mittelsachsen 1;14522400;2386;1236;1203;625;197;141;106;31;86;17.0;;;;;;;;;;;1211;594;170;123;91;25;65;10;5;0;0;110;0;18;0
142;18;Mittelsachsen 1;14522420;4154;2338;2289;1126;428;304;71;207;114;39.0;;;;;;;;;;;2314;1083;373;295;81;123;80;17;14;4;3;214;7;14;6
143;18;Mittelsachsen 1;14522440;6995;3626;3561;2000;673;320;113;99;260;96.0;;;;;;;;;;;3583;1637;631;331;131;101;204;29;30;3;8;373;5;84;16
144;18;Mittelsachsen 1;14522470;1726;1046;997;433;147;67;244;15;74;17.0;;;;;;;;;;;1027;512;134;77;98;15;47;8;9;0;1;101;4;18;3
145;18;Mittelsachsen 1;14522520;1629;936;911;472;164;95;73;24;60;23.0;;;;;;;;;;;920;460;133;90;61;18;39;9;7;1;1;88;3;8;2
146;19;Mittelsachsen 2;14522035;4830;2678;2610;1289;550;214;136;106;217;51.0;47.0;;;;;;;;;;2647;1242;410;225;102;93;160;15;19;8;4;303;5;52;9
147;19;Mittelsachsen 2;14522170;2473;1378;1339;657;254;131;86;52;112;32.0;15.0;;;;;;;;;;1358;638;176;143;70;41;76;20;12;3;2;144;4;24;5
148;19;Mittelsachsen 2;14522180;33200;16249;15967;6041;4430;1830;879;1289;924;322.0;252.0;;;;;;;;;;16106;6277;3284;2067;581;935;642;170;204;46;27;1494;37;171;171
149;19;Mittelsachsen 2;14522210;4764;2517;2453;1114;499;285;135;116;225;44.0;35.0;;;;;;;;;;2478;1125;346;278;101;100;168;29;16;4;5;259;4;26;17
150;19;Mittelsachsen 2;14522240;4346;2399;2354;1079;589;221;121;103;164;44.0;33.0;;;;;;;;;;2375;1112;454;198;96;83;115;18;23;9;3;220;4;27;13
151;19;Mittelsachsen 2;14522340;2253;1394;1364;643;301;130;93;63;91;25.0;18.0;;;;;;;;;;1379;656;231;123;66;52;62;7;10;6;0;119;2;42;3
152;19;Mittelsachsen 2;14522430;2790;1675;1639;729;373;202;116;79;80;23.0;37.0;;;;;;;;;;1647;746;275;181;88;67;72;16;8;8;2;126;4;47;7
153;19;Mittelsachsen 2;14522480;2406;1343;1306;618;263;158;62;63;88;28.0;26.0;;;;;;;;;;1310;615;202;119;53;61;57;14;17;5;0;145;1;17;4
154;19;Mittelsachsen 2;14522590;2118;1027;993;492;214;91;59;38;63;18.0;18.0;;;;;;;;;;1003;494;164;93;38;25;48;13;11;3;2;84;3;23;2
155;20;Mittelsachsen 3;14522010;1662;792;774;399;157;74;42;35;52;15.0;;;;;;;;;;;777;368;128;79;36;23;40;11;6;0;2;75;0;8;1
156;20;Mittelsachsen 3;14522120;2796;1510;1468;765;309;117;78;63;86;50.0;;;;;;;;;;;1475;731;256;143;63;38;68;8;15;1;2;127;2;14;7
157;20;Mittelsachsen 3;14522150;12434;5756;5651;3119;1156;462;177;258;340;139.0;;;;;;;;;;;5678;2479;1108;606;223;170;283;72;44;5;8;606;11;37;26
158;20;Mittelsachsen 3;14522230;7255;3439;3360;1723;735;380;126;113;211;72.0;;;;;;;;;;;3383;1566;614;433;137;93;152;38;17;4;3;268;7;40;11
159;20;Mittelsachsen 3;14522300;1933;1050;1021;477;229;105;48;45;81;36.0;;;;;;;;;;;1032;447;198;82;34;33;55;16;7;0;0;132;1;25;2
160;20;Mittelsachsen 3;14522330;6161;3535;3467;1755;716;410;145;179;192;70.0;;;;;;;;;;;3503;1630;587;391;135;109;137;33;29;6;2;364;9;65;6
161;20;Mittelsachsen 3;14522360;12592;6148;6022;2820;1550;654;234;259;360;145.0;;;;;;;;;;;6058;2698;1254;685;212;186;268;54;58;7;11;543;7;51;24
162;20;Mittelsachsen 3;14522500;2943;1623;1583;861;318;170;45;70;78;41.0;;;;;;;;;;;1594;784;273;166;55;51;58;15;16;5;0;140;2;24;5
163;20;Mittelsachsen 3;14522540;3996;2035;1979;1077;359;182;85;66;169;41.0;;;;;;;;;;;2008;967;310;193;82;49;131;25;17;1;4;186;4;33;6
164;21;Mittelsachsen 4;14522080;18397;8201;8068;3536;1665;1338;540;281;556;152.0;;;;;;;;;;;8107;3325;1670;1059;433;219;459;88;61;6;12;655;19;71;30
165;21;Mittelsachsen 4;14522220;2400;1226;1192;643;198;148;56;38;83;26.0;;;;;;;;;;;1208;572;191;119;73;41;65;7;9;1;0;107;1;18;4
166;21;Mittelsachsen 4;14522250;6371;2802;2745;1303;592;404;140;76;181;49.0;;;;;;;;;;;2747;1207;539;321;109;65;134;22;22;5;8;217;5;82;11
167;21;Mittelsachsen 4;14522310;7328;3508;3432;1554;774;488;171;101;232;112.0;;;;;;;;;;;3449;1452;712;411;155;97;198;36;34;2;5;292;8;35;12
168;21;Mittelsachsen 4;14522370;1943;971;949;449;185;108;56;30;107;14.0;;;;;;;;;;;957;441;167;82;36;21;80;14;4;1;0;92;2;13;4
169;21;Mittelsachsen 4;14522450;3174;1552;1518;719;347;158;80;48;140;26.0;;;;;;;;;;;1535;663;310;135;67;39;107;18;15;1;0;136;3;31;10
170;21;Mittelsachsen 4;14522510;6477;3052;2995;1359;655;483;120;105;220;53.0;;;;;;;;;;;3012;1334;579;377;104;91;189;42;15;4;3;221;7;28;18
171;21;Mittelsachsen 4;14522570;7737;3524;3429;1375;769;522;292;112;287;72.0;;;;;;;;;;;3449;1280;693;428;279;109;206;48;30;1;6;306;8;33;22
172;21;Mittelsachsen 4;14522620;1110;531;524;237;104;66;28;11;56;22.0;;;;;;;;;;;524;228;100;48;12;7;40;5;6;0;1;64;1;12;0
173;22;Mittelsachsen 5;14522060;9330;4666;4582;2265;868;634;236;209;254;78.0;38.0;;;;;;;;;;4608;2133;742;526;207;165;198;37;36;6;2;424;12;96;24
174;22;Mittelsachsen 5;14522070;2618;1390;1359;714;228;194;70;55;64;25.0;9.0;;;;;;;;;;1370;684;197;184;55;54;51;10;14;3;1;98;4;13;2
175;22;Mittelsachsen 5;14522190;3816;1786;1744;742;485;230;63;70;95;36.0;23.0;;;;;;;;;;1756;764;379;218;68;39;67;11;11;0;3;143;3;39;11
176;22;Mittelsachsen 5;14522260;3808;2103;2072;1104;330;283;79;99;114;35.0;28.0;;;;;;;;;;2083;1025;281;256;66;72;78;22;11;4;2;223;2;29;12
177;22;Mittelsachsen 5;14522280;1304;660;638;313;106;72;40;53;38;12.0;4.0;;;;;;;;;;651;313;96;71;33;25;38;7;4;1;0;57;2;1;3
178;22;Mittelsachsen 5;14522290;2240;1242;1209;702;180;142;53;45;56;20.0;11.0;;;;;;;;;;1220;673;159;125;43;27;50;13;8;1;1;104;0;11;5
179;22;Mittelsachsen 5;14522350;3869;1876;1836;830;290;414;53;79;131;24.0;15.0;;;;;;;;;;1851;853;297;264;49;59;105;19;12;3;2;159;2;19;8
180;22;Mittelsachsen 5;14522380;1776;766;756;343;154;108;30;47;59;9.0;6.0;;;;;;;;;;756;340;136;85;31;24;53;7;3;1;0;63;2;7;4
181;22;Mittelsachsen 5;14522460;7931;3885;3786;1700;812;625;204;144;203;56.0;42.0;;;;;;;;;;3820;1757;729;464;116;110;167;34;18;11;2;344;8;50;10
182;22;Mittelsachsen 5;14522490;5208;2770;2732;1016;746;420;165;140;157;50.0;38.0;;;;;;;;;;2752;1071;658;350;147;93;119;24;15;8;3;228;5;16;15
183;22;Mittelsachsen 5;14522530;1571;736;722;343;153;93;36;30;44;14.0;9.0;;;;;;;;;;727;328;131;73;31;22;29;7;6;2;1;85;1;7;4
184;22;Mittelsachsen 5;14522550;2081;882;855;510;118;104;30;18;55;14.0;6.0;;;;;;;;;;854;437;117;87;31;23;46;2;7;1;1;88;1;9;4
185;22;Mittelsachsen 5;14522580;1630;871;850;390;143;130;44;54;63;19.0;7.0;;;;;;;;;;856;390;132;112;34;31;46;12;4;0;1;68;2;22;2
186;22;Mittelsachsen 5;14522600;669;292;286;120;76;34;16;9;21;6.0;4.0;;;;;;;;;;289;120;60;29;14;7;15;4;3;0;4;28;0;3;2
187;23;Leipzig Land 1;14729050;16720;7026;6925;2544;1591;1416;127;125;358;55.0;;;709.0;;;;;;;;6944;2860;1477;1076;152;147;400;58;46;2;6;651;7;44;18
188;23;Leipzig Land 1;14729110;1895;828;817;366;175;106;32;44;25;10.0;;;59.0;;;;;;;;819;369;152;103;32;42;29;11;4;2;3;63;1;7;1
189;23;Leipzig Land 1;14729140;8707;4283;4196;1970;656;470;119;105;219;42.0;;;615.0;;;;;;;;4214;1981;648;442;134;106;246;31;31;1;7;519;10;39;19
190;23;Leipzig Land 1;14729150;4805;2435;2391;990;448;280;54;51;230;27.0;;;311.0;;;;;;;;2394;946;438;298;78;57;211;19;19;3;3;289;5;21;7
191;23;Leipzig Land 1;14729220;4329;1824;1796;728;435;294;53;40;104;14.0;;;128.0;;;;;;;;1795;728;429;241;48;31;125;19;11;1;0;127;1;28;6
192;23;Leipzig Land 1;14729230;2323;1270;1257;666;170;146;37;38;73;4.0;;;123.0;;;;;;;;1256;606;172;157;49;46;70;6;5;1;1;129;0;11;3
193;23;Leipzig Land 1;14729290;1417;751;733;358;130;82;19;19;48;4.0;;;73.0;;;;;;;;739;342;130;89;27;14;43;4;2;1;1;77;1;2;6
194;23;Leipzig Land 1;14729320;5958;2781;2714;1122;525;453;128;56;154;22.0;;;254.0;;;;;;;;2726;1190;521;391;94;66;166;26;17;2;0;226;6;17;4
195;23;Leipzig Land 1;14729360;3379;1299;1270;471;278;236;67;26;69;9.0;;;114.0;;;;;;;;1274;516;266;192;58;25;80;15;8;1;1;99;1;9;3
196;23;Leipzig Land 1;14729370;3085;1369;1348;552;330;208;35;44;24;12.0;;;143.0;;;;;;;;1354;562;294;188;56;44;30;11;7;1;3;141;0;11;6
197;24;Leipzig Land 2;14729040;5542;2130;2106;686;519;501;77;54;76;26.0;14.0;;153.0;;;;;;;;2107;764;532;335;74;66;93;33;22;5;2;165;4;5;7
198;24;Leipzig Land 2;14729100;1043;478;464;187;74;90;14;23;9;10.0;2.0;;55.0;;;;;;;;468;204;76;61;21;21;13;5;6;0;0;55;1;4;1
199;24;Leipzig Land 2;14729170;6501;3031;2983;1279;465;640;100;131;111;28.0;14.0;;215.0;;;;;;;;2984;1379;474;421;125;139;145;29;22;11;5;204;5;20;5
200;24;Leipzig Land 2;14729260;19878;10445;10370;3851;1680;2706;451;754;183;103.0;66.0;;576.0;;;;;;;;10374;4011;1686;1940;553;888;235;134;82;39;16;660;13;73;44
201;24;Leipzig Land 2;14729270;12803;5670;5598;2249;1044;1261;145;228;172;57.0;24.0;;418.0;;;;;;;;5608;2435;1002;853;193;240;199;60;42;6;8;394;9;161;6
202;24;Leipzig Land 2;14729350;5416;2508;2472;1007;408;576;89;91;95;23.0;12.0;;171.0;;;;;;;;2474;1124;423;379;90;96;107;23;16;2;5;163;9;28;9
203;24;Leipzig Land 2;14729430;7512;3613;3546;1501;577;811;107;119;112;36.0;14.0;;269.0;;;;;;;;3560;1639;579;526;116;130;127;46;23;4;9;298;2;45;16
204;25;Leipzig Land 3;14729010;6991;3408;3358;1496;690;347;97;103;127;35.0;;;463.0;;;;;;;;3375;1578;578;326;106;107;136;39;24;4;4;419;1;31;22
205;25;Leipzig Land 3;14729020;2712;1243;1212;534;213;145;37;47;60;15.0;;;161.0;;;;;;;;1219;505;191;144;46;50;59;19;7;2;4;160;2;30;0
206;25;Leipzig Land 3;14729080;7530;3362;3292;1454;663;348;168;97;129;35.0;;;398.0;;;;;;;;3300;1528;527;367;163;99;162;29;28;4;3;337;5;38;10
207;25;Leipzig Land 3;14729160;24082;10681;10482;4365;2292;1119;513;385;473;101.0;;;1234.0;;;;;;;;10534;4695;1832;1160;372;391;550;119;78;12;7;1163;17;115;23
208;25;Leipzig Land 3;14729190;4470;2447;2410;956;461;407;93;154;60;34.0;;;245.0;;;;;;;;2420;928;396;421;125;146;67;37;17;3;6;227;6;27;14
209;25;Leipzig Land 3;14729300;7176;3836;3792;1573;702;458;184;229;133;47.0;;;466.0;;;;;;;;3800;1603;595;489;196;228;142;45;42;6;6;388;6;39;15
210;25;Leipzig Land 3;14729330;1169;520;510;211;85;83;27;17;16;5.0;;;66.0;;;;;;;;512;231;77;64;17;14;20;5;4;1;0;62;0;12;5
211;25;Leipzig Land 3;14729340;2935;1462;1440;629;247;149;97;39;88;13.0;;;178.0;;;;;;;;1445;657;248;151;60;40;92;11;10;1;2;148;3;12;10
212;26;Leipzig Land 4;14729030;4228;2234;2202;989;488;214;46;136;84;36.0;;;209.0;;;;;;;;2200;969;470;219;61;102;86;30;28;2;2;205;8;14;4
213;26;Leipzig Land 4;14729060;6820;3686;3581;1665;594;522;107;221;111;54.0;;;307.0;;;;;;;;3604;1583;572;477;144;189;121;57;33;5;6;308;2;89;18
214;26;Leipzig Land 4;14729070;7852;3498;3464;1350;704;634;101;228;123;39.0;;;285.0;;;;;;;;3473;1430;663;494;123;205;146;46;32;9;6;279;3;26;11
215;26;Leipzig Land 4;14729245;5252;2592;2552;1318;460;218;68;120;103;25.0;;;240.0;;;;;;;;2557;1209;444;257;99;110;117;21;19;2;8;228;2;30;11
216;26;Leipzig Land 4;14729250;5487;3018;2935;1245;564;394;114;187;106;40.0;;;285.0;;;;;;;;2939;1260;521;354;127;171;98;51;27;1;2;262;6;52;7
217;26;Leipzig Land 4;14729380;3049;1564;1530;801;252;139;36;61;110;11.0;;;120.0;;;;;;;;1537;760;251;138;37;51;127;17;7;1;3;108;5;28;4
218;26;Leipzig Land 4;14729400;3304;1564;1536;702;295;145;30;70;139;16.0;;;139.0;;;;;;;;1539;724;272;143;29;58;116;25;14;0;0;128;1;24;5
219;26;Leipzig Land 4;14729410;14009;5997;5893;2804;997;648;148;309;361;61.0;;;565.0;;;;;;;;5903;2672;1006;687;174;198;371;82;47;7;9;533;17;70;30
220;34;Nordsachsen 1;14730070;21302;8251;8100;3705;2092;1104;230;292;539;138.0;;;;;;;;;;;8145;3467;1725;1045;239;274;385;88;79;6;9;554;21;225;28
221;34;Nordsachsen 1;14730150;3132;1652;1617;894;300;190;59;45;101;28.0;;;;;;;;;;;1627;838;243;178;57;45;64;22;15;2;3;139;6;10;5
222;34;Nordsachsen 1;14730180;1758;859;815;381;177;139;23;28;53;14.0;;;;;;;;;;;835;434;133;113;16;19;25;9;8;1;0;66;4;3;4
223;34;Nordsachsen 1;14730250;3943;1649;1622;777;330;252;36;68;115;44.0;;;;;;;;;;;1626;722;284;218;37;63;88;18;19;1;1;145;10;14;6
224;34;Nordsachsen 1;14730270;14508;5539;5438;2332;1363;906;185;285;266;101.0;;;;;;;;;;;5471;2159;1151;736;215;251;194;69;39;6;8;494;11;119;19
225;34;Nordsachsen 1;14730280;2056;929;905;501;164;114;32;32;56;6.0;;;;;;;;;;;906;454;153;110;25;29;37;10;1;0;0;72;2;9;4
226;34;Nordsachsen 1;14730340;4349;1767;1733;893;399;229;52;42;83;35.0;;;;;;;;;;;1746;850;323;202;49;42;65;13;18;2;2;146;6;21;7
227;35;Nordsachsen 2;14730020;6668;2754;2711;1234;692;365;97;132;115;50.0;;;;;;;;;26.0;;2708;1213;594;300;91;130;110;22;23;4;4;166;5;40;6
228;35;Nordsachsen 2;14730080;3524;1881;1836;866;398;245;73;62;97;34.0;;;;;;;;;61.0;;1847;849;371;214;65;48;72;17;19;1;7;148;5;20;11
229;35;Nordsachsen 2;14730090;2230;959;943;419;218;120;85;29;58;5.0;;;;;;;;;9.0;;947;446;195;96;36;25;53;5;3;0;2;71;1;12;2
230;35;Nordsachsen 2;14730110;13052;5151;5041;2047;1297;784;161;201;392;93.0;;;;;;;;;66.0;;5063;2091;1144;650;136;150;306;58;53;5;7;373;9;65;16
231;35;Nordsachsen 2;14730120;1251;541;528;232;115;52;73;12;36;6.0;;;;;;;;;2.0;;526;237;92;59;37;13;31;2;4;0;1;44;1;3;2
232;35;Nordsachsen 2;14730140;2513;1351;1321;618;255;209;33;70;78;32.0;;;;;;;;;26.0;;1334;611;231;158;37;54;50;25;19;1;2;129;3;11;3
233;35;Nordsachsen 2;14730160;3271;2035;1919;984;321;235;72;46;183;53.0;;;;;;;;;25.0;;1939;959;296;209;85;40;165;17;21;2;1;119;4;17;4
234;35;Nordsachsen 2;14730190;4237;1928;1865;924;355;237;95;49;143;27.0;;;;;;;;;35.0;;1886;890;288;207;77;38;120;15;13;0;1;193;4;36;4
235;35;Nordsachsen 2;14730300;12292;5691;5601;2443;1066;1063;237;395;284;72.0;;;;;;;;;41.0;;5634;2418;939;854;211;315;195;47;46;7;16;528;10;34;14
236;35;Nordsachsen 2;14730320;1141;552;526;248;117;55;29;20;42;10.0;;;;;;;;;5.0;;537;235;107;51;13;17;48;3;7;0;2;42;0;11;1
237;35;Nordsachsen 2;14730360;2431;1091;1074;510;188;154;34;79;72;17.0;;;;;;;;;20.0;;1073;493;164;122;36;66;61;17;8;0;1;87;1;13;4
238;36;Nordsachsen 3;14730010;1699;491;478;216;119;33;14;13;25;8.0;;;50.0;;;;;;;;477;186;118;41;22;16;25;6;0;0;2;52;2;6;1
239;36;Nordsachsen 3;14730030;3622;1605;1576;834;306;167;41;32;59;19.0;;;118.0;;;;;;;;1582;779;303;169;60;32;69;6;12;0;2;138;3;5;4
240;36;Nordsachsen 3;14730045;6671;2721;2674;1418;446;242;66;97;169;31.0;;;205.0;;;;;;;;2674;1293;451;261;87;88;195;27;19;2;2;202;4;35;8
241;36;Nordsachsen 3;14730050;1926;1092;1067;542;156;103;39;30;95;13.0;;;89.0;;;;;;;;1068;499;156;106;52;26;82;14;13;0;1;108;0;7;4
242;36;Nordsachsen 3;14730060;3736;1802;1768;824;350;228;42;76;77;18.0;;;153.0;;;;;;;;1769;809;342;190;64;65;90;10;12;1;1;149;3;25;8
243;36;Nordsachsen 3;14730100;1806;831;822;472;113;73;25;21;39;7.0;;;72.0;;;;;;;;824;405;121;80;44;24;52;8;1;0;1;78;1;8;1
244;36;Nordsachsen 3;14730170;2632;1501;1471;762;159;136;34;37;246;12.0;;;85.0;;;;;;;;1471;745;158;141;47;38;213;9;6;0;2;97;2;8;5
245;36;Nordsachsen 3;14730200;5270;2596;2545;958;352;769;45;79;161;17.0;;;164.0;;;;;;;;2544;1075;396;391;83;82;194;20;27;5;6;226;2;34;3
246;36;Nordsachsen 3;14730210;1992;1083;1066;529;159;150;43;44;60;7.0;;;74.0;;;;;;;;1062;484;177;108;54;31;68;13;9;1;1;90;2;21;3
247;36;Nordsachsen 3;14730230;12717;5633;5544;2497;1111;671;130;205;415;54.0;;;461.0;;;;;;;;5556;2284;1162;599;176;215;428;51;39;3;7;510;8;51;23
248;36;Nordsachsen 3;14730310;16709;6596;6470;2915;1548;731;117;223;334;81.0;;;521.0;;;;;;;;6486;2634;1459;776;231;217;367;72;54;7;6;519;11;95;38
249;36;Nordsachsen 3;14730330;4480;2263;2225;949;390;320;37;120;143;17.0;;;249.0;;;;;;;;2224;905;416;255;67;92;150;27;22;2;2;248;7;19;12
250;37;Meißen 1;14627020;2861;1562;1524;599;275;149;62;77;85;17.0;27.0;;233.0;;;;;;;;1535;591;239;154;75;69;84;11;17;16;4;233;16;23;3
251;37;Meißen 1;14627070;1759;867;841;368;158;56;33;69;44;16.0;4.0;;93.0;;;;;;;;839;369;142;66;39;35;56;11;10;1;0;87;2;15;6
252;37;Meißen 1;14627080;2283;1137;1116;463;222;104;42;69;71;16.0;3.0;;126.0;;;;;;;;1121;441;197;107;52;60;62;13;15;1;1;135;18;14;5
253;37;Meißen 1;14627130;4428;2238;2181;985;401;219;153;65;108;18.0;10.0;;222.0;;;;;;;;2195;967;340;224;165;63;95;17;17;0;1;215;15;68;8
254;37;Meißen 1;14627230;27338;13102;12687;4651;3835;1091;465;581;731;166.0;69.0;;1098.0;;;;;;;;12668;4806;3053;1361;456;389;798;133;115;106;15;1180;37;167;52
255;37;Meißen 1;14627260;2663;1243;1219;531;275;110;66;31;70;23.0;8.0;;105.0;;;;;;;;1224;544;228;116;61;30;74;9;11;3;1;115;3;25;4
256;37;Meißen 1;14627270;3201;1880;1851;726;453;188;83;84;124;21.0;3.0;;169.0;;;;;;;;1850;740;349;225;88;59;134;23;13;2;1;179;3;33;1
257;37;Meißen 1;14627360;4921;2465;2420;971;593;246;112;65;153;19.0;9.0;;252.0;;;;;;;;2430;993;476;256;107;46;169;23;8;8;5;292;5;33;9
258;38;Meißen 2;14627030;3707;2420;2378;1170;338;180;111;61;132;28.0;16.0;;303.0;39.0;;;;;;;2385;1135;264;226;134;74;144;21;23;7;6;313;3;31;4
259;38;Meißen 2;14627040;1710;732;719;289;129;86;23;16;53;9.0;6.0;;102.0;6.0;;;;;;;721;290;107;86;25;12;65;10;5;3;1;110;0;4;3
260;38;Meißen 2;14627050;6382;2672;2618;1001;553;448;55;63;179;26.0;13.0;;225.0;55.0;;;;;;;2619;1051;521;344;72;67;194;28;21;9;4;242;6;50;10
261;38;Meißen 2;14627060;15779;7784;7639;2694;1959;610;247;216;514;84.0;106.0;;1105.0;104.0;;;;;;;7649;2777;1420;784;320;243;571;100;64;48;27;1155;26;85;29
262;38;Meißen 2;14627110;2238;1186;1140;497;196;86;35;19;116;18.0;6.0;;151.0;16.0;;;;;;;1160;527;156;93;36;18;120;9;11;2;5;167;3;12;1
263;38;Meißen 2;14627190;4894;2877;2827;1165;615;348;77;74;144;41.0;16.0;;312.0;35.0;;;;;;;2834;1180;550;365;86;67;163;28;30;6;9;300;6;31;13
264;38;Meißen 2;14627200;2624;1339;1316;605;239;99;48;31;93;13.0;3.0;;165.0;20.0;;;;;;;1322;584;195;114;60;36;95;19;8;1;4;176;4;21;5
265;38;Meißen 2;14627220;6196;3343;3276;1511;533;378;123;149;157;42.0;16.0;;304.0;63.0;;;;;;;3290;1536;440;448;133;109;184;28;26;11;20;303;3;38;11
266;38;Meißen 2;14627240;2404;1423;1385;620;294;164;36;34;85;12.0;1.0;;125.0;14.0;;;;;;;1388;656;244;153;45;27;83;15;13;1;1;126;2;17;5
267;38;Meißen 2;14627250;1575;1276;1243;569;200;94;50;31;81;32.0;3.0;;162.0;21.0;;;;;;;1250;552;153;111;58;26;79;8;26;1;52;158;3;19;4
268;38;Meißen 2;14627280;1197;686;671;286;105;52;32;21;55;17.0;2.0;;92.0;9.0;;;;;;;674;280;88;59;51;22;51;6;12;3;2;85;2;6;7
269;38;Meißen 2;14627290;1849;1275;1208;535;189;82;33;31;121;42.0;8.0;;145.0;22.0;;;;;;;1207;562;159;99;30;25;129;9;15;5;13;134;3;19;5
270;38;Meißen 2;14627340;1430;615;604;252;104;69;23;15;42;7.0;4.0;;82.0;6.0;;;;;;;605;253;99;68;19;18;48;9;7;3;0;68;5;4;4
271;39;Meißen 3;14627100;8351;4541;4465;1854;724;429;229;298;236;63.0;76.0;25.0;531.0;;;;;;;;4483;1843;650;451;210;284;263;55;43;24;10;548;13;64;25
272;39;Meißen 3;14627140;23087;10093;9912;3462;2042;1196;873;494;444;162.0;76.0;39.0;1124.0;;;;;;;;9962;3599;1833;1314;517;487;476;131;128;31;22;1167;96;117;44
273;39;Meißen 3;14627170;3275;1534;1497;618;240;191;73;49;74;17.0;10.0;11.0;214.0;;;;;;;;1504;580;219;199;62;61;75;19;13;3;1;225;5;37;5
274;39;Meißen 3;14627180;9028;4271;4179;1895;737;412;180;209;210;46.0;22.0;54.0;414.0;;;;;;;;4192;1867;652;433;185;183;227;50;36;12;26;439;18;51;13
275;39;Meißen 3;14627310;8407;4876;4799;1963;827;574;212;230;225;55.0;52.0;15.0;646.0;;;;;;;;4814;1945;714;611;187;222;245;65;43;25;9;637;17;69;25
276;40;Meißen 4;14627010;17438;8885;8740;2905;1311;1463;218;350;389;120.0;29.0;42.0;1003.0;910.0;;;;;;;8751;3247;1541;1018;303;440;458;87;73;20;36;1131;31;327;39
277;40;Meißen 4;14627150;6708;4145;4099;1453;388;1250;109;133;146;33.0;13.0;15.0;471.0;88.0;;;;;;;4109;1642;485;791;160;202;159;36;42;5;16;467;9;70;25
278;40;Meißen 4;14627210;27217;16011;15841;5751;1933;3300;655;1363;422;172.0;82.0;51.0;1439.0;673.0;;;;;;;15856;6228;2181;2149;812;1451;513;181;182;68;27;1472;17;471;104
279;48;Sächsische Schweiz-Osterzgebirge 1;14628090;909;551;535;284;70;44;15;19;24;3.0;0.0;;57.0;19.0;;;;;;;538;254;77;50;24;19;27;4;1;0;0;66;0;12;4
280;48;Sächsische Schweiz-Osterzgebirge 1;14628110;32764;15972;15743;7085;2639;1588;419;714;706;169.0;80.0;;1703.0;640.0;;;;;;;15785;6526;2550;1868;585;701;888;181;131;49;20;1742;34;440;70
281;48;Sächsische Schweiz-Osterzgebirge 1;14628400;4379;2633;2603;1051;393;286;73;184;80;27.0;10.0;;344.0;155.0;;;;;;;2609;1016;361;276;119;186;110;29;25;7;3;333;4;119;21
282;48;Sächsische Schweiz-Osterzgebirge 1;14628410;11284;6283;6173;2872;967;617;184;261;316;44.0;10.0;;735.0;167.0;;;;;;;6181;2770;862;586;253;254;398;54;42;14;12;754;13;143;26
283;49;Sächsische Schweiz-Osterzgebirge 2;14628010;6828;4096;4030;1986;655;298;155;104;292;42.0;;;498.0;;;;;;;;4044;1764;571;325;168;84;301;49;39;8;0;453;13;259;10
284;49;Sächsische Schweiz-Osterzgebirge 2;14628050;8711;5276;5187;2248;865;611;199;362;220;72.0;;;610.0;;;;;;;;5214;2213;808;596;255;294;251;62;41;13;6;542;13;98;22
285;49;Sächsische Schweiz-Osterzgebirge 2;14628060;12152;6436;6325;2878;1163;542;252;234;424;66.0;;;766.0;;;;;;;;6345;2700;1007;634;239;229;430;70;39;5;7;698;11;256;20
286;49;Sächsische Schweiz-Osterzgebirge 2;14628130;5741;2834;2758;1305;350;229;101;112;175;31.0;;;455.0;;;;;;;;2768;1219;338;225;109;104;185;34;22;5;6;398;9;103;11
287;49;Sächsische Schweiz-Osterzgebirge 2;14628150;930;504;480;234;68;40;21;16;39;3.0;;;59.0;;;;;;;;488;221;66;43;21;14;33;4;0;2;1;65;1;17;0
288;49;Sächsische Schweiz-Osterzgebirge 2;14628170;708;361;355;181;41;26;16;20;19;3.0;;;49.0;;;;;;;;357;166;41;29;23;18;19;1;1;0;0;45;1;11;2
289;49;Sächsische Schweiz-Osterzgebirge 2;14628205;5780;3338;3273;1649;482;258;120;124;208;38.0;;;394.0;;;;;;;;3293;1544;443;280;143;115;230;32;24;6;2;378;3;76;17
290;49;Sächsische Schweiz-Osterzgebirge 2;14628220;3661;2600;2569;1125;429;271;85;145;171;29.0;;;314.0;;;;;;;;2571;1102;368;291;89;127;181;32;21;2;2;280;6;60;10
291;49;Sächsische Schweiz-Osterzgebirge 2;14628300;3661;2176;2154;1084;315;192;71;75;118;26.0;;;273.0;;;;;;;;2162;1023;295;195;84;62;134;18;9;1;2;266;5;57;11
292;50;Sächsische Schweiz-Osterzgebirge 3;14628020;4802;2697;2662;1161;396;288;80;114;234;24.0;25.0;;340.0;;;;;;;;2672;1164;404;227;92;115;263;30;13;10;6;302;3;34;9
293;50;Sächsische Schweiz-Osterzgebirge 3;14628040;1825;877;869;396;123;96;25;38;89;6.0;3.0;;93.0;;;;;;;;867;373;128;83;35;35;93;10;7;0;1;81;1;12;8
294;50;Sächsische Schweiz-Osterzgebirge 3;14628070;1628;903;874;379;104;87;28;31;85;15.0;5.0;;140.0;;;;;;;;881;395;102;62;30;26;97;13;10;2;0;137;0;5;2
295;50;Sächsische Schweiz-Osterzgebirge 3;14628080;5129;2891;2848;1204;454;286;141;152;144;25.0;12.0;;430.0;;;;;;;;2865;1252;439;268;122;122;169;33;18;8;1;351;3;68;11
296;50;Sächsische Schweiz-Osterzgebirge 3;14628160;13458;6216;6097;2341;1139;577;413;247;449;72.0;64.0;;795.0;;;;;;;;6112;2465;1104;573;295;206;502;86;51;37;7;697;8;53;28
297;50;Sächsische Schweiz-Osterzgebirge 3;14628230;1127;592;582;295;81;50;18;13;40;10.0;5.0;;70.0;;;;;;;;584;294;71;51;17;14;45;7;8;6;1;58;1;6;5
298;50;Sächsische Schweiz-Osterzgebirge 3;14628250;1631;818;796;329;134;59;35;47;52;6.0;5.0;;129.0;;;;;;;;805;322;127;64;43;49;72;4;5;4;1;97;1;10;6
299;50;Sächsische Schweiz-Osterzgebirge 3;14628270;32049;16423;16168;5407;3389;2227;616;823;1295;167.0;193.0;;2051.0;;;;;;;;16217;5831;3335;1737;578;769;1447;178;116;86;19;1694;42;285;100
300;51;Sächsische Schweiz-Osterzgebirge 4;14628030;3262;2043;2004;834;401;189;60;63;197;14.0;22.0;;218.0;;;;;6.0;;;2012;799;375;194;86;56;183;27;8;7;3;238;3;31;2
301;51;Sächsische Schweiz-Osterzgebirge 4;14628100;3582;1711;1690;868;215;135;87;52;112;20.0;8.0;;187.0;;;;;6.0;;;1692;835;202;144;75;59;112;20;17;1;0;195;1;25;6
302;51;Sächsische Schweiz-Osterzgebirge 4;14628140;1650;883;862;317;173;74;30;40;98;4.0;3.0;;118.0;;;;;5.0;;;860;309;162;76;28;36;108;6;2;3;0;105;2;21;2
303;51;Sächsische Schweiz-Osterzgebirge 4;14628190;2868;1520;1492;696;196;137;60;51;181;13.0;11.0;;144.0;;;;;3.0;;;1489;677;178;122;55;48;178;24;12;3;2;161;0;26;3
304;51;Sächsische Schweiz-Osterzgebirge 4;14628210;1857;1477;1450;564;236;193;38;97;117;16.0;14.0;;153.0;;;;;22.0;;;1450;575;212;151;57;90;114;21;8;4;0;167;3;45;3
305;51;Sächsische Schweiz-Osterzgebirge 4;14628240;2603;2009;1977;1046;332;138;38;88;132;19.0;13.0;;168.0;;;;;3.0;;;1983;894;323;185;64;95;159;25;12;7;3;190;0;21;5
306;51;Sächsische Schweiz-Osterzgebirge 4;14628260;10847;5332;5252;2026;893;386;776;138;421;27.0;28.0;;542.0;;;;;15.0;;;5249;2231;873;445;346;148;401;55;23;10;3;623;8;66;17
307;51;Sächsische Schweiz-Osterzgebirge 4;14628310;302;136;132;54;21;13;7;6;15;0.0;0.0;;16.0;;;;;0.0;;;133;56;23;10;5;4;18;2;0;0;0;15;0;0;0
308;51;Sächsische Schweiz-Osterzgebirge 4;14628320;809;352;345;141;44;37;11;18;35;3.0;4.0;;51.0;;;;;1.0;;;346;150;46;32;14;11;37;6;4;2;1;35;5;2;1
309;51;Sächsische Schweiz-Osterzgebirge 4;14628330;1216;632;614;275;80;47;17;11;101;6.0;1.0;;74.0;;;;;2.0;;;621;271;73;45;18;13;100;10;5;1;0;67;2;14;2
310;51;Sächsische Schweiz-Osterzgebirge 4;14628340;1393;718;700;313;140;47;22;26;59;6.0;4.0;;83.0;;;;;0.0;;;701;303;126;51;27;26;62;6;4;2;1;75;0;15;3
311;51;Sächsische Schweiz-Osterzgebirge 4;14628360;8529;4585;4488;1802;729;335;212;135;767;34.0;43.0;;415.0;;;;;16.0;;;4500;1759;658;381;188;154;684;62;27;17;4;484;5;57;20
312;51;Sächsische Schweiz-Osterzgebirge 4;14628370;1351;650;641;270;95;51;27;28;57;12.0;3.0;;95.0;;;;;3.0;;;643;268;80;57;33;34;61;8;2;3;1;86;2;3;5
313;51;Sächsische Schweiz-Osterzgebirge 4;14628380;4660;2603;2558;1158;346;213;192;86;204;21.0;13.0;;319.0;;;;;6.0;;;2569;1117;330;236;167;95;194;30;13;7;4;323;2;37;14
314;51;Sächsische Schweiz-Osterzgebirge 4;14628390;2103;1073;1055;463;153;94;37;46;95;11.0;6.0;;125.0;;;;;25.0;;;1059;449;145;84;50;38;106;12;13;2;0;140;0;16;4
315;52;Bautzen 1;14625040;9772;4665;4558;1899;887;804;198;102;398;64.0;;;;206.0;;;;;;;4596;1764;809;620;182;128;335;47;37;8;11;533;19;81;22
316;52;Bautzen 1;14625060;2243;1199;1184;628;153;134;60;31;112;19.0;;;;47.0;;;;;;;1191;638;138;105;41;24;77;7;4;1;0;142;3;8;3
317;52;Bautzen 1;14625090;4218;2714;2662;1354;465;266;86;62;280;35.0;;;;114.0;;;;;;;2671;1174;404;266;91;60;194;36;11;5;7;365;3;47;8
318;52;Bautzen 1;14625100;2329;1146;1113;529;191;127;82;20;124;9.0;;;;31.0;;;;;;;1117;495;172;104;40;19;95;14;5;4;7;143;3;13;3
319;52;Bautzen 1;14625140;794;372;361;206;46;26;15;10;32;7.0;;;;19.0;;;;;;;363;194;40;24;12;7;28;4;2;0;0;49;0;3;0
320;52;Bautzen 1;14625150;2646;1766;1727;789;294;146;79;51;216;27.0;;;;125.0;;;;;;;1740;767;233;119;57;36;163;15;19;3;4;247;6;66;5
321;52;Bautzen 1;14625170;2316;1575;1542;720;223;248;61;46;122;18.0;;;;104.0;;;;;;;1546;696;202;175;63;49;113;21;9;3;1;166;2;35;11
322;52;Bautzen 1;14625190;2332;1210;1159;539;203;127;40;45;131;22.0;;;;52.0;;;;;;;1182;468;182;123;49;38;84;13;9;0;2;180;1;28;5
323;52;Bautzen 1;14625380;4244;1887;1853;807;300;193;69;46;283;39.0;;;;116.0;;;;;;;1860;702;245;175;54;41;234;18;21;7;3;299;7;44;10
324;52;Bautzen 1;14625390;1743;923;897;396;177;92;32;34;99;10.0;;;;57.0;;;;;;;908;348;148;95;36;29;78;3;4;2;1;136;3;21;4
325;52;Bautzen 1;14625510;1156;561;551;270;94;58;24;15;48;12.0;;;;30.0;;;;;;;553;268;68;40;19;17;33;9;6;0;1;72;1;17;2
326;52;Bautzen 1;14625525;5486;3191;3113;1638;422;307;129;96;291;62.0;;;;168.0;;;;;;;3135;1501;347;309;127;95;211;30;24;0;2;390;8;83;8
327;52;Bautzen 1;14625530;2648;1290;1253;455;200;215;43;36;128;12.0;;;;164.0;;;;;;;1265;507;196;141;25;29;98;14;4;5;0;187;5;46;8
328;52;Bautzen 1;14625560;5858;3410;3353;1576;621;276;149;106;357;60.0;;;;208.0;;;;;;;3361;1413;439;304;120;90;304;46;32;7;4;466;10;106;20
329;52;Bautzen 1;14625590;2541;1294;1270;606;174;162;45;31;183;20.0;;;;49.0;;;;;;;1274;501;156;142;43;31;154;24;8;7;3;181;2;19;3
330;52;Bautzen 1;14625630;4526;2900;2843;1251;530;320;118;81;342;48.0;;;;153.0;;;;;;;2856;1100;451;293;128;72;299;42;25;7;3;339;5;73;19
331;53;Bautzen 2;14625010;3893;1692;1646;791;279;198;90;86;99;27.0;;;;70.0;;;6.0;;;;1665;753;217;188;94;81;81;10;15;5;1;173;2;36;9
332;53;Bautzen 2;14625050;2464;1206;1173;525;200;175;72;30;100;20.0;;;;42.0;;;9.0;;;;1176;512;170;125;68;41;86;14;13;4;3;112;1;21;6
333;53;Bautzen 2;14625080;848;519;507;356;52;18;29;9;11;12.0;;;;11.0;;;9.0;;;;510;350;41;22;25;16;10;3;2;0;0;29;0;9;3
334;53;Bautzen 2;14625130;2378;1175;1150;555;204;101;45;26;150;18.0;;;;33.0;;;18.0;;;;1163;542;171;104;33;23;134;5;10;2;4;116;1;13;5
335;53;Bautzen 2;14625180;811;478;471;246;73;40;28;14;42;8.0;;;;19.0;;;1.0;;;;471;211;61;52;18;15;33;4;2;0;1;59;1;11;3
336;53;Bautzen 2;14625200;5530;3227;3151;1439;565;419;151;103;220;50.0;;;;183.0;;;21.0;;;;3177;1350;464;375;168;111;183;46;32;9;4;335;7;81;12
337;53;Bautzen 2;14625220;3486;2192;2146;1048;436;199;98;76;156;24.0;;;;81.0;;;28.0;;;;2156;978;317;218;99;60;122;21;13;6;1;242;5;64;10
338;53;Bautzen 2;14625250;12697;6439;6308;2327;2028;492;252;169;539;124.0;;;;172.0;;;205.0;;;;6354;2442;1474;630;232;173;426;75;50;14;12;677;8;111;30
339;53;Bautzen 2;14625320;1358;714;688;314;145;73;49;18;55;10.0;;;;19.0;;;5.0;;;;700;314;123;65;30;18;37;7;8;0;0;89;0;8;1
340;53;Bautzen 2;14625350;959;599;586;428;44;21;17;17;19;15.0;;;;15.0;;;10.0;;;;591;426;30;30;16;13;12;2;8;3;0;37;1;9;4
341;53;Bautzen 2;14625410;1977;887;875;387;207;87;64;35;54;12.0;;;;25.0;;;4.0;;;;876;368;170;88;69;16;48;7;11;0;2;82;1;11;3
342;53;Bautzen 2;14625440;1695;1373;1338;966;123;62;33;52;24;17.0;;;;42.0;;;19.0;;;;1355;984;92;57;38;51;15;10;6;1;0;73;1;18;9
343;53;Bautzen 2;14625450;6288;3633;3527;1506;728;424;259;196;211;66.0;;;;103.0;;;34.0;;;;3553;1418;598;380;252;127;182;46;38;7;7;419;3;51;25
344;53;Bautzen 2;14625470;903;518;508;356;37;19;19;11;29;11.0;;;;17.0;;;9.0;;;;511;358;22;23;16;15;22;0;4;0;0;39;0;9;3
345;53;Bautzen 2;14625500;1375;820;810;554;89;36;38;20;34;12.0;;;;21.0;;;6.0;;;;816;576;55;29;20;26;29;1;7;0;0;60;3;8;2
346;53;Bautzen 2;14625540;1785;949;927;359;238;107;29;31;114;13.0;;;;10.0;;;26.0;;;;928;373;173;101;28;28;89;13;11;1;0;88;4;15;4
347;53;Bautzen 2;14625580;1391;728;709;321;145;79;46;31;42;13.0;;;;24.0;;;8.0;;;;714;310;115;70;43;26;37;1;7;1;1;87;1;12;3
348;54;Bautzen 3;14625030;5658;2991;2938;1618;569;247;76;55;227;37.0;26.0;;;83.0;;;;;;;2944;1210;607;307;113;72;206;33;13;6;7;297;9;34;30
349;54;Bautzen 3;14625270;3653;2305;2272;1366;319;177;78;68;140;28.0;7.0;;;89.0;;;;;;;2276;977;349;202;113;82;127;16;23;2;8;298;6;63;10
350;54;Bautzen 3;14625300;1586;833;815;511;95;76;32;19;46;10.0;2.0;;;24.0;;;;;;;820;378;101;85;49;21;46;9;5;1;0;95;2;23;5
351;54;Bautzen 3;14625310;7509;2938;2888;1505;530;259;66;144;202;29.0;18.0;;;135.0;;;;;;;2894;1159;591;307;92;85;168;42;25;3;1;295;10;107;9
352;54;Bautzen 3;14625370;1417;651;636;363;110;43;17;15;53;13.0;3.0;;;19.0;;;;;;;635;267;102;56;29;20;49;4;11;1;3;79;0;14;0
353;54;Bautzen 3;14625420;1957;932;908;513;153;65;23;17;87;14.0;3.0;;;33.0;;;;;;;913;358;167;74;31;20;75;7;8;1;1;154;1;13;3
354;54;Bautzen 3;14625430;8184;4633;4581;2564;727;495;127;191;223;75.0;34.0;;;145.0;;;;;;;4581;1857;739;549;246;220;199;41;52;11;9;535;13;82;28
355;54;Bautzen 3;14625480;15213;8497;8375;4404;1258;1190;224;361;408;203.0;81.0;;;246.0;;;;;;;8385;3272;1311;1282;385;447;363;100;114;32;9;835;11;170;54
356;54;Bautzen 3;14625550;2148;1122;1103;640;139;101;36;26;99;14.0;8.0;;;40.0;;;;;;;1103;471;144;110;49;27;85;12;10;5;2;148;3;32;5
357;54;Bautzen 3;14625600;3571;2106;2070;1184;289;185;64;70;140;48.0;22.0;;;68.0;;;;;;;2072;873;283;201;106;86;131;18;33;2;3;271;6;47;12
358;54;Bautzen 3;14625640;4781;2876;2849;2182;227;131;37;41;103;17.0;10.0;;;101.0;;;;;;;2843;1776;256;167;79;64;97;15;14;4;2;280;4;77;8
359;55;Bautzen 4;14625120;3077;1854;1825;966;349;142;66;33;91;19.0;;;;159.0;;;;;;;1832;983;273;167;53;30;73;12;14;2;6;164;4;40;11
360;55;Bautzen 4;14625240;30132;12083;11830;4319;3631;1127;289;253;660;132.0;;;;1419.0;;;;;;;11887;4415;3129;1403;319;205;535;77;72;20;57;942;49;604;60
361;55;Bautzen 4;14625280;2983;1656;1624;741;288;108;104;61;171;35.0;;;;116.0;;;;;;;1635;747;206;115;65;43;129;20;20;6;2;215;4;60;3
362;55;Bautzen 4;14625330;4764;2421;2356;1112;527;199;76;53;208;30.0;;;;151.0;;;;;;;2385;1127;437;196;66;37;149;12;13;6;1;267;8;57;9
363;55;Bautzen 4;14625360;2034;1019;988;411;175;61;111;31;138;22.0;;;;39.0;;;;;;;1001;446;138;63;32;18;108;10;10;1;2;155;5;11;2
364;55;Bautzen 4;14625460;704;341;332;169;38;17;22;16;41;10.0;;;;19.0;;;;;;;332;181;34;17;7;8;34;3;3;0;0;39;2;2;2
365;55;Bautzen 4;14625490;2619;1360;1300;688;173;80;80;58;136;30.0;;;;55.0;;;;;;;1327;701;134;79;47;38;100;9;14;1;3;165;3;29;4
366;55;Bautzen 4;14625570;1692;768;746;357;185;72;22;23;51;12.0;;;;24.0;;;;;;;754;340;140;79;19;17;51;7;9;0;1;66;3;8;14
367;56;Bautzen 5;14625020;33261;17006;16660;6321;3673;1954;1066;909;2247;490.0;;;;;;;;;;;16775;5465;3088;1818;610;700;1805;223;157;40;36;2398;65;281;89
368;56;Bautzen 5;14625110;3458;1704;1669;798;231;128;120;77;268;47.0;;;;;;;;;;;1676;669;187;118;81;46;191;19;9;3;6;314;2;23;8
369;56;Bautzen 5;14625160;3560;1857;1803;739;377;166;109;42;331;39.0;;;;;;;;;;;1819;625;286;156;64;31;248;16;9;2;5;326;5;38;8
370;56;Bautzen 5;14625230;1955;1021;1003;544;146;62;46;49;117;39.0;;;;;;;;;;;1011;475;109;77;37;38;99;11;13;1;0;123;2;22;4
371;56;Bautzen 5;14625290;2191;1298;1272;678;186;104;78;27;160;39.0;;;;;;;;;;;1280;587;167;103;43;23;134;13;15;3;4;163;6;16;3
372;56;Bautzen 5;14625340;4066;2638;2574;1240;440;235;144;79;366;70.0;;;;;;;;;;;2597;1121;332;198;83;63;288;27;17;2;2;405;9;38;12
373;56;Bautzen 5;14625610;2664;1622;1591;849;278;105;99;45;171;44.0;;;;;;;;;;;1604;718;225;110;66;52;142;15;11;2;2;225;12;21;3
374;57;Görlitz 1;14626010;2979;1610;1589;594;258;430;28;38;74;18.0;;;128.0;21.0;;;;;;;1597;641;275;254;61;47;85;18;15;3;6;159;1;16;16
375;57;Görlitz 1;14626060;4046;2448;2414;1191;422;209;57;56;129;22.0;;;238.0;90.0;;;;;;;2418;1115;388;231;88;60;145;22;21;6;7;248;2;76;9
376;57;Görlitz 1;14626100;1436;551;540;230;94;98;13;15;24;4.0;;;47.0;15.0;;;;;;;542;221;109;74;22;13;23;8;4;0;0;51;4;13;0
377;57;Görlitz 1;14626120;936;486;475;259;59;63;13;12;15;8.0;;;40.0;6.0;;;;;;;480;265;64;49;21;10;17;3;2;1;1;41;0;3;3
378;57;Görlitz 1;14626160;1073;537;523;230;106;57;9;14;30;6.0;;;57.0;14.0;;;;;;;524;213;107;60;17;13;30;4;7;1;0;57;2;10;3
379;57;Görlitz 1;14626190;1579;794;773;359;164;41;18;33;54;5.0;;;74.0;25.0;;;;;;;783;371;125;53;22;27;59;7;3;0;1;90;3;19;3
380;57;Görlitz 1;14626200;1502;697;686;275;184;41;20;27;33;9.0;;;84.0;13.0;;;;;;;688;286;149;61;22;20;44;5;3;0;0;85;3;8;2
381;57;Görlitz 1;14626230;2072;1347;1319;613;223;116;47;36;67;17.0;;;166.0;34.0;;;;;;;1327;639;172;127;45;43;80;12;14;2;3;164;2;22;2
382;57;Görlitz 1;14626250;3026;1420;1402;572;274;215;23;24;70;3.0;;;178.0;43.0;;;;;;;1402;545;258;154;44;34;74;11;5;1;2;230;0;40;4
383;57;Görlitz 1;14626260;782;363;355;139;63;35;7;10;38;4.0;;;46.0;13.0;;;;;;;354;134;62;30;9;8;36;3;4;1;0;56;1;8;2
384;57;Görlitz 1;14626320;867;380;376;151;73;30;10;6;26;3.0;;;68.0;9.0;;;;;;;374;152;60;24;19;11;32;5;2;2;0;64;1;2;0
385;57;Görlitz 1;14626330;1442;673;657;225;135;60;24;25;54;14.0;;;104.0;16.0;;;;;;;661;242;117;58;33;20;65;8;6;3;0;99;0;9;1
386;57;Görlitz 1;14626370;8181;3916;3840;1411;1123;322;123;94;203;27.0;;;449.0;88.0;;;;;;;3858;1456;844;425;158;98;225;36;25;5;4;487;12;74;9
387;57;Görlitz 1;14626440;1102;527;513;208;130;43;9;11;28;3.0;;;64.0;17.0;;;;;;;515;204;105;54;12;12;28;5;3;1;0;75;1;15;0
388;57;Görlitz 1;14626460;2230;911;886;457;124;67;22;17;50;6.0;;;91.0;52.0;;;;;;;886;405;115;81;25;22;60;11;5;1;1;102;1;51;6
389;57;Görlitz 1;14626480;4008;1877;1830;731;486;180;51;54;86;17.0;;;182.0;43.0;;;;;;;1835;696;424;228;60;51;102;16;11;2;0;193;5;41;6
390;57;Görlitz 1;14626490;2349;993;961;455;200;101;19;42;52;7.0;;;70.0;15.0;;;;;;;971;472;175;84;26;51;53;7;2;0;3;80;1;13;4
391;57;Görlitz 1;14626520;2047;1017;999;379;153;89;56;54;63;14.0;;;161.0;30.0;;;;;;;1003;397;136;98;59;46;73;9;7;5;1;147;2;22;1
392;57;Görlitz 1;14626560;821;399;382;188;57;42;15;12;17;3.0;;;42.0;6.0;;;;;;;387;216;55;28;14;12;13;0;0;0;0;47;1;1;0
393;57;Görlitz 1;14626580;2051;1294;1274;570;263;97;23;36;60;10.0;;;156.0;59.0;;;;;;;1281;568;220;112;38;35;62;17;7;2;1;163;5;49;2
394;57;Görlitz 1;14626590;1109;462;451;184;85;63;7;11;35;3.0;;;39.0;24.0;;;;;;;451;183;79;57;6;13;34;4;2;0;2;49;0;21;1
395;57;Görlitz 1;14626600;14834;5256;5176;1921;1379;784;121;118;210;49.0;;;444.0;150.0;;;;;;;5177;1880;1298;698;157;138;210;74;41;7;3;521;11;117;22
396;58;Görlitz 2;14626110;44262;18253;17883;6508;3573;1459;1061;1466;810;342.0;;;2664.0;;;;;;;;17979;6710;3332;2035;704;938;872;258;228;47;21;2461;48;193;132
397;58;Görlitz 2;14626240;996;458;451;197;61;29;24;22;32;7.0;;;79.0;;;;;;;;455;202;61;33;17;16;33;3;5;2;1;74;1;7;0
398;58;Görlitz 2;14626300;3257;1858;1808;778;283;140;128;116;92;18.0;;;253.0;;;;;;;;1820;820;277;161;76;71;99;16;14;4;5;238;5;28;6
399;58;Görlitz 2;14626450;4197;2154;2096;725;417;177;132;125;134;25.0;;;361.0;;;;;;;;2105;798;376;198;96;90;126;26;11;4;2;309;2;55;12
400;58;Görlitz 2;14626570;1434;681;659;284;91;48;40;34;44;6.0;;;112.0;;;;;;;;664;322;74;55;23;26;41;5;5;0;1;91;1;19;1
401;59;Görlitz 3;14626020;982;532;523;217;81;43;22;33;41;5.0;;;81.0;;;;;;;;520;212;74;46;8;20;41;4;3;0;1;94;2;13;2
402;59;Görlitz 3;14626030;2939;1751;1713;810;276;151;85;79;57;19.0;;;236.0;;;;;;;;1717;850;249;153;73;59;60;12;10;3;5;213;0;24;6
403;59;Görlitz 3;14626070;861;432;418;181;46;18;11;19;12;0.0;;;131.0;;;;;;;;420;166;41;20;13;10;12;3;1;0;1;141;4;7;1
404;59;Görlitz 3;14626085;10937;5152;5030;1834;857;387;201;703;286;58.0;;;704.0;;;;;;;;5063;1980;861;492;225;233;307;43;35;4;14;716;12;120;21
405;59;Görlitz 3;14626150;1124;457;452;184;71;27;16;22;20;3.0;;;109.0;;;;;;;;451;185;69;24;17;8;27;2;3;1;0;99;0;14;2
406;59;Görlitz 3;14626180;4995;2618;2553;1080;411;290;95;207;101;31.0;;;338.0;;;;;;;;2573;1103;397;235;118;170;103;30;27;1;8;319;6;48;8
407;59;Görlitz 3;14626245;6611;3516;3447;1440;573;293;163;212;172;33.0;;;561.0;;;;;;;;3465;1444;543;318;146;117;191;38;26;4;12;525;9;83;9
408;59;Görlitz 3;14626270;1622;864;844;360;142;55;47;32;61;5.0;;;142.0;;;;;;;;854;375;121;62;43;16;61;6;2;2;3;140;2;19;2
409;59;Görlitz 3;14626290;13193;6574;6405;2449;1477;552;328;252;364;86.0;;;897.0;;;;;;;;6447;2444;1354;583;282;151;400;50;59;14;8;861;8;210;23
410;59;Görlitz 3;14626350;2898;1771;1739;717;243;138;96;104;103;22.0;;;316.0;;;;;;;;1751;691;241;145;77;68;102;23;13;8;4;298;6;71;4
411;59;Görlitz 3;14626410;2109;971;949;426;129;59;39;45;82;4.0;;;165.0;;;;;;;;955;406;120;63;31;25;88;6;1;0;0;156;3;52;4
412;59;Görlitz 3;14626420;2092;927;897;405;139;83;60;46;29;10.0;;;125.0;;;;;;;;907;397;129;90;69;43;26;9;5;3;1;108;2;16;9
413;59;Görlitz 3;14626470;1317;601;588;277;77;49;39;21;47;3.0;;;75.0;;;;;;;;592;271;69;47;24;19;51;3;3;1;0;71;0;29;4
414;59;Görlitz 3;14626500;1283;587;572;272;104;61;21;13;26;8.0;;;67.0;;;;;;;;576;274;96;53;27;4;22;8;4;0;1;71;3;11;2
415;59;Görlitz 3;14626510;985;486;474;173;83;38;44;17;25;5.0;;;89.0;;;;;;;;478;168;95;41;23;8;25;2;3;0;0;100;3;6;4
416;60;Görlitz 4;14626050;1882;937;913;367;146;81;32;39;68;4.0;;;129.0;47.0;;;;;;;915;320;153;89;43;39;70;18;5;1;0;124;7;42;4
417;60;Görlitz 4;14626140;4915;2429;2373;1054;315;252;81;88;142;22.0;;;355.0;64.0;;;;;;;2386;975;309;275;106;86;149;33;16;1;2;364;4;49;17
418;60;Görlitz 4;14626170;1307;540;533;247;72;33;37;28;22;7.0;;;70.0;17.0;;;;;;;531;211;75;47;41;33;18;9;1;2;0;79;3;9;3
419;60;Görlitz 4;14626210;1406;674;662;299;87;55;32;25;31;3.0;;;89.0;41.0;;;;;;;661;259;94;66;40;30;35;7;2;1;3;87;3;32;2
420;60;Görlitz 4;14626280;3152;1505;1468;686;246;121;38;55;83;15.0;;;176.0;48.0;;;;;;;1476;656;245;130;45;48;89;10;9;1;4;199;5;30;5
421;60;Görlitz 4;14626310;3117;1560;1525;689;207;106;43;78;74;16.0;;;198.0;114.0;;;;;;;1534;640;218;137;47;69;95;17;15;3;3;217;2;68;3
422;60;Görlitz 4;14626390;4570;2522;2480;1153;353;173;68;98;109;19.0;;;304.0;203.0;;;;;;;2484;1034;379;243;88;101;136;25;16;0;4;360;2;91;5
423;60;Görlitz 4;14626400;4428;2584;2531;954;532;248;91;110;82;19.0;;;398.0;97.0;;;;;;;2541;899;527;289;130;96;94;42;24;4;6;344;10;73;3
424;60;Görlitz 4;14626430;1244;544;534;252;90;45;26;18;22;2.0;;;62.0;17.0;;;;;;;536;220;99;54;32;18;29;8;1;2;0;59;2;11;1
425;60;Görlitz 4;14626530;3312;1749;1716;602;379;168;56;71;103;15.0;;;267.0;55.0;;;;;;;1727;565;384;180;53;67;116;19;10;4;8;267;3;42;9
426;60;Görlitz 4;14626610;22359;10059;9666;3709;1973;1021;370;531;600;132.0;;;980.0;350.0;;;;;;;9752;3500;1962;1168;414;481;592;117;99;21;16;1025;32;268;57
427;2733;Leipzig 1-7;14713000;432324;191422;189221;54940;47451;32674;5618;21353;5437;3576.0;749.0;0.0;13255.0;2721.0;1370.0;77.0;0.0;0.0;0.0;0.0;189582;56715;42926;30685;6132;21342;6331;2845;3454;440;223;13862;269;1824;2534
428;4147;Dresden 1-7;14612000;428666;245320;241970;80192;49829;37204;9724;26760;7392;5927.0;1097.0;0.0;16377.0;5689.0;1638.0;0.0;0.0;0.0;0.0;141.0;242931;83270;46176;33347;9344;26511;8052;3110;4827;670;299;19809;352;3482;3682
429;6677;Zwickau 2-3;14524330;77250;30305;29737;11284;7081;4006;997;1559;1193;375.0;209.0;0.0;2298.0;735.0;0.0;0.0;0.0;0.0;0.0;0.0;29897;11951;6545;3891;920;1220;1249;335;243;94;27;2868;32;359;163
430;1012;Chemnitz 1-3;14511000;199440;93759;92230;32414;25513;14416;4618;6939;5091;2222.0;1017.0;0.0;0.0;0.0;0.0;0.0;0.0;0.0;0.0;0.0;92904;32906;21840;12892;3302;5677;3594;1014;1230;197;106;8568;244;668;666
