wb,Wahlkreis,Wahlberechtige,Wähler,Wahlbeteiligung,1_Stimmen AfD,1_Stimmen CDU,1_Stimmen FDP,1_Stimmen GRÜNE,1_Stimmen LINKE,1_Stimmen SPD,1_Stimmen Ungültige Stimmen,1_Stimmen andere Parteien,1_Stimmen gültige Stimmen,1_Anteil AfD,1_Anteil CDU,1_Anteil FDP,1_Anteil GRÜNE,1_Anteil LINKE,1_Anteil SPD,1_Anteil Ungültige Stimmen,1_Anteil andere Parteien,1_Anteil gültige Stimmen,2_Stimmen AfD,2_Stimmen CDU,2_Stimmen FDP,2_Stimmen GRÜNE,2_Stimmen LINKE,2_Stimmen SPD,2_Stimmen Ungültige Stimmen,2_Stimmen andere Parteien,2_Stimmen gültige Stimmen,2_Anteil AfD,2_Anteil CDU,2_Anteil FDP,2_Anteil GRÜNE,2_Anteil LINKE,2_Anteil SPD,2_Anteil Ungültige Stimmen,2_Anteil andere Parteien,2_Anteil gültige Stimmen,2_Gewinner
01100,45.0,1333,506,38.0,85,139,32,93,110,26,5,16,501,17.0,27.7,6.4,18.6,22.0,5.2,1.0,3.2,99.0,85,140,37,83,83,35,2,41,504,16.9,27.8,7.3,16.5,16.5,6.9,0.4,8.1,99.6,CDU
02100,45.0,1332,498,37.4,79,87,21,100,145,31,6,29,492,16.1,17.7,4.3,20.3,29.5,6.3,1.2,5.9,98.8,74,87,24,96,113,43,7,54,491,15.1,17.7,4.9,19.6,23.0,8.8,1.4,11.0,98.6,LINKE
02200,45.0,1700,658,38.7,141,161,29,100,152,33,12,30,646,21.8,24.9,4.5,15.5,23.5,5.1,1.8,4.6,98.2,137,165,26,91,114,53,8,64,650,21.1,25.4,4.0,14.0,17.5,8.2,1.2,9.8,98.8,CDU
02400,45.0,1390,489,35.2,138,134,33,52,78,38,4,12,485,28.5,27.6,6.8,10.7,16.1,7.8,0.8,2.5,99.2,129,140,29,38,61,47,4,41,485,26.6,28.9,6.0,7.8,12.6,9.7,0.8,8.5,99.2,CDU
03100,45.0,1219,501,41.1,111,121,27,84,85,34,9,30,492,22.6,24.6,5.5,17.1,17.3,6.9,1.8,6.1,98.2,105,112,30,72,70,48,5,59,496,21.2,22.6,6.0,14.5,14.1,9.7,1.0,11.9,99.0,CDU
03200,45.0,1203,487,40.5,114,128,20,51,117,27,7,23,480,23.8,26.7,4.2,10.6,24.4,5.6,1.4,4.8,98.6,111,116,18,59,87,46,7,43,480,23.1,24.2,3.8,12.3,18.1,9.6,1.4,9.0,98.6,CDU
03300,45.0,1272,567,44.6,115,171,33,84,103,29,16,16,551,20.9,31.0,6.0,15.2,18.7,5.3,2.8,2.9,97.2,106,186,30,66,82,49,7,41,560,18.9,33.2,5.4,11.8,14.6,8.8,1.2,7.3,98.8,CDU
03401,45.0,1268,485,38.2,127,136,23,49,89,39,11,11,474,26.8,28.7,4.9,10.3,18.8,8.2,2.3,2.3,97.7,118,139,32,48,67,38,4,39,481,24.5,28.9,6.7,10.0,13.9,7.9,0.8,8.1,99.2,CDU
03402,45.0,711,313,44.0,80,105,19,54,25,19,3,8,310,25.8,33.9,6.1,17.4,8.1,6.1,1.0,2.6,99.0,71,107,19,40,20,28,3,25,310,22.9,34.5,6.1,12.9,6.5,9.0,1.0,8.1,99.0,CDU
04100,47.0,1399,492,35.2,81,148,35,115,51,35,5,22,487,16.6,30.4,7.2,23.6,10.5,7.2,1.0,4.5,99.0,74,135,40,104,44,47,4,44,488,15.2,27.7,8.2,21.3,9.0,9.6,0.8,9.0,99.2,CDU
04200,47.0,1263,452,35.8,108,131,32,76,53,33,3,16,449,24.1,29.2,7.1,16.9,11.8,7.3,0.7,3.6,99.3,99,126,30,61,54,44,3,35,449,22.0,28.1,6.7,13.6,12.0,9.8,0.7,7.8,99.3,CDU
04300,47.0,1284,492,38.3,138,138,23,54,74,37,10,18,482,28.6,28.6,4.8,11.2,15.4,7.7,2.0,3.7,98.0,135,129,21,63,65,32,6,41,486,27.8,26.5,4.3,13.0,13.4,6.6,1.2,8.4,98.8,AfD
04400,47.0,1170,375,32.1,91,96,25,52,64,26,3,18,372,24.5,25.8,6.7,14.0,17.2,7.0,0.8,4.8,99.2,87,97,22,40,63,31,3,32,372,23.4,26.1,5.9,10.8,16.9,8.3,0.8,8.6,99.2,CDU
04500,47.0,960,376,39.2,114,87,8,48,68,27,8,16,368,31.0,23.6,2.2,13.0,18.5,7.3,2.1,4.3,97.9,110,73,12,44,64,32,6,35,370,29.7,19.7,3.2,11.9,17.3,8.6,1.6,9.5,98.4,AfD
04600,47.0,904,397,43.9,104,114,25,32,59,38,9,16,388,26.8,29.4,6.4,8.2,15.2,9.8,2.3,4.1,97.7,101,109,23,28,55,43,4,34,393,25.7,27.7,5.9,7.1,14.0,10.9,1.0,8.7,99.0,CDU
05101,47.0,779,270,34.7,72,57,15,47,36,26,3,14,267,27.0,21.3,5.6,17.6,13.5,9.7,1.1,5.2,98.9,71,52,17,37,38,24,2,29,268,26.5,19.4,6.3,13.8,14.2,9.0,0.7,10.8,99.3,AfD
05102,47.0,1261,498,39.5,67,112,20,141,74,43,1,40,497,13.5,22.5,4.0,28.4,14.9,8.7,0.2,8.0,99.8,62,103,30,131,65,39,1,67,497,12.5,20.7,6.0,26.4,13.1,7.8,0.2,13.5,99.8,GRÜNE
05200,47.0,1486,510,34.3,67,63,24,174,113,23,4,42,506,13.2,12.5,4.7,34.4,22.3,4.5,0.8,8.3,99.2,62,49,21,156,98,29,2,93,508,12.2,9.6,4.1,30.7,19.3,5.7,0.4,18.3,99.6,GRÜNE
05301,47.0,1698,554,32.6,76,102,28,164,87,44,4,49,550,13.8,18.5,5.1,29.8,15.8,8.0,0.7,8.9,99.3,68,88,33,158,91,47,2,67,552,12.3,15.9,6.0,28.6,16.5,8.5,0.4,12.1,99.6,GRÜNE
05302,47.0,1057,348,32.9,92,52,22,69,72,24,0,17,348,26.4,14.9,6.3,19.8,20.7,6.9,0.0,4.9,100.0,89,51,21,55,69,23,0,40,348,25.6,14.7,6.0,15.8,19.8,6.6,0.0,11.5,100.0,AfD
06100,45.0,1005,559,55.6,150,185,19,42,95,46,7,15,552,27.2,33.5,3.4,7.6,17.2,8.3,1.3,2.7,98.7,143,185,30,31,74,51,3,42,556,25.7,33.3,5.4,5.6,13.3,9.2,0.5,7.6,99.5,CDU
06200,45.0,1099,462,42.0,114,99,14,96,84,27,20,8,442,25.8,22.4,3.2,21.7,19.0,6.1,4.3,1.8,95.7,107,109,19,75,73,36,15,28,447,23.9,24.4,4.3,16.8,16.3,8.1,3.2,6.3,96.8,CDU
06300,45.0,706,274,38.8,92,56,14,24,57,20,2,9,272,33.8,20.6,5.1,8.8,21.0,7.4,0.7,3.3,99.3,90,61,21,21,42,15,3,21,271,33.2,22.5,7.7,7.7,15.5,5.5,1.1,7.7,98.9,AfD
06400,45.0,1152,487,42.3,122,108,19,90,83,48,7,10,480,25.4,22.5,4.0,18.8,17.3,10.0,1.4,2.1,98.6,109,127,23,80,63,50,7,28,480,22.7,26.5,4.8,16.7,13.1,10.4,1.4,5.8,98.6,CDU
06500,45.0,926,444,47.9,68,90,22,150,61,36,0,17,444,15.3,20.3,5.0,33.8,13.7,8.1,0.0,3.8,100.0,63,106,21,125,52,42,0,35,444,14.2,23.9,4.7,28.2,11.7,9.5,0.0,7.9,100.0,GRÜNE
06600,45.0,1463,566,38.7,119,152,21,109,108,31,8,18,558,21.3,27.2,3.8,19.5,19.4,5.6,1.4,3.2,98.6,117,133,33,118,69,48,7,41,559,20.9,23.8,5.9,21.1,12.3,8.6,1.2,7.3,98.8,CDU
06700,45.0,820,353,43.0,48,71,13,117,50,34,2,18,351,13.7,20.2,3.7,33.3,14.2,9.7,0.6,5.1,99.4,44,74,10,105,42,48,2,28,351,12.5,21.1,2.8,29.9,12.0,13.7,0.6,8.0,99.4,GRÜNE
06800,45.0,1686,566,33.6,79,127,29,166,95,47,9,14,557,14.2,22.8,5.2,29.8,17.1,8.4,1.6,2.5,98.4,72,138,39,141,71,58,4,43,562,12.8,24.6,6.9,25.1,12.6,10.3,0.7,7.7,99.3,GRÜNE
07100,45.0,1160,508,43.8,131,168,28,59,75,22,8,17,500,26.2,33.6,5.6,11.8,15.0,4.4,1.6,3.4,98.4,121,172,26,44,64,21,4,56,504,24.0,34.1,5.2,8.7,12.7,4.2,0.8,11.1,99.2,CDU
07200,45.0,921,460,49.9,135,148,26,29,77,29,11,5,449,30.1,33.0,5.8,6.5,17.1,6.5,2.4,1.1,97.6,122,156,32,25,62,33,5,25,455,26.8,34.3,7.0,5.5,13.6,7.3,1.1,5.5,98.9,CDU
07300,45.0,1203,450,37.4,120,115,30,45,88,30,8,14,442,27.1,26.0,6.8,10.2,19.9,6.8,1.8,3.2,98.2,110,116,35,39,56,39,6,49,444,24.8,26.1,7.9,8.8,12.6,8.8,1.3,11.0,98.7,CDU
07400,45.0,1583,628,39.7,192,204,31,49,93,33,13,13,615,31.2,33.2,5.0,8.0,15.1,5.4,2.1,2.1,97.9,190,212,32,33,79,41,11,30,617,30.8,34.4,5.2,5.3,12.8,6.6,1.8,4.9,98.2,CDU
07500,45.0,1233,461,37.4,126,122,20,31,92,35,17,18,444,28.4,27.5,4.5,7.0,20.7,7.9,3.7,4.1,96.3,121,126,26,28,74,39,11,36,450,26.9,28.0,5.8,6.2,16.4,8.7,2.4,8.0,97.6,CDU
07600,45.0,945,393,41.6,110,118,21,23,73,31,10,7,383,28.7,30.8,5.5,6.0,19.1,8.1,2.5,1.8,97.5,107,119,21,18,60,34,9,25,384,27.9,31.0,5.5,4.7,15.6,8.9,2.3,6.5,97.7,CDU
07700,45.0,844,357,42.3,92,73,19,45,84,26,5,13,352,26.1,20.7,5.4,12.8,23.9,7.4,1.4,3.7,98.6,82,84,15,31,77,32,5,31,352,23.3,23.9,4.3,8.8,21.9,9.1,1.4,8.8,98.6,CDU
07800,45.0,959,414,43.2,113,99,21,53,94,17,6,11,408,27.7,24.3,5.1,13.0,23.0,4.2,1.4,2.7,98.6,99,113,19,45,66,29,5,38,409,24.2,27.6,4.6,11.0,16.1,7.1,1.2,9.3,98.8,CDU
07900,45.0,1042,487,46.7,135,143,30,49,77,32,12,9,475,28.4,30.1,6.3,10.3,16.2,6.7,2.5,1.9,97.5,135,152,27,35,62,27,7,42,480,28.1,31.7,5.6,7.3,12.9,5.6,1.4,8.8,98.6,CDU
11100,41.0,1718,539,31.4,26,63,12,222,102,78,4,32,535,4.9,11.8,2.2,41.5,19.1,14.6,0.7,6.0,99.3,25,67,13,205,109,61,1,58,538,4.6,12.5,2.4,38.1,20.3,11.3,0.2,10.8,99.8,GRÜNE
11200,41.0,1295,468,36.1,25,46,10,201,106,48,5,27,463,5.4,9.9,2.2,43.4,22.9,10.4,1.1,5.8,98.9,21,48,15,183,94,56,6,45,462,4.5,10.4,3.2,39.6,20.3,12.1,1.3,9.7,98.7,GRÜNE
11300,41.0,1246,553,44.4,42,62,15,213,117,60,7,37,546,7.7,11.4,2.7,39.0,21.4,11.0,1.3,6.8,98.7,42,77,18,179,123,53,6,55,547,7.7,14.1,3.3,32.7,22.5,9.7,1.1,10.1,98.9,GRÜNE
11401,41.0,794,335,42.2,17,32,6,139,78,35,4,24,331,5.1,9.7,1.8,42.0,23.6,10.6,1.2,7.3,98.8,20,32,7,129,65,37,0,45,335,6.0,9.6,2.1,38.5,19.4,11.0,0.0,13.4,100.0,GRÜNE
11402,41.0,969,371,38.3,40,51,7,123,72,50,0,28,371,10.8,13.7,1.9,33.2,19.4,13.5,0.0,7.5,100.0,38,45,13,123,63,45,0,44,371,10.2,12.1,3.5,33.2,17.0,12.1,0.0,11.9,100.0,GRÜNE
11500,41.0,1554,645,41.5,39,54,9,294,131,72,3,43,642,6.1,8.4,1.4,45.8,20.4,11.2,0.5,6.7,99.5,41,55,13,276,113,68,3,76,642,6.4,8.6,2.0,43.0,17.6,10.6,0.5,11.8,99.5,GRÜNE
11601,41.0,1164,488,41.9,18,55,8,243,95,45,0,24,488,3.7,11.3,1.6,49.8,19.5,9.2,0.0,4.9,100.0,17,61,12,213,95,46,1,43,487,3.5,12.5,2.5,43.7,19.5,9.4,0.2,8.8,99.8,GRÜNE
11602,41.0,1393,603,43.3,37,53,12,292,123,53,4,29,599,6.2,8.8,2.0,48.7,20.5,8.8,0.7,4.8,99.3,35,44,21,271,119,62,5,46,598,5.9,7.4,3.5,45.3,19.9,10.4,0.8,7.7,99.2,GRÜNE
11700,41.0,1356,544,40.1,34,47,4,281,107,47,4,20,540,6.3,8.7,0.7,52.0,19.8,8.7,0.7,3.7,99.3,29,51,10,256,99,47,1,51,543,5.3,9.4,1.8,47.1,18.2,8.7,0.2,9.4,99.8,GRÜNE
11800,41.0,1599,512,32.0,34,71,13,200,111,45,2,36,510,6.7,13.9,2.5,39.2,21.8,8.8,0.4,7.1,99.6,31,69,14,179,106,56,2,55,510,6.1,13.5,2.7,35.1,20.8,11.0,0.4,10.8,99.6,GRÜNE
12100,41.0,918,440,47.9,49,84,17,160,61,46,7,16,433,11.3,19.4,3.9,37.0,14.1,10.6,1.6,3.7,98.4,43,91,19,142,61,52,2,30,438,9.8,20.8,4.3,32.4,13.9,11.9,0.5,6.8,99.5,GRÜNE
12201,41.0,1073,504,47.0,65,122,15,180,53,51,3,15,501,13.0,24.4,3.0,35.9,10.6,10.2,0.6,3.0,99.4,64,117,27,171,52,46,0,27,504,12.7,23.2,5.4,33.9,10.3,9.1,0.0,5.4,100.0,GRÜNE
12202,41.0,1084,479,44.2,74,124,28,150,45,49,3,6,476,15.5,26.1,5.9,31.5,9.5,10.3,0.6,1.3,99.4,69,118,40,119,41,59,1,32,478,14.4,24.7,8.4,24.9,8.6,12.3,0.2,6.7,99.8,GRÜNE
12301,41.0,1086,503,46.3,95,125,39,111,77,33,4,19,499,19.0,25.1,7.8,22.2,15.4,6.6,0.8,3.8,99.2,86,120,38,100,63,42,4,50,499,17.2,24.0,7.6,20.0,12.6,8.4,0.8,10.0,99.2,CDU
12302,41.0,955,464,48.6,72,133,24,122,58,39,3,13,461,15.6,28.9,5.2,26.5,12.6,8.5,0.6,2.8,99.4,62,126,37,105,61,37,3,33,461,13.4,27.3,8.0,22.8,13.2,8.0,0.6,7.2,99.4,CDU
12400,41.0,1320,562,42.6,162,119,23,65,115,31,10,37,552,29.3,21.6,4.2,11.8,20.8,5.6,1.8,6.7,98.2,142,93,36,67,100,29,5,90,557,25.5,16.7,6.5,12.0,18.0,5.2,0.9,16.2,99.1,AfD
13100,45.0,1292,481,37.2,65,106,19,141,84,41,8,17,473,13.7,22.4,4.0,29.8,17.8,8.7,1.7,3.6,98.3,62,117,23,130,70,39,5,35,476,13.0,24.6,4.8,27.3,14.7,8.2,1.0,7.4,99.0,GRÜNE
13200,45.0,1165,439,37.7,100,103,18,60,98,35,11,14,428,23.4,24.1,4.2,14.0,22.9,8.2,2.5,3.3,97.5,95,113,18,59,78,33,6,37,433,21.9,26.1,4.2,13.6,18.0,7.6,1.4,8.5,98.6,CDU
13300,45.0,1352,556,41.1,65,77,26,212,94,43,5,34,551,11.8,14.0,4.7,38.5,17.1,7.8,0.9,6.2,99.1,62,82,26,176,74,80,5,51,551,11.3,14.9,4.7,31.9,13.4,14.5,0.9,9.3,99.1,GRÜNE
13400,45.0,1665,545,32.7,68,121,22,149,111,42,4,28,541,12.6,22.4,4.1,27.5,20.5,7.8,0.7,5.2,99.3,65,128,28,139,78,48,3,56,542,12.0,23.6,5.2,25.6,14.4,8.9,0.6,10.3,99.4,GRÜNE
14100,45.0,1032,398,38.6,66,59,11,107,112,16,2,25,396,16.7,14.9,2.8,27.0,28.3,4.0,0.5,6.3,99.5,66,48,15,88,97,26,1,57,397,16.6,12.1,3.8,22.2,24.4,6.5,0.3,14.4,99.7,LINKE
14200,45.0,1676,617,36.8,45,54,11,248,191,33,1,34,616,7.3,8.8,1.8,40.3,31.0,5.4,0.2,5.5,99.8,43,59,10,229,163,51,0,62,617,7.0,9.6,1.6,37.1,26.4,8.3,0.0,10.0,100.0,GRÜNE
14300,45.0,1583,580,36.6,35,36,7,258,166,30,4,44,576,6.1,6.2,1.2,44.8,28.8,5.2,0.7,7.6,99.3,33,47,9,222,145,54,4,66,576,5.7,8.2,1.6,38.5,25.2,9.4,0.7,11.5,99.3,GRÜNE
14401,45.0,1420,632,44.5,51,43,6,287,153,33,2,57,630,8.1,6.8,1.0,45.6,24.3,5.2,0.3,9.0,99.7,50,50,7,229,133,67,1,95,631,7.9,7.9,1.1,36.3,21.1,10.6,0.2,15.1,99.8,GRÜNE
14402,45.0,1306,579,44.3,36,52,13,258,134,54,3,29,576,6.2,9.0,2.3,44.8,23.3,9.4,0.5,5.0,99.5,35,70,12,238,111,60,2,51,577,6.1,12.1,2.1,41.2,19.2,10.4,0.3,8.8,99.7,GRÜNE
14500,45.0,1348,645,47.8,94,76,19,219,145,46,7,39,638,14.7,11.9,3.0,34.3,22.7,7.2,1.1,6.1,98.9,89,80,19,187,122,59,6,83,639,13.9,12.5,3.0,29.3,19.1,9.2,0.9,13.0,99.1,GRÜNE
14600,45.0,1252,592,47.3,165,156,35,89,93,26,4,24,588,28.1,26.5,6.0,15.1,15.8,4.4,0.7,4.1,99.3,151,168,38,74,70,40,4,47,588,25.7,28.6,6.5,12.6,11.9,6.8,0.7,8.0,99.3,CDU
15100,41.0,1483,520,35.1,67,118,22,170,73,48,2,20,518,12.9,22.8,4.2,32.8,14.1,9.3,0.4,3.9,99.6,67,131,25,156,51,43,1,46,519,12.9,25.2,4.8,30.1,9.8,8.3,0.2,8.9,99.8,GRÜNE
15300,41.0,811,361,44.5,55,84,20,94,59,33,4,12,357,15.4,23.5,5.6,26.3,16.5,9.2,1.1,3.4,98.9,50,67,26,80,62,42,6,28,355,14.1,18.9,7.3,22.5,17.5,11.8,1.7,7.9,98.3,GRÜNE
21100,47.0,1237,499,40.3,73,77,19,142,107,33,1,47,498,14.7,15.5,3.8,28.5,21.5,6.6,0.2,9.4,99.8,67,65,26,120,99,47,0,75,499,13.4,13.0,5.2,24.0,19.8,9.4,0.0,15.0,100.0,GRÜNE
21200,47.0,1354,559,41.3,110,93,23,135,116,38,5,39,554,19.9,16.8,4.2,24.4,20.9,6.9,0.9,7.0,99.1,107,81,27,130,100,34,3,77,556,19.2,14.6,4.9,23.4,18.0,6.1,0.5,13.8,99.5,GRÜNE
21301,47.0,910,418,45.9,76,76,25,114,59,42,4,22,414,18.4,18.4,6.0,27.5,14.3,10.1,1.0,5.3,99.0,69,76,23,109,49,36,3,53,415,16.6,18.3,5.5,26.3,11.8,8.7,0.7,12.8,99.3,GRÜNE
21302,47.0,1594,624,39.1,110,95,29,172,114,40,12,52,612,18.0,15.5,4.7,28.1,18.6,6.5,1.9,8.5,98.1,109,83,32,154,94,57,5,90,619,17.6,13.4,5.2,24.9,15.2,9.2,0.8,14.5,99.2,GRÜNE
21303,47.0,899,351,39.0,58,66,19,94,49,32,2,31,349,16.6,18.9,5.4,26.9,14.0,9.2,0.6,8.9,99.4,53,63,16,97,43,32,0,47,351,15.1,17.9,4.6,27.6,12.3,9.1,0.0,13.4,100.0,GRÜNE
21400,47.0,1425,550,38.6,102,88,14,171,83,46,8,38,542,18.8,16.2,2.6,31.5,15.3,8.5,1.5,7.0,98.5,94,83,14,163,71,54,4,67,546,17.2,15.2,2.6,29.9,13.0,9.9,0.7,12.3,99.3,GRÜNE
21500,47.0,1495,606,40.5,125,93,23,161,100,43,12,49,594,21.0,15.7,3.9,27.1,16.8,7.2,2.0,8.2,98.0,122,80,23,152,77,52,8,92,598,20.4,13.4,3.8,25.4,12.9,8.7,1.3,15.4,98.7,GRÜNE
22100,47.0,1592,697,43.8,156,160,32,121,104,67,8,49,689,22.6,23.2,4.6,17.6,15.1,9.7,1.1,7.1,98.9,149,142,38,120,95,68,4,81,693,21.5,20.5,5.5,17.3,13.7,9.8,0.6,11.7,99.4,AfD
22200,47.0,1406,536,38.1,164,120,28,72,69,26,5,52,531,30.9,22.6,5.3,13.6,13.0,4.9,0.9,9.8,99.1,152,107,26,57,71,29,5,89,531,28.6,20.2,4.9,10.7,13.4,5.5,0.9,16.8,99.1,AfD
22300,47.0,1242,515,41.5,155,122,26,61,78,35,2,36,513,30.2,23.8,5.1,11.9,15.2,6.8,0.4,7.0,99.6,152,119,24,50,69,37,2,62,513,29.6,23.2,4.7,9.7,13.5,7.2,0.4,12.1,99.6,AfD
22400,47.0,897,413,46.0,172,113,20,21,43,23,7,14,406,42.4,27.8,4.9,5.2,10.6,5.7,1.7,3.4,98.3,161,94,27,20,42,26,4,39,409,39.4,23.0,6.6,4.9,10.3,6.4,1.0,9.5,99.0,AfD
22501,47.0,1200,577,48.1,184,142,25,67,71,44,8,36,569,32.3,25.0,4.4,11.8,12.5,7.7,1.4,6.3,98.6,170,130,28,64,56,55,4,70,573,29.7,22.7,4.9,11.2,9.8,9.6,0.7,12.2,99.3,AfD
22502,47.0,1662,722,43.4,160,190,32,117,99,59,6,59,716,22.3,26.5,4.5,16.3,13.8,8.2,0.8,8.2,99.2,148,172,33,119,80,63,6,101,716,20.7,24.0,4.6,16.6,11.2,8.8,0.8,14.1,99.2,CDU
22600,47.0,1082,533,49.3,185,124,43,67,47,38,6,23,527,35.1,23.5,8.2,12.7,8.9,7.2,1.1,4.4,98.9,163,111,33,53,45,43,3,82,530,30.8,20.9,6.2,10.0,8.5,8.1,0.6,15.5,99.4,AfD
22700,47.0,1173,563,48.0,193,172,31,44,60,31,7,25,556,34.7,30.9,5.6,7.9,10.8,5.6,1.2,4.5,98.8,184,141,27,48,58,41,7,57,556,33.1,25.4,4.9,8.6,10.4,7.4,1.2,10.3,98.8,AfD
23100,47.0,1068,468,43.8,177,123,28,49,38,14,5,34,463,38.2,26.6,6.0,10.6,8.2,3.0,1.1,7.3,98.9,164,108,23,48,42,10,4,69,464,35.3,23.3,5.0,10.3,9.1,2.2,0.9,14.9,99.1,AfD
23200,47.0,1232,481,39.0,167,97,33,52,51,43,6,32,475,35.2,20.4,6.9,10.9,10.7,9.1,1.2,6.7,98.8,157,93,33,41,44,41,5,67,476,33.0,19.5,6.9,8.6,9.2,8.6,1.0,14.1,99.0,AfD
23300,47.0,1060,563,53.1,186,221,25,52,28,33,7,11,556,33.5,39.7,4.5,9.4,5.0,5.9,1.2,2.0,98.8,175,200,38,52,27,36,4,31,559,31.3,35.8,6.8,9.3,4.8,6.4,0.7,5.5,99.3,CDU
23400,47.0,1044,549,52.6,185,176,36,30,58,36,14,14,535,34.6,32.9,6.7,5.6,10.8,6.7,2.6,2.6,97.4,179,147,41,38,44,44,11,45,538,33.3,27.3,7.6,7.1,8.2,8.2,2.0,8.4,98.0,AfD
24100,47.0,918,448,48.8,102,127,26,71,57,40,5,20,443,23.0,28.7,5.9,16.0,12.9,9.0,1.1,4.5,98.9,97,123,30,54,50,44,4,46,444,21.8,27.7,6.8,12.2,11.3,9.9,0.9,10.4,99.1,CDU
24200,47.0,1131,619,54.7,109,182,35,131,86,56,2,18,617,17.7,29.5,5.7,21.2,13.9,9.1,0.3,2.9,99.7,96,169,40,129,68,61,3,53,616,15.6,27.4,6.5,20.9,11.0,9.9,0.5,8.6,99.5,CDU
24300,47.0,1028,547,53.2,106,156,31,98,67,54,5,30,542,19.6,28.8,5.7,18.1,12.4,10.0,0.9,5.5,99.1,103,158,23,84,68,54,5,52,542,19.0,29.2,4.2,15.5,12.5,10.0,0.9,9.6,99.1,CDU
24400,47.0,1328,653,49.2,134,206,41,106,78,49,5,34,648,20.7,31.8,6.3,16.4,12.0,7.6,0.8,5.2,99.2,125,194,35,102,87,49,1,60,652,19.2,29.8,5.4,15.6,13.3,7.5,0.2,9.2,99.8,CDU
24500,47.0,1500,702,46.8,202,212,32,70,81,66,15,24,687,29.4,30.9,4.7,10.2,11.8,9.6,2.1,3.5,97.9,192,195,37,70,82,55,7,64,695,27.6,28.1,5.3,10.1,11.8,7.9,1.0,9.2,99.0,CDU
24700,47.0,1079,477,44.2,138,137,27,57,70,25,8,15,469,29.4,29.2,5.8,12.2,14.9,5.3,1.7,3.2,98.3,132,119,35,58,58,27,6,42,471,28.0,25.3,7.4,12.3,12.3,5.7,1.3,8.9,98.7,AfD
24800,47.0,1009,461,45.7,126,165,26,56,44,30,2,12,459,27.5,35.9,5.7,12.2,9.6,6.5,0.4,2.6,99.6,123,150,31,53,41,34,2,27,459,26.8,32.7,6.8,11.5,8.9,7.4,0.4,5.9,99.6,CDU
25100,47.0,1450,607,41.9,140,121,26,116,117,29,9,49,598,23.4,20.2,4.3,19.4,19.6,4.8,1.5,8.2,98.5,131,112,21,108,108,38,8,81,599,21.9,18.7,3.5,18.0,18.0,6.3,1.3,13.5,98.7,AfD
25200,47.0,1237,522,42.2,93,114,30,104,96,33,8,44,514,18.1,22.2,5.8,20.2,18.7,6.4,1.5,8.6,98.5,90,110,28,88,79,38,5,84,517,17.4,21.3,5.4,17.0,15.3,7.4,1.0,16.2,99.0,CDU
25300,47.0,1392,614,44.1,188,181,49,53,58,54,7,24,607,31.0,29.8,8.1,8.7,9.6,8.9,1.1,4.0,98.9,176,167,57,48,53,46,7,60,607,29.0,27.5,9.4,7.9,8.7,7.6,1.1,9.9,98.9,AfD
25400,47.0,1762,689,39.1,155,154,34,131,111,37,5,62,684,22.7,22.5,5.0,19.2,16.2,5.4,0.7,9.1,99.3,146,146,28,110,113,41,2,103,687,21.3,21.3,4.1,16.0,16.4,6.0,0.3,15.0,99.7,AfD
25500,47.0,1683,633,37.6,132,163,32,118,89,48,9,42,624,21.2,26.1,5.1,18.9,14.3,7.7,1.4,6.7,98.6,128,149,31,99,93,53,10,70,623,20.5,23.9,5.0,15.9,14.9,8.5,1.6,11.2,98.4,CDU
25600,47.0,833,367,44.1,81,117,24,59,40,27,6,13,361,22.4,32.4,6.6,16.3,11.1,7.5,1.6,3.6,98.4,80,100,24,54,34,35,4,36,363,22.0,27.5,6.6,14.9,9.4,9.6,1.1,9.9,98.9,CDU
25700,47.0,1512,660,43.7,166,189,31,108,83,50,8,25,652,25.5,29.0,4.8,16.6,12.7,7.7,1.2,3.8,98.8,163,165,51,101,69,56,4,51,656,24.8,25.2,7.8,15.4,10.5,8.5,0.6,7.8,99.4,CDU
31100,41.0,1592,726,45.6,176,252,51,112,60,42,10,23,716,24.6,35.2,7.1,15.6,8.4,5.9,1.4,3.2,98.6,159,213,86,106,58,48,7,49,719,22.1,29.6,12.0,14.7,8.1,6.7,1.0,6.8,99.0,CDU
31200,41.0,1362,588,43.2,179,188,44,44,62,42,12,17,576,31.1,32.6,7.6,7.6,10.8,7.3,2.0,3.0,98.0,161,163,61,47,64,38,7,47,581,27.7,28.1,10.5,8.1,11.0,6.5,1.2,8.1,98.8,CDU
31300,41.0,1018,515,50.6,155,161,48,24,69,29,14,15,501,30.9,32.1,9.6,4.8,13.8,5.8,2.7,3.0,97.3,152,133,66,23,61,30,8,42,507,30.0,26.2,13.0,4.5,12.0,5.9,1.6,8.3,98.4,AfD
31400,41.0,1419,696,49.0,149,273,68,93,52,29,14,18,682,21.8,40.0,10.0,13.6,7.6,4.3,2.0,2.6,98.0,135,243,83,104,41,38,7,45,689,19.6,35.3,12.0,15.1,6.0,5.5,1.0,6.5,99.0,CDU
31500,41.0,1098,644,58.7,139,238,49,92,59,43,7,17,637,21.8,37.4,7.7,14.4,9.3,6.8,1.1,2.7,98.9,127,189,85,94,48,51,4,46,640,19.8,29.5,13.3,14.7,7.5,8.0,0.6,7.2,99.4,CDU
31601,41.0,1171,592,50.6,122,213,51,89,49,44,12,12,580,21.0,36.7,8.8,15.3,8.4,7.6,2.0,2.1,98.0,107,166,85,92,41,49,9,43,583,18.4,28.5,14.6,15.8,7.0,8.4,1.5,7.4,98.5,CDU
31602,41.0,1048,558,53.2,118,218,36,81,52,33,8,12,550,21.5,39.6,6.5,14.7,9.5,6.0,1.4,2.2,98.6,115,185,62,82,42,33,4,35,554,20.8,33.4,11.2,14.8,7.6,6.0,0.7,6.3,99.3,CDU
31701,41.0,934,432,46.3,110,135,41,40,63,26,9,8,423,26.0,31.9,9.7,9.5,14.9,6.1,2.1,1.9,97.9,102,116,65,35,52,28,6,28,426,23.9,27.2,15.3,8.2,12.2,6.6,1.4,6.6,98.6,CDU
31702,41.0,1079,492,45.6,135,157,36,38,64,34,8,20,484,27.9,32.4,7.4,7.9,13.2,7.0,1.6,4.1,98.4,123,132,61,35,60,36,6,39,486,25.3,27.2,12.6,7.2,12.3,7.4,1.2,8.0,98.8,CDU
31800,41.0,870,406,46.7,124,99,28,48,49,29,12,17,394,31.5,25.1,7.1,12.2,12.4,7.4,3.0,4.3,97.0,116,69,36,39,57,36,9,44,397,29.2,17.4,9.1,9.8,14.4,9.1,2.2,11.1,97.8,AfD
32100,41.0,1369,730,53.3,263,241,65,54,52,33,8,14,722,36.4,33.4,9.0,7.5,7.2,4.6,1.1,1.9,98.9,261,209,92,43,49,34,6,36,724,36.0,28.9,12.7,5.9,6.8,4.7,0.8,5.0,99.2,AfD
32201,41.0,866,457,52.8,159,143,51,29,29,30,7,9,450,35.3,31.8,11.3,6.4,6.4,6.7,1.5,2.0,98.5,142,134,61,25,28,24,3,40,454,31.3,29.5,13.4,5.5,6.2,5.3,0.7,8.8,99.3,AfD
32202,41.0,789,372,47.1,107,130,37,26,33,26,3,10,369,29.0,35.2,10.0,7.0,8.9,7.0,0.8,2.7,99.2,105,113,38,35,26,19,1,35,371,28.3,30.5,10.2,9.4,7.0,5.1,0.3,9.4,99.7,CDU
32300,41.0,928,527,56.8,150,159,38,84,47,34,6,9,521,28.8,30.5,7.3,16.1,9.0,6.5,1.1,1.7,98.9,132,149,53,79,40,34,2,38,525,25.1,28.4,10.1,15.0,7.6,6.5,0.4,7.2,99.6,CDU
32400,41.0,1106,578,52.3,119,171,44,128,53,53,2,8,576,20.7,29.7,7.6,22.2,9.2,9.2,0.3,1.4,99.7,114,149,64,112,46,53,2,38,576,19.8,25.9,11.1,19.4,8.0,9.2,0.3,6.6,99.7,CDU
35110,41.0,1270,673,53.0,170,246,73,80,47,35,5,17,668,25.4,36.8,10.9,12.0,7.0,5.2,0.7,2.5,99.3,168,205,112,69,34,39,5,41,668,25.1,30.7,16.8,10.3,5.1,5.8,0.7,6.1,99.3,CDU
35310,41.0,1100,669,60.8,204,242,55,72,50,36,1,9,668,30.5,36.2,8.2,10.8,7.5,5.4,0.1,1.3,99.9,193,201,80,59,40,45,1,50,668,28.9,30.1,12.0,8.8,6.0,6.7,0.1,7.5,99.9,CDU
35410,41.0,1202,687,57.2,206,203,73,80,61,46,6,12,681,30.2,29.8,10.7,11.7,9.0,6.8,0.9,1.8,99.1,196,160,121,66,40,44,7,53,680,28.8,23.5,17.8,9.7,5.9,6.5,1.0,7.8,99.0,AfD
35510,41.0,984,552,56.1,178,207,46,33,38,32,5,13,547,32.5,37.8,8.4,6.0,6.9,5.9,0.9,2.4,99.1,166,157,90,31,31,28,7,42,545,30.5,28.8,16.5,5.7,5.7,5.1,1.3,7.7,98.7,AfD
35610,41.0,203,116,57.1,35,41,14,2,10,11,2,1,114,30.7,36.0,12.3,1.8,8.8,9.6,1.7,0.9,98.3,34,39,15,5,7,10,1,5,115,29.6,33.9,13.0,4.3,6.1,8.7,0.9,4.3,99.1,CDU
36110,41.0,955,553,57.9,138,265,38,55,23,18,3,13,550,25.1,48.2,6.9,10.0,4.2,3.3,0.5,2.4,99.5,138,150,129,55,26,19,3,33,550,25.1,27.3,23.5,10.0,4.7,3.5,0.5,6.0,99.5,CDU
36210,41.0,1277,695,54.4,127,304,51,115,29,50,4,15,691,18.4,44.0,7.4,16.6,4.2,7.2,0.6,2.2,99.4,121,160,168,118,32,54,4,38,691,17.5,23.2,24.3,17.1,4.6,7.8,0.6,5.5,99.4,FDP
36310,41.0,772,411,53.2,97,156,33,44,35,24,12,10,399,24.3,39.1,8.3,11.0,8.8,6.0,2.9,2.5,97.1,96,88,94,41,32,32,8,20,403,23.8,21.8,23.3,10.2,7.9,7.9,1.9,5.0,98.1,AfD
36410,41.0,380,286,75.3,91,101,31,29,7,18,4,5,282,32.3,35.8,11.0,10.3,2.5,6.4,1.4,1.8,98.6,89,65,64,28,9,12,2,17,284,31.3,22.9,22.5,9.9,3.2,4.2,0.7,6.0,99.3,AfD
41100,42.0,1320,676,51.2,120,240,46,154,58,49,9,0,667,18.0,36.0,6.9,23.1,8.7,7.3,1.3,0.0,98.7,119,232,45,138,44,59,4,35,672,17.7,34.5,6.7,20.5,6.5,8.8,0.6,5.2,99.4,CDU
41200,42.0,1200,654,54.5,132,235,46,142,38,47,14,0,640,20.6,36.7,7.2,22.2,5.9,7.3,2.1,0.0,97.9,124,223,46,123,32,65,9,32,645,19.2,34.6,7.1,19.1,5.0,10.1,1.4,5.0,98.6,CDU
41300,42.0,848,409,48.2,76,164,49,71,14,32,3,0,406,18.7,40.4,12.1,17.5,3.4,7.9,0.7,0.0,99.3,65,141,50,65,13,47,3,25,406,16.0,34.7,12.3,16.0,3.2,11.6,0.7,6.2,99.3,CDU
41400,42.0,1068,444,41.6,110,149,23,100,30,28,4,0,440,25.0,33.9,5.2,22.7,6.8,6.4,0.9,0.0,99.1,104,142,34,88,23,26,1,26,443,23.5,32.1,7.7,19.9,5.2,5.9,0.2,5.9,99.8,CDU
42100,42.0,1465,749,51.1,98,292,54,182,54,61,8,0,741,13.2,39.4,7.3,24.6,7.3,8.2,1.1,0.0,98.9,89,258,59,173,49,63,7,51,742,12.0,34.8,8.0,23.3,6.6,8.5,0.9,6.9,99.1,CDU
42200,42.0,1459,748,51.3,138,280,54,176,44,46,10,0,738,18.7,37.9,7.3,23.8,6.0,6.2,1.3,0.0,98.7,130,244,59,159,46,50,5,55,743,17.5,32.8,7.9,21.4,6.2,6.7,0.7,7.4,99.3,CDU
42400,42.0,1229,602,49.0,97,219,37,121,73,45,10,0,592,16.4,37.0,6.2,20.4,12.3,7.6,1.7,0.0,98.3,81,214,44,108,63,44,4,44,598,13.5,35.8,7.4,18.1,10.5,7.4,0.7,7.4,99.3,CDU
42500,42.0,1145,623,54.4,131,219,37,104,74,54,4,0,619,21.2,35.4,6.0,16.8,12.0,8.7,0.6,0.0,99.4,130,180,43,99,58,54,2,57,621,20.9,29.0,6.9,15.9,9.3,8.7,0.3,9.2,99.7,CDU
42600,42.0,977,504,51.6,111,180,43,90,42,35,3,0,501,22.2,35.9,8.6,18.0,8.4,7.0,0.6,0.0,99.4,109,167,43,84,32,44,4,21,500,21.8,33.4,8.6,16.8,6.4,8.8,0.8,4.2,99.2,CDU
42700,42.0,1138,590,51.8,138,199,71,71,51,50,10,0,580,23.8,34.3,12.2,12.2,8.8,8.6,1.7,0.0,98.3,139,182,66,66,47,48,8,34,582,23.9,31.3,11.3,11.3,8.1,8.2,1.4,5.8,98.6,CDU
42800,42.0,739,453,61.3,95,187,30,79,25,31,6,0,447,21.3,41.8,6.7,17.7,5.6,6.9,1.3,0.0,98.7,88,160,40,68,29,36,1,31,452,19.5,35.4,8.8,15.0,6.4,8.0,0.2,6.9,99.8,CDU
42900,42.0,679,376,55.4,76,133,27,65,40,30,5,0,371,20.5,35.8,7.3,17.5,10.8,8.1,1.3,0.0,98.7,68,138,21,56,36,29,1,27,375,18.1,36.8,5.6,14.9,9.6,7.7,0.3,7.2,99.7,CDU
43100,42.0,506,232,45.8,54,68,18,49,22,20,1,0,231,23.4,29.4,7.8,21.2,9.5,8.7,0.4,0.0,99.6,53,61,21,38,19,25,1,14,231,22.9,26.4,9.1,16.5,8.2,10.8,0.4,6.1,99.6,CDU
43200,42.0,1496,750,50.1,197,218,45,136,81,61,12,0,738,26.7,29.5,6.1,18.4,11.0,8.3,1.6,0.0,98.4,190,197,37,123,64,73,4,62,746,25.5,26.4,5.0,16.5,8.6,9.8,0.5,8.3,99.5,CDU
43400,42.0,736,376,51.1,115,108,23,56,45,21,8,0,368,31.2,29.3,6.2,15.2,12.2,5.7,2.1,0.0,97.9,101,104,22,42,39,29,5,34,371,27.2,28.0,5.9,11.3,10.5,7.8,1.3,9.2,98.7,CDU
45110,41.0,1001,648,64.7,164,253,53,68,49,41,7,13,641,25.6,39.5,8.3,10.6,7.6,6.4,1.1,2.0,98.9,160,219,81,59,48,49,5,27,643,24.9,34.1,12.6,9.2,7.5,7.6,0.8,4.2,99.2,CDU
45210,41.0,1038,493,47.5,152,188,35,34,39,27,13,5,480,31.7,39.2,7.3,7.1,8.1,5.6,2.6,1.0,97.4,155,177,31,29,29,28,9,35,484,32.0,36.6,6.4,6.0,6.0,5.8,1.8,7.2,98.2,CDU
45310,41.0,1100,438,39.8,128,146,31,42,48,24,5,14,433,29.6,33.7,7.2,9.7,11.1,5.5,1.1,3.2,98.9,122,138,38,35,37,23,2,43,436,28.0,31.7,8.7,8.0,8.5,5.3,0.5,9.9,99.5,CDU
45410,41.0,808,443,54.8,117,174,28,52,31,30,6,5,437,26.8,39.8,6.4,11.9,7.1,6.9,1.4,1.1,98.6,117,162,33,40,29,28,5,29,438,26.7,37.0,7.5,9.1,6.6,6.4,1.1,6.6,98.9,CDU
45510,41.0,585,287,49.1,84,109,18,30,18,18,3,7,284,29.6,38.4,6.3,10.6,6.3,6.3,1.0,2.5,99.0,72,105,28,24,21,20,2,15,285,25.3,36.8,9.8,8.4,7.4,7.0,0.7,5.3,99.3,CDU
46110,41.0,825,457,55.4,102,214,37,47,29,18,4,6,453,22.5,47.2,8.2,10.4,6.4,4.0,0.9,1.3,99.1,102,192,41,55,24,18,1,24,456,22.4,42.1,9.0,12.1,5.3,3.9,0.2,5.3,99.8,CDU
46210,41.0,855,514,60.1,156,199,34,50,37,23,7,8,507,30.8,39.3,6.7,9.9,7.3,4.5,1.4,1.6,98.6,144,179,43,51,32,26,4,35,510,28.2,35.1,8.4,10.0,6.3,5.1,0.8,6.9,99.2,CDU
46310,41.0,703,390,55.5,72,167,29,54,30,27,4,7,386,18.7,43.3,7.5,14.0,7.8,7.0,1.0,1.8,99.0,73,137,45,54,26,35,2,18,388,18.8,35.3,11.6,13.9,6.7,9.0,0.5,4.6,99.5,CDU
46410,41.0,736,428,58.2,144,136,41,48,31,21,2,5,426,33.8,31.9,9.6,11.3,7.3,4.9,0.5,1.2,99.5,141,120,49,40,23,21,2,32,426,33.1,28.2,11.5,9.4,5.4,4.9,0.5,7.5,99.5,AfD
47110,41.0,1003,535,53.3,154,201,39,53,39,29,9,11,526,29.3,38.2,7.4,10.1,7.4,5.5,1.7,2.1,98.3,146,175,46,49,39,29,6,45,529,27.6,33.1,8.7,9.3,7.4,5.5,1.1,8.5,98.9,CDU
47210,41.0,1115,574,51.5,217,210,33,39,35,23,6,11,568,38.2,37.0,5.8,6.9,6.2,4.0,1.0,1.9,99.0,213,159,47,39,44,31,6,35,568,37.5,28.0,8.3,6.9,7.7,5.5,1.0,6.2,99.0,AfD
47310,41.0,554,317,57.2,110,114,12,41,11,17,2,10,315,34.9,36.2,3.8,13.0,3.5,5.4,0.6,3.2,99.4,108,100,17,35,13,17,1,26,316,34.2,31.6,5.4,11.1,4.1,5.4,0.3,8.2,99.7,AfD
51100,44.0,1348,600,44.5,135,209,33,99,51,63,6,4,594,22.7,35.2,5.6,16.7,8.6,10.6,1.0,0.7,99.0,117,204,39,97,40,64,4,35,596,19.6,34.2,6.5,16.3,6.7,10.7,0.7,5.9,99.3,CDU
51200,44.0,1580,715,45.3,129,291,37,118,67,54,12,7,703,18.3,41.4,5.3,16.8,9.5,7.7,1.7,1.0,98.3,113,258,47,114,58,58,9,58,706,16.0,36.5,6.7,16.1,8.2,8.2,1.3,8.2,98.7,CDU
51400,44.0,1114,584,52.4,101,224,21,123,49,56,7,3,577,17.5,38.8,3.6,21.3,8.5,9.7,1.2,0.5,98.8,94,186,40,99,44,65,6,50,578,16.3,32.2,6.9,17.1,7.6,11.2,1.0,8.7,99.0,CDU
51500,44.0,1218,570,46.8,112,175,20,127,64,55,5,12,565,19.8,31.0,3.5,22.5,11.3,9.7,0.9,2.1,99.1,100,153,27,125,54,45,2,64,568,17.6,26.9,4.8,22.0,9.5,7.9,0.4,11.3,99.6,CDU
51600,44.0,1191,660,55.4,123,223,29,133,78,62,6,6,654,18.8,34.1,4.4,20.3,11.9,9.5,0.9,0.9,99.1,122,209,31,125,55,67,3,48,657,18.6,31.8,4.7,19.0,8.4,10.2,0.5,7.3,99.5,CDU
51700,44.0,1488,684,46.0,133,207,31,160,92,48,9,4,675,19.7,30.7,4.6,23.7,13.6,7.1,1.3,0.6,98.7,118,194,42,141,72,49,7,61,677,17.4,28.7,6.2,20.8,10.6,7.2,1.0,9.0,99.0,CDU
52100,44.0,1143,558,48.8,71,197,23,167,47,48,3,2,555,12.8,35.5,4.1,30.1,8.5,8.6,0.5,0.4,99.5,65,160,27,165,41,62,1,37,557,11.7,28.7,4.8,29.6,7.4,11.1,0.2,6.6,99.8,GRÜNE
52200,44.0,1325,671,50.6,101,202,37,173,76,66,9,7,662,15.3,30.5,5.6,26.1,11.5,10.0,1.3,1.1,98.7,89,201,37,147,57,81,5,54,666,13.4,30.2,5.6,22.1,8.6,12.2,0.7,8.1,99.3,CDU
52300,44.0,1491,662,44.4,100,179,24,218,77,55,3,6,659,15.2,27.2,3.6,33.1,11.7,8.3,0.5,0.9,99.5,90,164,25,187,62,91,2,41,660,13.6,24.8,3.8,28.3,9.4,13.8,0.3,6.2,99.7,GRÜNE
52400,44.0,1444,740,51.2,97,255,46,190,64,80,6,2,734,13.2,34.7,6.3,25.9,8.7,10.9,0.8,0.3,99.2,87,245,49,190,50,73,4,42,736,11.8,33.3,6.7,25.8,6.8,9.9,0.5,5.7,99.5,CDU
52501,44.0,1424,707,49.6,113,226,30,199,65,67,3,4,704,16.1,32.1,4.3,28.3,9.2,9.5,0.4,0.6,99.6,112,216,34,166,56,65,2,56,705,15.9,30.6,4.8,23.5,7.9,9.2,0.3,7.9,99.7,CDU
52502,44.0,1120,493,44.0,95,142,22,132,43,49,2,8,491,19.3,28.9,4.5,26.9,8.8,10.0,0.4,1.6,99.6,92,126,20,127,36,43,2,47,491,18.7,25.7,4.1,25.9,7.3,8.8,0.4,9.6,99.6,GRÜNE
52600,44.0,996,530,53.2,96,161,21,155,52,39,2,4,528,18.2,30.5,4.0,29.4,9.8,7.4,0.4,0.8,99.6,83,144,33,131,43,56,1,39,529,15.7,27.2,6.2,24.8,8.1,10.6,0.2,7.4,99.8,CDU
52701,44.0,1036,481,46.4,84,161,23,90,60,49,9,5,472,17.8,34.1,4.9,19.1,12.7,10.4,1.9,1.1,98.1,76,144,33,90,52,48,5,33,476,16.0,30.3,6.9,18.9,10.9,10.1,1.0,6.9,99.0,CDU
52702,44.0,1407,622,44.2,137,175,37,103,72,79,7,12,615,22.3,28.5,6.0,16.7,11.7,12.8,1.1,2.0,98.9,135,155,43,95,63,63,7,61,615,22.0,25.2,7.0,15.4,10.2,10.2,1.1,9.9,98.9,CDU
53100,45.0,1073,558,52.0,84,170,31,130,82,45,4,12,554,15.2,30.7,5.6,23.5,14.8,8.1,0.7,2.2,99.3,81,186,33,115,63,54,1,25,557,14.5,33.4,5.9,20.6,11.3,9.7,0.2,4.5,99.8,CDU
53200,45.0,944,395,41.8,75,80,19,93,83,25,1,19,394,19.0,20.3,4.8,23.6,21.1,6.3,0.3,4.8,99.7,67,83,20,88,58,40,2,37,393,17.0,21.1,5.1,22.4,14.8,10.2,0.5,9.4,99.5,GRÜNE
53300,45.0,1770,597,33.7,162,130,33,94,118,37,10,13,587,27.6,22.1,5.6,16.0,20.1,6.3,1.7,2.2,98.3,159,136,41,86,96,32,7,40,590,26.9,23.1,6.9,14.6,16.3,5.4,1.2,6.8,98.8,AfD
53400,45.0,1368,612,44.7,161,186,30,61,107,44,7,16,605,26.6,30.7,5.0,10.1,17.7,7.3,1.1,2.6,98.9,142,181,37,52,83,65,8,44,604,23.5,30.0,6.1,8.6,13.7,10.8,1.3,7.3,98.7,CDU
53600,45.0,1585,613,38.7,152,205,26,106,51,47,9,17,604,25.2,33.9,4.3,17.5,8.4,7.8,1.5,2.8,98.5,134,192,45,82,48,55,6,51,607,22.1,31.6,7.4,13.5,7.9,9.1,1.0,8.4,99.0,CDU
53700,45.0,1175,470,40.0,130,119,21,78,63,24,7,28,463,28.1,25.7,4.5,16.8,13.6,5.2,1.5,6.0,98.5,115,107,21,74,44,32,6,71,464,24.8,23.1,4.5,15.9,9.5,6.9,1.3,15.3,98.7,AfD
53800,45.0,1224,550,44.9,125,165,31,72,82,37,10,28,540,23.1,30.6,5.7,13.3,15.2,6.9,1.8,5.2,98.2,106,156,39,72,59,37,9,72,541,19.6,28.8,7.2,13.3,10.9,6.8,1.6,13.3,98.4,CDU
54100,44.0,1729,695,40.2,131,215,30,125,95,76,10,13,685,19.1,31.4,4.4,18.2,13.9,11.1,1.4,1.9,98.6,123,193,47,129,63,80,8,52,687,17.9,28.1,6.8,18.8,9.2,11.6,1.2,7.6,98.8,CDU
54200,44.0,1267,608,48.0,96,164,30,166,82,52,6,12,602,15.9,27.2,5.0,27.6,13.6,8.6,1.0,2.0,99.0,86,162,36,146,65,46,2,65,606,14.2,26.7,5.9,24.1,10.7,7.6,0.3,10.7,99.7,CDU
54300,44.0,1354,546,40.3,124,161,35,67,84,62,9,4,537,23.1,30.0,6.5,12.5,15.6,11.5,1.6,0.7,98.4,116,162,37,61,65,59,7,39,539,21.5,30.1,6.9,11.3,12.1,10.9,1.3,7.2,98.7,CDU
54400,44.0,1476,571,38.7,137,182,39,76,60,58,12,7,559,24.5,32.6,7.0,13.6,10.7,10.4,2.1,1.3,97.9,129,183,43,74,51,37,9,45,562,23.0,32.6,7.7,13.2,9.1,6.6,1.6,8.0,98.4,CDU
54501,44.0,1477,670,45.4,145,229,51,91,71,73,7,3,663,21.9,34.5,7.7,13.7,10.7,11.0,1.0,0.5,99.0,144,223,44,83,65,52,3,56,667,21.6,33.4,6.6,12.4,9.7,7.8,0.4,8.4,99.6,CDU
54502,44.0,1581,711,45.0,162,231,40,130,71,64,7,6,704,23.0,32.8,5.7,18.5,10.1,9.1,1.0,0.9,99.0,159,207,44,107,56,77,6,55,705,22.6,29.4,6.2,15.2,7.9,10.9,0.8,7.8,99.2,CDU
54600,44.0,1608,665,41.4,164,174,29,110,98,68,13,9,652,25.2,26.7,4.4,16.9,15.0,10.4,2.0,1.4,98.0,156,164,34,94,87,59,8,63,657,23.7,25.0,5.2,14.3,13.2,9.0,1.2,9.6,98.8,CDU
55101,44.0,1180,601,50.9,170,181,35,91,64,44,12,4,589,28.9,30.7,5.9,15.4,10.9,7.5,2.0,0.7,98.0,160,173,45,83,55,35,4,46,597,26.8,29.0,7.5,13.9,9.2,5.9,0.7,7.7,99.3,CDU
55102,44.0,1094,542,49.5,160,144,23,87,74,49,2,3,540,29.6,26.7,4.3,16.1,13.7,9.1,0.4,0.6,99.6,146,129,29,83,60,47,1,47,541,27.0,23.8,5.4,15.3,11.1,8.7,0.2,8.7,99.8,AfD
55200,44.0,1030,451,43.8,149,125,14,50,50,49,7,7,444,33.6,28.2,3.2,11.3,11.3,11.0,1.6,1.6,98.4,136,124,18,37,44,42,4,46,447,30.4,27.7,4.0,8.3,9.8,9.4,0.9,10.3,99.1,AfD
55300,44.0,1561,727,46.6,232,241,52,50,76,51,20,5,707,32.8,34.1,7.4,7.1,10.7,7.2,2.8,0.7,97.2,209,234,53,38,65,52,16,60,711,29.4,32.9,7.5,5.3,9.1,7.3,2.2,8.4,97.8,CDU
55400,44.0,1044,405,38.8,157,92,16,28,60,32,15,5,390,40.3,23.6,4.1,7.2,15.4,8.2,3.7,1.3,96.3,145,95,20,25,51,28,8,33,397,36.5,23.9,5.0,6.3,12.8,7.1,2.0,8.3,98.0,AfD
55600,44.0,1617,622,38.5,190,176,43,49,97,45,10,12,612,31.0,28.8,7.0,8.0,15.8,7.4,1.6,2.0,98.4,188,156,50,46,79,38,9,56,613,30.7,25.4,8.2,7.5,12.9,6.2,1.4,9.1,98.6,AfD
55800,44.0,1470,587,39.9,168,184,29,54,78,58,7,9,580,29.0,31.7,5.0,9.3,13.4,10.0,1.2,1.6,98.8,150,164,37,49,77,51,9,50,578,26.0,28.4,6.4,8.5,13.3,8.8,1.5,8.7,98.5,CDU
56100,44.0,1605,620,38.6,203,166,42,62,75,51,7,14,613,33.1,27.1,6.9,10.1,12.2,8.3,1.1,2.3,98.9,192,164,34,50,52,55,5,68,615,31.2,26.7,5.5,8.1,8.5,8.9,0.8,11.1,99.2,AfD
56200,44.0,838,330,39.4,154,63,14,28,34,25,8,4,322,47.8,19.6,4.3,8.7,10.6,7.8,2.4,1.2,97.6,138,54,16,18,25,27,6,46,324,42.6,16.7,4.9,5.6,7.7,8.3,1.8,14.2,98.2,AfD
56300,44.0,1323,614,46.4,209,162,21,57,92,52,8,13,606,34.5,26.7,3.5,9.4,15.2,8.6,1.3,2.1,98.7,194,156,27,45,68,41,5,78,609,31.9,25.6,4.4,7.4,11.2,6.7,0.8,12.8,99.2,AfD
56401,44.0,721,323,44.8,105,103,25,37,29,18,4,2,319,32.9,32.3,7.8,11.6,9.1,5.6,1.2,0.6,98.8,97,74,33,39,21,20,2,37,321,30.2,23.1,10.3,12.1,6.5,6.2,0.6,11.5,99.4,AfD
56402,44.0,1508,687,45.6,216,205,42,69,77,61,11,6,676,32.0,30.3,6.2,10.2,11.4,9.0,1.6,0.9,98.4,193,190,53,58,66,56,9,62,678,28.5,28.0,7.8,8.6,9.7,8.3,1.3,9.1,98.7,AfD
56501,44.0,1030,488,47.4,153,143,28,50,66,29,7,12,481,31.8,29.7,5.8,10.4,13.7,6.0,1.4,2.5,98.6,135,135,33,48,52,29,7,49,481,28.1,28.1,6.9,10.0,10.8,6.0,1.4,10.2,98.6,AfD
56502,44.0,937,477,50.9,152,154,16,36,61,42,13,3,464,32.8,33.2,3.4,7.8,13.1,9.1,2.7,0.6,97.3,144,130,26,29,57,39,7,45,470,30.6,27.7,5.5,6.2,12.1,8.3,1.5,9.6,98.5,AfD
56600,44.0,1324,487,36.8,171,135,23,55,46,43,6,8,481,35.6,28.1,4.8,11.4,9.6,8.9,1.2,1.7,98.8,157,125,21,44,44,44,2,50,485,32.4,25.8,4.3,9.1,9.1,9.1,0.4,10.3,99.6,AfD
56800,44.0,810,392,48.4,124,108,22,30,57,38,10,3,382,32.5,28.3,5.8,7.9,14.9,9.9,2.6,0.8,97.4,115,111,22,28,52,25,7,32,385,29.9,28.8,5.7,7.3,13.5,6.5,1.8,8.3,98.2,AfD
56900,44.0,984,448,45.5,129,118,22,35,72,50,10,12,438,29.5,26.9,5.0,8.0,16.4,11.4,2.2,2.7,97.8,123,121,29,37,55,42,4,37,444,27.7,27.3,6.5,8.3,12.4,9.5,0.9,8.3,99.1,AfD
57100,44.0,1042,494,47.4,119,160,31,61,71,41,10,1,484,24.6,33.1,6.4,12.6,14.7,8.5,2.0,0.2,98.0,101,142,47,57,55,54,6,32,488,20.7,29.1,9.6,11.7,11.3,11.1,1.2,6.6,98.8,CDU
57200,44.0,1535,680,44.3,162,166,31,127,114,62,10,8,670,24.2,24.8,4.6,19.0,17.0,9.3,1.5,1.2,98.5,155,139,27,126,102,61,6,64,674,23.0,20.6,4.0,18.7,15.1,9.1,0.9,9.5,99.1,AfD
57301,44.0,897,473,52.7,133,151,35,51,53,40,4,6,469,28.4,32.2,7.5,10.9,11.3,8.5,0.8,1.3,99.2,117,141,34,43,45,37,5,51,468,25.0,30.1,7.3,9.2,9.6,7.9,1.1,10.9,98.9,CDU
57302,44.0,766,409,53.4,102,130,21,51,58,32,9,6,400,25.5,32.5,5.2,12.8,14.5,8.0,2.2,1.5,97.8,94,127,30,38,47,35,11,27,398,23.6,31.9,7.5,9.5,11.8,8.8,2.7,6.8,97.3,CDU
57400,44.0,1189,543,45.7,165,187,24,57,57,31,7,15,536,30.8,34.9,4.5,10.6,10.6,5.8,1.3,2.8,98.7,152,168,32,50,46,35,8,52,535,28.4,31.4,6.0,9.3,8.6,6.5,1.5,9.7,98.5,CDU
57500,44.0,1513,555,36.7,169,137,21,53,110,45,8,12,547,30.9,25.0,3.8,9.7,20.1,8.2,1.4,2.2,98.6,156,145,17,39,104,32,8,54,547,28.5,26.5,3.1,7.1,19.0,5.9,1.4,9.9,98.6,AfD
57600,44.0,1406,553,39.3,160,157,29,70,81,42,10,4,543,29.5,28.9,5.3,12.9,14.9,7.7,1.8,0.7,98.2,145,141,41,63,57,42,7,57,546,26.6,25.8,7.5,11.5,10.4,7.7,1.3,10.4,98.7,AfD
57700,44.0,919,403,43.9,101,117,9,69,57,41,7,2,396,25.5,29.5,2.3,17.4,14.4,10.4,1.7,0.5,98.3,91,111,18,65,41,33,3,41,400,22.8,27.8,4.5,16.2,10.2,8.2,0.7,10.2,99.3,CDU
57800,44.0,1362,536,39.4,142,193,27,69,45,41,13,6,523,27.2,36.9,5.2,13.2,8.6,7.8,2.4,1.1,97.6,122,196,32,52,40,43,9,42,527,23.1,37.2,6.1,9.9,7.6,8.2,1.7,8.0,98.3,CDU
61100,42.0,991,471,47.5,141,155,25,38,59,36,17,0,454,31.1,34.1,5.5,8.4,13.0,7.9,3.6,0.0,96.4,129,135,25,39,50,34,13,46,458,28.2,29.5,5.5,8.5,10.9,7.4,2.8,10.0,97.2,CDU
61200,42.0,1055,533,50.5,156,167,41,74,46,42,7,0,526,29.7,31.7,7.8,14.1,8.7,8.0,1.3,0.0,98.7,149,166,35,48,41,32,3,59,530,28.1,31.3,6.6,9.1,7.7,6.0,0.6,11.1,99.4,CDU
61300,42.0,1599,745,46.6,250,216,59,61,93,52,14,0,731,34.2,29.5,8.1,8.3,12.7,7.1,1.9,0.0,98.1,227,202,55,42,92,51,12,64,733,31.0,27.6,7.5,5.7,12.6,7.0,1.6,8.7,98.4,AfD
61400,42.0,1110,501,45.1,187,125,30,40,61,53,5,0,496,37.7,25.2,6.0,8.1,12.3,10.7,1.0,0.0,99.0,164,112,25,47,39,45,3,66,498,32.9,22.5,5.0,9.4,7.8,9.0,0.6,13.3,99.4,AfD
61500,42.0,1230,527,42.8,159,171,38,37,69,44,9,0,518,30.7,33.0,7.3,7.1,13.3,8.5,1.7,0.0,98.3,150,162,29,36,56,40,7,47,520,28.8,31.2,5.6,6.9,10.8,7.7,1.3,9.0,98.7,CDU
61600,42.0,1033,463,44.8,152,128,22,36,78,38,9,0,454,33.5,28.2,4.8,7.9,17.2,8.4,1.9,0.0,98.1,141,116,21,32,66,42,6,39,457,30.9,25.4,4.6,7.0,14.4,9.2,1.3,8.5,98.7,AfD
61700,42.0,1015,384,37.8,136,100,16,30,61,30,11,0,373,36.5,26.8,4.3,8.0,16.4,8.0,2.9,0.0,97.1,117,99,13,19,57,33,8,38,376,31.1,26.3,3.5,5.1,15.2,8.8,2.1,10.1,97.9,AfD
61800,42.0,1784,605,33.9,266,130,29,33,81,50,16,0,589,45.2,22.1,4.9,5.6,13.8,8.5,2.6,0.0,97.4,245,114,28,35,62,41,11,69,594,41.2,19.2,4.7,5.9,10.4,6.9,1.8,11.6,98.2,AfD
62101,42.0,712,361,50.7,117,90,27,42,31,43,11,0,350,33.4,25.7,7.7,12.0,8.9,12.3,3.0,0.0,97.0,105,84,23,43,22,33,8,43,353,29.7,23.8,6.5,12.2,6.2,9.3,2.2,12.2,97.8,AfD
62102,42.0,955,531,55.6,148,175,61,60,36,43,8,0,523,28.3,33.5,11.7,11.5,6.9,8.2,1.5,0.0,98.5,134,170,51,59,35,35,6,41,525,25.5,32.4,9.7,11.2,6.7,6.7,1.1,7.8,98.9,CDU
62200,42.0,1154,606,52.5,214,187,36,50,71,37,11,0,595,36.0,31.4,6.1,8.4,11.9,6.2,1.8,0.0,98.2,202,166,41,44,62,41,7,43,599,33.7,27.7,6.8,7.3,10.4,6.8,1.2,7.2,98.8,AfD
62301,42.0,928,434,46.8,152,126,41,41,39,33,2,0,432,35.2,29.2,9.5,9.5,9.0,7.6,0.5,0.0,99.5,143,126,27,34,40,22,0,42,434,32.9,29.0,6.2,7.8,9.2,5.1,0.0,9.7,100.0,AfD
62302,42.0,1046,504,48.2,124,188,51,43,51,41,6,0,498,24.9,37.8,10.2,8.6,10.2,8.2,1.2,0.0,98.8,119,181,48,34,44,42,5,31,499,23.8,36.3,9.6,6.8,8.8,8.4,1.0,6.2,99.0,CDU
62400,42.0,1353,701,51.8,184,222,52,121,66,43,13,0,688,26.7,32.3,7.6,17.6,9.6,6.2,1.9,0.0,98.1,166,178,46,123,49,60,5,74,696,23.9,25.6,6.6,17.7,7.0,8.6,0.7,10.6,99.3,CDU
62501,42.0,1267,644,50.8,203,212,40,76,56,50,7,0,637,31.9,33.3,6.3,11.9,8.8,7.8,1.1,0.0,98.9,197,202,34,71,46,45,3,46,641,30.7,31.5,5.3,11.1,7.2,7.0,0.5,7.2,99.5,CDU
62502,42.0,1189,578,48.6,216,173,43,38,52,43,13,0,565,38.2,30.6,7.6,6.7,9.2,7.6,2.2,0.0,97.8,201,174,36,31,43,43,10,40,568,35.4,30.6,6.3,5.5,7.6,7.6,1.7,7.0,98.3,AfD
62600,42.0,1498,835,55.7,300,243,55,85,89,54,9,0,826,36.3,29.4,6.7,10.3,10.8,6.5,1.1,0.0,98.9,277,207,60,82,72,60,6,71,829,33.4,25.0,7.2,9.9,8.7,7.2,0.7,8.6,99.3,AfD
63101,42.0,953,496,52.0,142,204,32,49,30,32,7,0,489,29.0,41.7,6.5,10.0,6.1,6.5,1.4,0.0,98.6,136,167,35,43,37,41,4,33,492,27.6,33.9,7.1,8.7,7.5,8.3,0.8,6.7,99.2,CDU
63102,42.0,940,473,50.3,147,160,25,62,32,37,10,0,463,31.7,34.6,5.4,13.4,6.9,8.0,2.1,0.0,97.9,140,138,24,57,35,39,4,36,469,29.9,29.4,5.1,12.2,7.5,8.3,0.8,7.7,99.2,AfD
63200,42.0,979,552,56.4,163,206,31,79,34,33,6,0,546,29.9,37.7,5.7,14.5,6.2,6.0,1.1,0.0,98.9,153,177,33,82,30,38,5,34,547,28.0,32.4,6.0,15.0,5.5,6.9,0.9,6.2,99.1,CDU
63301,42.0,1190,652,54.8,215,236,43,62,50,42,4,0,648,33.2,36.4,6.6,9.6,7.7,6.5,0.6,0.0,99.4,194,222,29,62,43,45,4,53,648,29.9,34.3,4.5,9.6,6.6,6.9,0.6,8.2,99.4,CDU
63302,42.0,887,550,62.0,175,209,42,49,40,28,7,0,543,32.2,38.5,7.7,9.0,7.4,5.2,1.3,0.0,98.7,167,176,46,56,32,27,3,43,547,30.5,32.2,8.4,10.2,5.9,4.9,0.5,7.9,99.5,CDU
63401,42.0,955,477,49.9,150,172,38,52,34,26,5,0,472,31.8,36.4,8.1,11.0,7.2,5.5,1.0,0.0,99.0,144,174,30,42,27,25,5,30,472,30.5,36.9,6.4,8.9,5.7,5.3,1.0,6.4,99.0,CDU
63402,42.0,1069,619,57.9,203,227,58,62,30,33,6,0,613,33.1,37.0,9.5,10.1,4.9,5.4,1.0,0.0,99.0,189,211,47,52,25,33,2,60,617,30.6,34.2,7.6,8.4,4.1,5.3,0.3,9.7,99.7,CDU
64100,42.0,1193,575,48.2,203,173,42,46,62,35,14,0,561,36.2,30.8,7.5,8.2,11.1,6.2,2.4,0.0,97.6,186,144,45,40,56,27,10,67,565,32.9,25.5,8.0,7.1,9.9,4.8,1.7,11.9,98.3,AfD
64200,42.0,920,442,48.0,183,102,29,37,61,22,8,0,434,42.2,23.5,6.7,8.5,14.1,5.1,1.8,0.0,98.2,160,92,25,21,59,19,8,58,434,36.9,21.2,5.8,4.8,13.6,4.4,1.8,13.4,98.2,AfD
64300,42.0,851,391,45.9,139,116,27,43,40,23,3,0,388,35.8,29.9,7.0,11.1,10.3,5.9,0.8,0.0,99.2,130,98,15,36,34,30,2,46,389,33.4,25.2,3.9,9.3,8.7,7.7,0.5,11.8,99.5,AfD
64400,42.0,839,436,52.0,135,137,25,42,56,35,6,0,430,31.4,31.9,5.8,9.8,13.0,8.1,1.4,0.0,98.6,129,114,17,33,50,44,4,45,432,29.9,26.4,3.9,7.6,11.6,10.2,0.9,10.4,99.1,AfD
64500,42.0,1286,619,48.1,197,201,38,60,64,49,10,0,609,32.3,33.0,6.2,9.9,10.5,8.0,1.6,0.0,98.4,178,170,42,53,47,59,8,62,611,29.1,27.8,6.9,8.7,7.7,9.7,1.3,10.1,98.7,AfD
71100,42.0,946,486,51.4,157,160,35,42,50,33,9,0,477,32.9,33.5,7.3,8.8,10.5,6.9,1.9,0.0,98.1,152,151,27,28,39,34,9,46,477,31.9,31.7,5.7,5.9,8.2,7.1,1.9,9.6,98.1,AfD
71200,42.0,1578,581,36.8,240,133,39,35,85,33,16,0,565,42.5,23.5,6.9,6.2,15.0,5.8,2.8,0.0,97.2,213,129,27,32,78,28,15,59,566,37.6,22.8,4.8,5.7,13.8,4.9,2.6,10.4,97.4,AfD
71400,42.0,899,380,42.3,151,90,17,27,55,29,11,0,369,40.9,24.4,4.6,7.3,14.9,7.9,2.9,0.0,97.1,139,80,16,21,49,33,7,35,373,37.3,21.4,4.3,5.6,13.1,8.8,1.8,9.4,98.2,AfD
71500,42.0,1041,402,38.6,170,113,16,14,49,30,10,0,392,43.4,28.8,4.1,3.6,12.5,7.7,2.5,0.0,97.5,159,102,17,9,43,33,11,28,391,40.7,26.1,4.3,2.3,11.0,8.4,2.7,7.2,97.3,AfD
72100,42.0,1034,386,37.3,157,98,17,26,51,29,8,0,378,41.5,25.9,4.5,6.9,13.5,7.7,2.1,0.0,97.9,144,89,21,18,39,25,9,41,377,38.2,23.6,5.6,4.8,10.3,6.6,2.3,10.9,97.7,AfD
72200,42.0,874,275,31.5,120,53,13,8,59,14,8,0,267,44.9,19.9,4.9,3.0,22.1,5.2,2.9,0.0,97.1,107,50,14,17,50,11,4,22,271,39.5,18.5,5.2,6.3,18.5,4.1,1.5,8.1,98.5,AfD
72300,42.0,1310,447,34.1,196,82,21,23,77,36,12,0,435,45.1,18.9,4.8,5.3,17.7,8.3,2.7,0.0,97.3,192,71,17,18,69,28,9,43,438,43.8,16.2,3.9,4.1,15.8,6.4,2.0,9.8,98.0,AfD
72500,42.0,1274,538,42.2,225,135,36,26,71,34,11,0,527,42.7,25.6,6.8,4.9,13.5,6.5,2.0,0.0,98.0,214,132,21,15,60,34,7,55,531,40.3,24.9,4.0,2.8,11.3,6.4,1.3,10.4,98.7,AfD
72700,42.0,1767,538,30.4,214,119,26,32,91,38,18,0,520,41.2,22.9,5.0,6.2,17.5,7.3,3.3,0.0,96.7,195,115,21,25,81,41,10,50,528,36.9,21.8,4.0,4.7,15.3,7.8,1.9,9.5,98.1,AfD
73101,42.0,1359,668,49.2,245,200,57,58,56,42,10,0,658,37.2,30.4,8.7,8.8,8.5,6.4,1.5,0.0,98.5,208,179,34,50,44,50,7,96,661,31.5,27.1,5.1,7.6,6.7,7.6,1.0,14.5,99.0,AfD
73102,42.0,1457,670,46.0,235,196,49,55,81,46,8,0,662,35.5,29.6,7.4,8.3,12.2,6.9,1.2,0.0,98.8,215,170,26,53,73,39,7,87,663,32.4,25.6,3.9,8.0,11.0,5.9,1.0,13.1,99.0,AfD
73200,42.0,1099,580,52.8,195,206,48,57,37,27,10,0,570,34.2,36.1,8.4,10.0,6.5,4.7,1.7,0.0,98.3,170,164,42,54,33,30,6,81,574,29.6,28.6,7.3,9.4,5.7,5.2,1.0,14.1,99.0,AfD
73300,42.0,884,416,47.1,162,144,27,22,29,24,8,0,408,39.7,35.3,6.6,5.4,7.1,5.9,1.9,0.0,98.1,153,121,28,28,25,30,3,28,413,37.0,29.3,6.8,6.8,6.1,7.3,0.7,6.8,99.3,AfD
74100,43.0,743,371,49.9,141,106,28,35,30,19,3,9,368,38.3,28.8,7.6,9.5,8.2,5.2,0.8,2.4,99.2,127,92,26,31,24,17,2,52,369,34.4,24.9,7.0,8.4,6.5,4.6,0.5,14.1,99.5,AfD
74201,43.0,1184,674,56.9,225,271,31,42,47,40,9,9,665,33.8,40.8,4.7,6.3,7.1,6.0,1.3,1.4,98.7,210,241,47,39,42,43,8,44,666,31.5,36.2,7.1,5.9,6.3,6.5,1.2,6.6,98.8,CDU
74202,43.0,852,490,57.5,142,190,40,40,33,26,3,16,487,29.2,39.0,8.2,8.2,6.8,5.3,0.6,3.3,99.4,131,174,41,40,28,32,1,43,489,26.8,35.6,8.4,8.2,5.7,6.5,0.2,8.8,99.8,CDU
74301,43.0,1361,718,52.8,226,261,41,47,65,44,12,22,706,32.0,37.0,5.8,6.7,9.2,6.2,1.7,3.1,98.3,219,247,50,44,53,36,12,57,706,31.0,35.0,7.1,6.2,7.5,5.1,1.7,8.1,98.3,CDU
74302,43.0,1314,714,54.3,232,239,56,59,64,39,3,22,711,32.6,33.6,7.9,8.3,9.0,5.5,0.4,3.1,99.6,211,216,57,68,56,35,2,69,712,29.6,30.3,8.0,9.6,7.9,4.9,0.3,9.7,99.7,CDU
75100,43.0,1045,526,50.3,147,169,37,51,52,53,6,11,520,28.3,32.5,7.1,9.8,10.0,10.2,1.1,2.1,98.9,134,140,50,43,60,47,6,46,520,25.8,26.9,9.6,8.3,11.5,9.0,1.1,8.8,98.9,CDU
75201,43.0,1008,516,51.2,120,187,28,56,52,56,5,12,511,23.5,36.6,5.5,11.0,10.2,11.0,1.0,2.3,99.0,112,187,39,67,35,43,4,29,512,21.9,36.5,7.6,13.1,6.8,8.4,0.8,5.7,99.2,CDU
75202,43.0,1223,545,44.6,161,191,35,35,47,54,8,14,537,30.0,35.6,6.5,6.5,8.8,10.1,1.5,2.6,98.5,152,165,45,44,38,43,8,50,537,28.3,30.7,8.4,8.2,7.1,8.0,1.5,9.3,98.5,CDU
75300,43.0,763,219,28.7,85,29,17,20,32,30,1,5,218,39.0,13.3,7.8,9.2,14.7,13.8,0.5,2.3,99.5,83,33,12,18,30,25,0,18,219,37.9,15.1,5.5,8.2,13.7,11.4,0.0,8.2,100.0,AfD
75500,43.0,1038,557,53.7,148,187,37,73,45,53,4,10,553,26.8,33.8,6.7,13.2,8.1,9.6,0.7,1.8,99.3,134,171,45,86,35,39,3,44,554,24.2,30.9,8.1,15.5,6.3,7.0,0.5,7.9,99.5,CDU
75600,43.0,1127,546,48.4,151,161,30,52,72,56,10,14,536,28.2,30.0,5.6,9.7,13.4,10.4,1.8,2.6,98.2,140,140,43,60,63,40,5,55,541,25.9,25.9,7.9,11.1,11.6,7.4,0.9,10.2,99.1,AfD
75700,43.0,1199,540,45.0,195,138,33,35,52,47,10,30,530,36.8,26.0,6.2,6.6,9.8,8.9,1.9,5.7,98.1,184,128,37,40,48,37,9,57,531,34.7,24.1,7.0,7.5,9.0,7.0,1.7,10.7,98.3,AfD
75800,43.0,1322,651,49.2,174,194,31,51,85,76,17,23,634,27.4,30.6,4.9,8.0,13.4,12.0,2.6,3.6,97.4,152,195,41,51,69,61,17,65,634,24.0,30.8,6.5,8.0,10.9,9.6,2.6,10.3,97.4,CDU
75901,43.0,744,370,49.7,95,136,33,28,46,24,3,5,367,25.9,37.1,9.0,7.6,12.5,6.5,0.8,1.4,99.2,90,129,47,26,37,18,1,22,369,24.4,35.0,12.7,7.0,10.0,4.9,0.3,6.0,99.7,CDU
75902,43.0,976,453,46.4,109,157,20,56,40,52,9,10,444,24.5,35.4,4.5,12.6,9.0,11.7,2.0,2.3,98.0,94,145,31,65,35,38,6,39,447,21.0,32.4,6.9,14.5,7.8,8.5,1.3,8.7,98.7,CDU
75903,43.0,923,442,47.9,123,155,24,45,34,50,4,7,438,28.1,35.4,5.5,10.3,7.8,11.4,0.9,1.6,99.1,113,136,40,55,34,39,1,24,441,25.6,30.8,9.1,12.5,7.7,8.8,0.2,5.4,99.8,CDU
76100,45.0,1321,562,42.5,73,172,20,144,78,47,7,21,555,13.2,31.0,3.6,25.9,14.1,8.5,1.2,3.8,98.8,67,151,29,135,68,50,4,58,558,12.0,27.1,5.2,24.2,12.2,9.0,0.7,10.4,99.3,CDU
76200,45.0,1267,577,45.5,127,162,27,119,78,33,5,26,572,22.2,28.3,4.7,20.8,13.6,5.8,0.9,4.5,99.1,117,146,34,99,68,49,3,61,574,20.4,25.4,5.9,17.2,11.8,8.5,0.5,10.6,99.5,CDU
76300,45.0,1096,538,49.1,84,92,24,152,118,46,6,16,532,15.8,17.3,4.5,28.6,22.2,8.6,1.1,3.0,98.9,75,89,28,139,88,62,4,53,534,14.0,16.7,5.2,26.0,16.5,11.6,0.7,9.9,99.3,GRÜNE
76400,45.0,541,251,46.4,47,84,15,42,40,15,3,5,248,19.0,33.9,6.0,16.9,16.1,6.0,1.2,2.0,98.8,43,83,14,37,31,24,2,17,249,17.3,33.3,5.6,14.9,12.4,9.6,0.8,6.8,99.2,CDU
76500,45.0,1522,611,40.1,152,166,32,100,83,40,5,33,606,25.1,27.4,5.3,16.5,13.7,6.6,0.8,5.4,99.2,135,151,42,82,73,50,2,76,609,22.2,24.8,6.9,13.5,12.0,8.2,0.3,12.5,99.7,CDU
76600,45.0,1139,412,36.2,128,104,19,35,81,22,11,12,401,31.9,25.9,4.7,8.7,20.2,5.5,2.7,3.0,97.3,124,101,18,28,78,22,8,33,404,30.7,25.0,4.5,6.9,19.3,5.4,1.9,8.2,98.1,AfD
76700,45.0,905,242,26.7,107,29,10,24,42,13,5,12,237,45.1,12.2,4.2,10.1,17.7,5.5,2.1,5.1,97.9,100,18,7,29,39,17,5,27,237,42.2,7.6,3.0,12.2,16.5,7.2,2.1,11.4,97.9,AfD
77100,43.0,1326,557,42.0,223,145,27,33,67,43,5,14,552,40.4,26.3,4.9,6.0,12.1,7.8,0.9,2.5,99.1,197,145,34,25,50,41,2,63,555,35.5,26.1,6.1,4.5,9.0,7.4,0.4,11.4,99.6,AfD
77200,43.0,1644,668,40.6,188,210,30,58,93,60,11,18,657,28.6,32.0,4.6,8.8,14.2,9.1,1.6,2.7,98.4,178,210,35,48,77,57,5,58,663,26.8,31.7,5.3,7.2,11.6,8.6,0.7,8.7,99.3,CDU
77300,43.0,1064,383,36.0,166,78,16,35,41,33,5,9,378,43.9,20.6,4.2,9.3,10.8,8.7,1.3,2.4,98.7,150,80,15,30,40,27,2,39,381,39.4,21.0,3.9,7.9,10.5,7.1,0.5,10.2,99.5,AfD
81100,43.0,1059,465,43.9,134,105,23,44,81,56,5,17,460,29.1,22.8,5.0,9.6,17.6,12.2,1.1,3.7,98.9,123,105,29,47,66,59,2,34,463,26.6,22.7,6.3,10.2,14.3,12.7,0.4,7.3,99.6,AfD
81200,43.0,1470,600,40.8,132,167,32,65,108,67,11,18,589,22.4,28.4,5.4,11.0,18.3,11.4,1.8,3.1,98.2,123,151,45,78,91,56,11,45,589,20.9,25.6,7.6,13.2,15.4,9.5,1.8,7.6,98.2,CDU
81400,43.0,1410,519,36.8,118,135,23,64,78,63,10,28,509,23.2,26.5,4.5,12.6,15.3,12.4,1.9,5.5,98.1,114,119,40,83,59,39,6,59,513,22.2,23.2,7.8,16.2,11.5,7.6,1.2,11.5,98.8,CDU
81500,43.0,1116,512,45.9,112,119,22,85,84,63,5,22,507,22.1,23.5,4.3,16.8,16.6,12.4,1.0,4.3,99.0,97,117,28,99,64,50,1,56,511,19.0,22.9,5.5,19.4,12.5,9.8,0.2,11.0,99.8,CDU
81700,43.0,1696,611,36.0,103,166,30,154,79,55,9,15,602,17.1,27.6,5.0,25.6,13.1,9.1,1.5,2.5,98.5,93,136,35,164,63,58,7,55,604,15.4,22.5,5.8,27.2,10.4,9.6,1.1,9.1,98.9,GRÜNE
81800,43.0,1042,409,39.3,70,114,20,71,54,62,2,16,407,17.2,28.0,4.9,17.4,13.3,15.2,0.5,3.9,99.5,63,106,23,87,37,52,3,38,406,15.5,26.1,5.7,21.4,9.1,12.8,0.7,9.4,99.3,CDU
81900,43.0,1091,422,38.7,71,117,22,84,56,53,8,11,414,17.1,28.3,5.3,20.3,13.5,12.8,1.9,2.7,98.1,64,113,25,87,56,43,4,30,418,15.3,27.0,6.0,20.8,13.4,10.3,0.9,7.2,99.1,CDU
82100,43.0,636,260,40.9,50,64,11,36,61,18,3,17,257,19.5,24.9,4.3,14.0,23.7,7.0,1.2,6.6,98.8,47,47,16,44,52,14,1,39,259,18.1,18.1,6.2,17.0,20.1,5.4,0.4,15.1,99.6,LINKE
82200,43.0,1130,462,40.9,121,128,27,69,58,37,7,15,455,26.6,28.1,5.9,15.2,12.7,8.1,1.5,3.3,98.5,114,103,36,73,48,37,5,46,457,24.9,22.5,7.9,16.0,10.5,8.1,1.1,10.1,98.9,AfD
82300,43.0,1074,438,40.8,68,133,25,94,57,41,6,14,432,15.7,30.8,5.8,21.8,13.2,9.5,1.4,3.2,98.6,63,116,33,100,50,43,4,29,434,14.5,26.7,7.6,23.0,11.5,9.9,0.9,6.7,99.1,CDU
82400,43.0,1383,614,44.4,115,152,42,106,98,73,5,23,609,18.9,25.0,6.9,17.4,16.1,12.0,0.8,3.8,99.2,108,139,46,116,69,58,4,74,610,17.7,22.8,7.5,19.0,11.3,9.5,0.7,12.1,99.3,CDU
82500,43.0,963,246,25.5,17,40,9,89,54,15,3,19,243,7.0,16.5,3.7,36.6,22.2,6.2,1.2,7.8,98.8,16,24,21,83,44,15,1,42,245,6.5,9.8,8.6,33.9,18.0,6.1,0.4,17.1,99.6,GRÜNE
83100,43.0,980,449,45.8,84,116,28,76,62,63,7,13,442,19.0,26.2,6.3,17.2,14.0,14.3,1.6,2.9,98.4,82,114,30,83,50,48,1,41,448,18.3,25.4,6.7,18.5,11.2,10.7,0.2,9.2,99.8,CDU
83200,43.0,815,355,43.6,121,80,18,31,48,39,8,10,347,34.9,23.1,5.2,8.9,13.8,11.2,2.3,2.9,97.7,117,87,23,34,38,29,3,24,352,33.2,24.7,6.5,9.7,10.8,8.2,0.8,6.8,99.2,AfD
83300,43.0,1177,484,41.1,160,124,23,43,63,48,7,16,477,33.5,26.0,4.8,9.0,13.2,10.1,1.4,3.4,98.6,155,117,30,48,62,29,7,36,477,32.5,24.5,6.3,10.1,13.0,6.1,1.4,7.5,98.6,AfD
83400,43.0,1429,667,46.7,198,201,29,54,100,66,8,11,659,30.0,30.5,4.4,8.2,15.2,10.0,1.2,1.7,98.8,189,201,33,58,82,53,7,44,660,28.6,30.5,5.0,8.8,12.4,8.0,1.0,6.7,99.0,CDU
83500,43.0,948,412,43.5,131,85,26,42,69,33,12,14,400,32.8,21.2,6.5,10.5,17.2,8.2,2.9,3.5,97.1,118,95,28,36,63,25,4,43,408,28.9,23.3,6.9,8.8,15.4,6.1,1.0,10.5,99.0,AfD
83700,43.0,964,429,44.5,118,136,17,40,56,42,8,12,421,28.0,32.3,4.0,9.5,13.3,10.0,1.9,2.9,98.1,108,131,26,36,51,26,8,43,421,25.7,31.1,6.2,8.6,12.1,6.2,1.9,10.2,98.1,CDU
83800,43.0,1102,476,43.2,114,158,23,59,66,38,9,9,467,24.4,33.8,4.9,12.6,14.1,8.1,1.9,1.9,98.1,109,137,29,72,57,33,5,34,471,23.1,29.1,6.2,15.3,12.1,7.0,1.1,7.2,98.9,CDU
84100,43.0,1212,578,47.7,165,177,28,39,76,80,3,10,575,28.7,30.8,4.9,6.8,13.2,13.9,0.5,1.7,99.5,161,185,33,44,72,47,2,34,576,28.0,32.1,5.7,7.6,12.5,8.2,0.3,5.9,99.7,CDU
84200,43.0,1013,481,47.5,150,131,27,38,67,48,8,12,473,31.7,27.7,5.7,8.0,14.2,10.1,1.7,2.5,98.3,135,128,37,39,51,41,5,45,476,28.4,26.9,7.8,8.2,10.7,8.6,1.0,9.5,99.0,AfD
84300,43.0,1123,551,49.1,190,154,27,43,54,56,5,22,546,34.8,28.2,4.9,7.9,9.9,10.3,0.9,4.0,99.1,177,148,35,39,47,45,1,59,550,32.2,26.9,6.4,7.1,8.5,8.2,0.2,10.7,99.8,AfD
84400,43.0,562,316,56.2,91,112,26,28,24,26,3,6,313,29.1,35.8,8.3,8.9,7.7,8.3,0.9,1.9,99.1,79,106,31,36,16,16,2,30,314,25.2,33.8,9.9,11.5,5.1,5.1,0.6,9.6,99.4,CDU
84501,43.0,1292,685,53.0,190,259,30,61,63,62,8,12,677,28.1,38.3,4.4,9.0,9.3,9.2,1.2,1.8,98.8,170,240,51,79,47,41,3,54,682,24.9,35.2,7.5,11.6,6.9,6.0,0.4,7.9,99.6,CDU
84502,43.0,1038,459,44.2,147,149,19,51,36,44,2,11,457,32.2,32.6,4.2,11.2,7.9,9.6,0.4,2.4,99.6,126,143,28,55,41,30,2,34,457,27.6,31.3,6.1,12.0,9.0,6.6,0.4,7.4,99.6,CDU
85100,43.0,1364,571,41.9,167,182,28,46,66,60,4,18,567,29.5,32.1,4.9,8.1,11.6,10.6,0.7,3.2,99.3,154,169,34,59,55,39,4,57,567,27.2,29.8,6.0,10.4,9.7,6.9,0.7,10.1,99.3,CDU
85200,43.0,1397,645,46.2,155,248,31,69,57,63,5,17,640,24.2,38.8,4.8,10.8,8.9,9.8,0.8,2.7,99.2,141,199,61,85,48,58,3,50,642,22.0,31.0,9.5,13.2,7.5,9.0,0.5,7.8,99.5,CDU
85301,43.0,861,447,51.9,155,128,21,56,38,35,9,5,438,35.4,29.2,4.8,12.8,8.7,8.0,2.0,1.1,98.0,137,108,27,65,39,22,6,43,441,31.1,24.5,6.1,14.7,8.8,5.0,1.3,9.8,98.7,AfD
85302,43.0,892,451,50.6,153,147,22,43,46,28,2,10,449,34.1,32.7,4.9,9.6,10.2,6.2,0.4,2.2,99.6,145,133,40,41,37,24,2,29,449,32.3,29.6,8.9,9.1,8.2,5.3,0.4,6.5,99.6,AfD
86100,43.0,1387,649,46.8,98,191,26,114,100,105,3,12,646,15.2,29.6,4.0,17.6,15.5,16.3,0.5,1.9,99.5,96,187,36,144,63,70,5,48,644,14.9,29.0,5.6,22.4,9.8,10.9,0.8,7.5,99.2,CDU
86200,43.0,1116,528,47.3,95,174,18,92,78,58,4,9,524,18.1,33.2,3.4,17.6,14.9,11.1,0.8,1.7,99.2,90,157,29,106,54,55,2,35,526,17.1,29.8,5.5,20.2,10.3,10.5,0.4,6.7,99.6,CDU
86300,43.0,1238,550,44.4,102,136,30,90,96,76,6,14,544,18.8,25.0,5.5,16.5,17.6,14.0,1.1,2.6,98.9,98,114,35,114,78,59,6,46,544,18.0,21.0,6.4,21.0,14.3,10.8,1.1,8.5,98.9,CDU
86400,43.0,937,466,49.7,69,146,20,86,76,58,0,11,466,14.8,31.3,4.3,18.5,16.3,12.4,0.0,2.4,100.0,63,120,28,105,54,59,0,37,466,13.5,25.8,6.0,22.5,11.6,12.7,0.0,7.9,100.0,CDU
86500,43.0,1222,567,46.4,75,143,24,138,59,100,8,20,559,13.4,25.6,4.3,24.7,10.6,17.9,1.4,3.6,98.6,70,131,28,142,61,67,6,62,561,12.5,23.4,5.0,25.3,10.9,11.9,1.1,11.1,98.9,GRÜNE
86600,43.0,1109,543,49.0,82,179,19,114,62,67,3,17,540,15.2,33.1,3.5,21.1,11.5,12.4,0.6,3.1,99.4,77,152,42,121,42,64,1,44,542,14.2,28.0,7.7,22.3,7.7,11.8,0.2,8.1,99.8,CDU
86700,43.0,703,384,54.6,54,142,18,71,39,51,2,7,382,14.1,37.2,4.7,18.6,10.2,13.4,0.5,1.8,99.5,54,131,24,78,30,49,1,17,383,14.1,34.2,6.3,20.4,7.8,12.8,0.3,4.4,99.7,CDU
86800,43.0,1123,509,45.3,93,170,31,72,47,82,4,10,505,18.4,33.7,6.1,14.3,9.3,16.2,0.8,2.0,99.2,91,166,39,87,39,54,3,30,506,18.0,32.8,7.7,17.2,7.7,10.7,0.6,5.9,99.4,CDU
90110,46.0,1557,736,47.3,283,255,34,54,52,43,15,0,721,39.3,35.4,4.7,7.5,7.2,6.0,2.0,0.0,98.0,266,212,37,59,53,42,12,55,724,36.7,29.3,5.1,8.1,7.3,5.8,1.6,7.6,98.4,AfD
90210,46.0,1193,544,45.6,180,220,34,44,23,40,3,0,541,33.3,40.7,6.3,8.1,4.3,7.4,0.6,0.0,99.4,181,164,49,48,18,36,1,47,543,33.3,30.2,9.0,8.8,3.3,6.6,0.2,8.7,99.8,AfD
90311,46.0,671,383,57.1,128,141,16,46,28,19,5,0,378,33.9,37.3,4.2,12.2,7.4,5.0,1.3,0.0,98.7,122,114,22,49,24,29,2,21,381,32.0,29.9,5.8,12.9,6.3,7.6,0.5,5.5,99.5,AfD
90312,46.0,972,498,51.2,185,176,28,28,41,32,8,0,490,37.8,35.9,5.7,5.7,8.4,6.5,1.6,0.0,98.4,173,151,30,34,34,29,5,42,493,35.1,30.6,6.1,6.9,6.9,5.9,1.0,8.5,99.0,AfD
90410,46.0,347,209,60.2,53,91,18,19,16,11,1,0,208,25.5,43.8,8.7,9.1,7.7,5.3,0.5,0.0,99.5,51,68,14,20,17,15,0,24,209,24.4,32.5,6.7,9.6,8.1,7.2,0.0,11.5,100.0,CDU
90510,46.0,339,195,57.5,75,73,6,20,8,11,2,0,193,38.9,37.8,3.1,10.4,4.1,5.7,1.0,0.0,99.0,65,60,7,27,4,13,2,17,193,33.7,31.1,3.6,14.0,2.1,6.7,1.0,8.8,99.0,AfD
90610,46.0,767,431,56.2,146,167,23,31,29,24,11,0,420,34.8,39.8,5.5,7.4,6.9,5.7,2.6,0.0,97.4,134,134,30,35,22,21,10,45,421,31.8,31.8,7.1,8.3,5.2,5.0,2.3,10.7,97.7,AfD
90710,46.0,403,251,62.3,97,86,17,17,24,7,3,0,248,39.1,34.7,6.9,6.9,9.7,2.8,1.2,0.0,98.8,95,68,17,21,16,12,2,20,249,38.2,27.3,6.8,8.4,6.4,4.8,0.8,8.0,99.2,AfD
91101,47.0,1043,525,50.3,170,133,34,67,60,32,4,25,521,32.6,25.5,6.5,12.9,11.5,6.1,0.8,4.8,99.2,152,125,29,65,51,38,2,63,523,29.1,23.9,5.5,12.4,9.8,7.3,0.4,12.0,99.6,AfD
91102,47.0,1008,446,44.2,137,101,33,57,56,37,3,22,443,30.9,22.8,7.4,12.9,12.6,8.4,0.7,5.0,99.3,133,91,26,57,51,35,1,52,445,29.9,20.4,5.8,12.8,11.5,7.9,0.2,11.7,99.8,AfD
91200,47.0,1668,738,44.2,235,186,39,122,70,55,9,22,729,32.2,25.5,5.3,16.7,9.6,7.5,1.2,3.0,98.8,219,181,48,100,60,54,4,72,734,29.8,24.7,6.5,13.6,8.2,7.4,0.5,9.8,99.5,AfD
91300,47.0,1528,587,38.4,164,136,34,74,81,48,12,38,575,28.5,23.7,5.9,12.9,14.1,8.3,2.0,6.6,98.0,155,120,33,74,66,44,7,88,580,26.7,20.7,5.7,12.8,11.4,7.6,1.2,15.2,98.8,AfD
91400,47.0,972,428,44.0,130,126,21,33,70,25,5,18,423,30.7,29.8,5.0,7.8,16.5,5.9,1.2,4.3,98.8,115,118,30,30,55,20,6,54,422,27.3,28.0,7.1,7.1,13.0,4.7,1.4,12.8,98.6,CDU
91501,47.0,1354,576,42.5,163,158,29,86,69,34,7,30,569,28.6,27.8,5.1,15.1,12.1,6.0,1.2,5.3,98.8,155,137,33,79,63,39,2,68,574,27.0,23.9,5.7,13.8,11.0,6.8,0.3,11.8,99.7,AfD
91502,47.0,1310,502,38.3,138,113,32,98,51,34,5,31,497,27.8,22.7,6.4,19.7,10.3,6.8,1.0,6.2,99.0,128,92,31,86,60,40,3,62,499,25.7,18.4,6.2,17.2,12.0,8.0,0.6,12.4,99.4,AfD
92100,46.0,1993,647,32.5,110,138,29,174,118,72,6,0,641,17.2,21.5,4.5,27.1,18.4,11.2,0.9,0.0,99.1,104,111,21,170,97,49,3,92,644,16.1,17.2,3.3,26.4,15.1,7.6,0.5,14.3,99.5,GRÜNE
92200,46.0,1671,581,34.8,129,130,37,138,77,63,7,0,574,22.5,22.6,6.4,24.0,13.4,11.0,1.2,0.0,98.8,123,117,34,117,59,52,2,77,579,21.2,20.2,5.9,20.2,10.2,9.0,0.3,13.3,99.7,AfD
92300,46.0,1546,577,37.3,109,144,29,134,105,52,4,0,573,19.0,25.1,5.1,23.4,18.3,9.1,0.7,0.0,99.3,94,129,33,122,74,44,1,80,576,16.3,22.4,5.7,21.2,12.8,7.6,0.2,13.9,99.8,CDU
92400,46.0,859,405,47.1,102,87,29,72,64,46,5,0,400,25.5,21.8,7.2,18.0,16.0,11.5,1.2,0.0,98.8,86,78,18,78,47,30,3,65,402,21.4,19.4,4.5,19.4,11.7,7.5,0.7,16.2,99.3,AfD
92500,46.0,1290,556,43.1,112,143,29,119,89,60,4,0,552,20.3,25.9,5.3,21.6,16.1,10.9,0.7,0.0,99.3,93,115,29,116,70,55,4,74,552,16.8,20.8,5.3,21.0,12.7,10.0,0.7,13.4,99.3,GRÜNE
93101,46.0,1274,549,43.1,98,174,25,136,62,48,6,0,543,18.0,32.0,4.6,25.0,11.4,8.8,1.1,0.0,98.9,88,118,22,136,58,51,5,71,544,16.2,21.7,4.0,25.0,10.7,9.4,0.9,13.1,99.1,GRÜNE
93102,46.0,1169,513,43.9,99,114,33,130,71,63,3,0,510,19.4,22.4,6.5,25.5,13.9,12.4,0.6,0.0,99.4,94,90,22,132,58,42,2,73,511,18.4,17.6,4.3,25.8,11.4,8.2,0.4,14.3,99.6,GRÜNE
93200,46.0,1626,665,40.9,114,172,44,158,102,69,6,0,659,17.3,26.1,6.7,24.0,15.5,10.5,0.9,0.0,99.1,108,138,33,158,80,59,3,86,662,16.3,20.8,5.0,23.9,12.1,8.9,0.5,13.0,99.5,GRÜNE
93300,46.0,1003,414,41.3,72,89,20,120,62,47,4,0,410,17.6,21.7,4.9,29.3,15.1,11.5,1.0,0.0,99.0,64,86,20,109,40,32,0,63,414,15.5,20.8,4.8,26.3,9.7,7.7,0.0,15.2,100.0,GRÜNE
93400,46.0,938,502,53.5,121,138,38,90,64,40,11,0,491,24.6,28.1,7.7,18.3,13.0,8.1,2.2,0.0,97.8,112,117,29,85,51,45,7,56,495,22.6,23.6,5.9,17.2,10.3,9.1,1.4,11.3,98.6,CDU
93500,46.0,1345,585,43.5,133,135,37,115,100,63,2,0,583,22.8,23.2,6.3,19.7,17.2,10.8,0.3,0.0,99.7,122,100,29,110,79,55,3,87,582,21.0,17.2,5.0,18.9,13.6,9.5,0.5,14.9,99.5,AfD
93600,46.0,1650,632,38.3,100,172,38,146,92,76,8,0,624,16.0,27.6,6.1,23.4,14.7,12.2,1.3,0.0,98.7,96,154,25,156,82,54,3,62,629,15.3,24.5,4.0,24.8,13.0,8.6,0.5,9.9,99.5,GRÜNE
94101,46.0,924,380,41.1,104,99,23,55,53,41,5,0,375,27.7,26.4,6.1,14.7,14.1,10.9,1.3,0.0,98.7,99,75,19,52,49,39,2,45,378,26.2,19.8,5.0,13.8,13.0,10.3,0.5,11.9,99.5,AfD
94102,46.0,964,412,42.7,135,122,23,37,46,42,7,0,405,33.3,30.1,5.7,9.1,11.4,10.4,1.7,0.0,98.3,128,107,31,43,29,41,3,30,409,31.3,26.2,7.6,10.5,7.1,10.0,0.7,7.3,99.3,AfD
94200,46.0,1309,621,47.4,185,193,28,82,71,57,5,0,616,30.0,31.3,4.5,13.3,11.5,9.3,0.8,0.0,99.2,185,193,28,82,71,57,4,1,617,30.0,31.3,4.5,13.3,11.5,9.2,0.6,0.2,99.4,CDU
94400,46.0,1063,511,48.1,161,186,28,55,45,33,3,0,508,31.7,36.6,5.5,10.8,8.9,6.5,0.6,0.0,99.4,152,153,32,54,37,34,2,47,509,29.9,30.1,6.3,10.6,7.3,6.7,0.4,9.2,99.6,CDU
94501,46.0,984,487,49.5,110,198,24,51,53,46,5,0,482,22.8,41.1,5.0,10.6,11.0,9.5,1.0,0.0,99.0,107,154,34,63,45,41,2,41,485,22.1,31.8,7.0,13.0,9.3,8.5,0.4,8.5,99.6,CDU
94502,46.0,888,453,51.0,103,218,24,45,28,32,3,0,450,22.9,48.4,5.3,10.0,6.2,7.1,0.7,0.0,99.3,93,167,31,62,29,37,1,33,452,20.6,36.9,6.9,13.7,6.4,8.2,0.2,7.3,99.8,CDU
94600,46.0,1466,721,49.2,242,196,50,86,81,57,9,0,712,34.0,27.5,7.0,12.1,11.4,8.0,1.2,0.0,98.8,224,173,42,87,64,53,5,73,716,31.3,24.2,5.9,12.2,8.9,7.4,0.7,10.2,99.3,AfD
95100,46.0,1492,492,33.0,215,90,22,29,81,40,15,0,477,45.1,18.9,4.6,6.1,17.0,8.4,3.0,0.0,97.0,197,82,19,28,68,36,17,45,475,41.5,17.3,4.0,5.9,14.3,7.6,3.5,9.5,96.5,AfD
95200,46.0,977,289,29.6,143,51,14,14,39,24,4,0,285,50.2,17.9,4.9,4.9,13.7,8.4,1.4,0.0,98.6,128,54,9,15,31,18,3,31,286,44.8,18.9,3.1,5.2,10.8,6.3,1.0,10.8,99.0,AfD
95400,46.0,854,285,33.4,105,74,11,22,38,27,8,0,277,37.9,26.7,4.0,7.9,13.7,9.7,2.8,0.0,97.2,101,70,12,20,33,25,4,20,281,35.9,24.9,4.3,7.1,11.7,8.9,1.4,7.1,98.6,AfD
95500,46.0,1354,492,36.3,198,124,31,32,52,44,11,0,481,41.2,25.8,6.4,6.7,10.8,9.1,2.2,0.0,97.8,179,116,26,27,44,37,6,57,486,36.8,23.9,5.3,5.6,9.1,7.6,1.2,11.7,98.8,AfD
95600,46.0,1100,423,38.5,219,78,17,19,48,31,11,0,412,53.2,18.9,4.1,4.6,11.7,7.5,2.6,0.0,97.4,189,73,18,22,41,24,11,45,412,45.9,17.7,4.4,5.3,10.0,5.8,2.6,10.9,97.4,AfD
96100,46.0,1413,533,37.7,196,123,32,41,84,42,15,0,518,37.8,23.7,6.2,7.9,16.2,8.1,2.8,0.0,97.2,181,114,27,37,81,34,11,48,522,34.7,21.8,5.2,7.1,15.5,6.5,2.1,9.2,97.9,AfD
96300,46.0,1773,593,33.4,225,136,45,33,82,55,17,0,576,39.1,23.6,7.8,5.7,14.2,9.5,2.9,0.0,97.1,222,139,33,25,73,39,12,50,581,38.2,23.9,5.7,4.3,12.6,6.7,2.0,8.6,98.0,AfD
96600,46.0,1656,548,33.1,245,119,27,40,60,47,10,0,538,45.5,22.1,5.0,7.4,11.2,8.7,1.8,0.0,98.2,223,105,27,37,50,35,10,61,538,41.4,19.5,5.0,6.9,9.3,6.5,1.8,11.3,98.2,AfD
97100,46.0,1465,594,40.5,222,147,27,49,82,46,21,0,573,38.7,25.7,4.7,8.6,14.3,8.0,3.5,0.0,96.5,211,127,28,41,68,40,11,68,583,36.2,21.8,4.8,7.0,11.7,6.9,1.9,11.7,98.1,AfD
97300,46.0,1583,612,38.7,236,144,32,40,96,50,14,0,598,39.5,24.1,5.4,6.7,16.1,8.4,2.3,0.0,97.7,216,124,20,36,73,37,9,97,603,35.8,20.6,3.3,6.0,12.1,6.1,1.5,16.1,98.5,AfD
97600,46.0,1380,529,38.3,220,132,28,29,79,32,9,0,520,42.3,25.4,5.4,5.6,15.2,6.2,1.7,0.0,98.3,201,127,24,28,71,32,2,44,527,38.1,24.1,4.6,5.3,13.5,6.1,0.4,8.3,99.6,AfD
98100,46.0,1422,666,46.8,236,231,46,61,47,36,9,0,657,35.9,35.2,7.0,9.3,7.2,5.5,1.4,0.0,98.6,222,193,41,56,38,35,8,73,658,33.7,29.3,6.2,8.5,5.8,5.3,1.2,11.1,98.8,AfD
98200,46.0,1441,729,50.6,241,264,38,64,66,50,6,0,723,33.3,36.5,5.3,8.9,9.1,6.9,0.8,0.0,99.2,242,204,40,86,55,46,3,53,726,33.3,28.1,5.5,11.8,7.6,6.3,0.4,7.3,99.6,AfD
98300,46.0,1354,674,49.8,238,242,45,47,44,47,11,0,663,35.9,36.5,6.8,7.1,6.6,7.1,1.6,0.0,98.4,229,210,50,48,36,39,5,57,669,34.2,31.4,7.5,7.2,5.4,5.8,0.7,8.5,99.3,AfD
98401,46.0,1057,468,44.3,144,142,30,49,63,37,3,0,465,31.0,30.5,6.5,10.5,13.5,8.0,0.6,0.0,99.4,134,132,21,51,47,39,2,42,466,28.8,28.3,4.5,10.9,10.1,8.4,0.4,9.0,99.6,AfD
98402,46.0,966,396,41.0,147,110,28,43,40,21,7,0,389,37.8,28.3,7.2,11.1,10.3,5.4,1.8,0.0,98.2,134,91,29,37,32,13,5,55,391,34.3,23.3,7.4,9.5,8.2,3.3,1.3,14.1,98.7,AfD
98500,46.0,1499,735,49.0,219,277,32,81,63,59,4,0,731,30.0,37.9,4.4,11.1,8.6,8.1,0.5,0.0,99.5,207,221,46,93,47,60,2,59,733,28.2,30.2,6.3,12.7,6.4,8.2,0.3,8.0,99.7,CDU
98600,46.0,1267,607,47.9,203,218,21,58,55,46,6,0,601,33.8,36.3,3.5,9.7,9.2,7.7,1.0,0.0,99.0,189,172,24,62,41,57,5,57,602,31.4,28.6,4.0,10.3,6.8,9.5,0.8,9.5,99.2,AfD
99110,46.0,1504,775,51.5,259,327,56,52,49,24,8,0,767,33.8,42.6,7.3,6.8,6.4,3.1,1.0,0.0,99.0,244,260,63,60,44,26,5,73,770,31.7,33.8,8.2,7.8,5.7,3.4,0.6,9.5,99.4,CDU
99310,46.0,1130,641,56.7,232,241,42,30,55,35,6,0,635,36.5,38.0,6.6,4.7,8.7,5.5,0.9,0.0,99.1,229,204,56,31,46,33,2,40,639,35.8,31.9,8.8,4.9,7.2,5.2,0.3,6.3,99.7,AfD
99810,46.0,909,563,61.9,170,232,49,22,44,37,9,0,554,30.7,41.9,8.8,4.0,7.9,6.7,1.6,0.0,98.4,159,209,39,22,45,45,7,37,556,28.6,37.6,7.0,4.0,8.1,8.1,1.2,6.7,98.8,CDU
01000,45.0,0,462,61.9,60,98,25,145,96,20,3,15,459,13.1,21.4,5.4,31.6,20.9,4.4,0.6,3.3,99.4,58,96,28,128,80,44,3,25,459,12.6,20.9,6.1,27.9,17.4,9.6,0.6,5.4,99.4,GRÜNE
02001,45.0,0,785,61.9,119,204,51,151,157,61,8,34,777,15.3,26.3,6.6,19.4,20.2,7.9,1.0,4.4,99.0,109,219,29,126,125,84,3,90,782,13.9,28.0,3.7,16.1,16.0,10.7,0.4,11.5,99.6,CDU
02002,45.0,0,480,61.9,59,113,30,106,94,48,4,26,476,12.4,23.7,6.3,22.3,19.7,10.1,0.8,5.5,99.2,60,123,25,90,75,50,0,57,480,12.5,25.6,5.2,18.8,15.6,10.4,0.0,11.9,100.0,CDU
03001,45.0,0,617,61.9,91,147,32,172,105,44,1,25,616,14.8,23.9,5.2,27.9,17.0,7.1,0.2,4.1,99.8,82,156,41,125,82,69,1,61,616,13.3,25.3,6.7,20.3,13.3,11.2,0.2,9.9,99.8,CDU
03002,45.0,0,963,61.9,150,275,55,197,159,85,10,32,953,15.7,28.9,5.8,20.7,16.7,8.9,1.0,3.4,99.0,142,298,53,146,128,102,2,92,961,14.8,31.0,5.5,15.2,13.3,10.6,0.2,9.6,99.8,CDU
04001,47.0,0,1252,61.9,169,403,70,252,211,96,22,29,1230,13.7,32.8,5.7,20.5,17.2,7.8,1.8,2.4,98.2,165,377,86,239,184,111,6,84,1246,13.2,30.3,6.9,19.2,14.8,8.9,0.5,6.7,99.5,CDU
04002,47.0,0,783,61.9,152,209,51,95,150,89,8,29,775,19.6,27.0,6.6,12.3,19.4,11.5,1.0,3.7,99.0,146,197,53,91,138,89,5,64,778,18.8,25.3,6.8,11.7,17.7,11.4,0.6,8.2,99.4,CDU
05001,47.0,0,885,61.9,84,156,43,304,145,80,2,71,883,9.5,17.7,4.9,34.4,16.4,9.1,0.2,8.0,99.8,76,146,41,276,133,77,4,132,881,8.6,16.6,4.7,31.3,15.1,8.7,0.5,15.0,99.5,GRÜNE
05002,47.0,0,781,61.9,66,194,50,233,116,64,2,56,779,8.5,24.9,6.4,29.9,14.9,8.2,0.3,7.2,99.7,65,162,48,211,125,69,2,99,779,8.3,20.8,6.2,27.1,16.0,8.9,0.3,12.7,99.7,GRÜNE
06001,45.0,0,516,61.9,89,131,18,91,124,41,4,18,512,17.4,25.6,3.5,17.8,24.2,8.0,0.8,3.5,99.2,75,149,18,78,101,53,1,41,515,14.6,28.9,3.5,15.1,19.6,10.3,0.2,8.0,99.8,CDU
06002,45.0,0,972,61.9,101,191,31,372,163,74,2,38,970,10.4,19.7,3.2,38.4,16.8,7.6,0.2,3.9,99.8,96,205,35,310,153,98,0,75,972,9.9,21.1,3.6,31.9,15.7,10.1,0.0,7.7,100.0,GRÜNE
06003,45.0,0,888,61.9,104,215,54,263,128,69,12,43,876,11.9,24.5,6.2,30.0,14.6,7.9,1.4,4.9,98.6,95,236,57,227,115,86,4,68,884,10.7,26.7,6.4,25.7,13.0,9.7,0.5,7.7,99.5,CDU
07001,45.0,0,995,61.9,170,304,65,160,155,97,10,34,985,17.3,30.9,6.6,16.2,15.7,9.8,1.0,3.5,99.0,150,355,54,126,116,93,6,95,989,15.2,35.9,5.5,12.7,11.7,9.4,0.6,9.6,99.4,CDU
07002,45.0,0,780,61.9,175,213,45,95,156,67,8,21,772,22.7,27.6,5.8,12.3,20.2,8.7,1.0,2.7,99.0,157,242,50,80,132,71,4,44,776,20.2,31.2,6.4,10.3,17.0,9.1,0.5,5.7,99.5,CDU
07003,45.0,0,902,61.9,180,232,47,143,195,71,3,31,899,20.0,25.8,5.2,15.9,21.7,7.9,0.3,3.4,99.7,148,254,49,120,151,98,1,81,901,16.4,28.2,5.4,13.3,16.8,10.9,0.1,9.0,99.9,CDU
11001,41.0,0,1103,61.9,33,116,27,485,264,103,2,73,1101,3.0,10.5,2.5,44.1,24.0,9.4,0.2,6.6,99.8,32,110,34,493,243,78,0,113,1103,2.9,10.0,3.1,44.7,22.0,7.1,0.0,10.2,100.0,GRÜNE
11002,41.0,0,962,61.9,39,92,28,443,210,104,5,41,957,4.1,9.6,2.9,46.3,21.9,10.9,0.5,4.3,99.5,33,106,33,442,169,99,3,77,959,3.4,11.1,3.4,46.1,17.6,10.3,0.3,8.0,99.7,GRÜNE
11003,41.0,0,1151,61.9,45,86,21,554,254,137,2,52,1149,3.9,7.5,1.8,48.2,22.1,11.9,0.2,4.5,99.8,42,86,21,555,232,117,1,97,1150,3.7,7.5,1.8,48.3,20.2,10.2,0.1,8.4,99.9,GRÜNE
11004,41.0,0,1210,61.9,42,95,19,605,275,113,7,54,1203,3.5,7.9,1.6,50.3,22.9,9.4,0.6,4.5,99.4,39,105,17,599,231,118,4,97,1206,3.2,8.7,1.4,49.7,19.2,9.8,0.3,8.0,99.7,GRÜNE
11005,41.0,0,1074,61.9,37,132,26,480,232,108,7,52,1067,3.5,12.4,2.4,45.0,21.7,10.1,0.7,4.9,99.3,32,144,32,484,214,79,7,82,1067,3.0,13.5,3.0,45.4,20.1,7.4,0.7,7.7,99.3,GRÜNE
12001,41.0,0,1192,61.9,93,269,50,449,151,130,10,40,1182,7.9,22.8,4.2,38.0,12.8,11.0,0.8,3.4,99.2,93,279,56,427,139,125,0,73,1192,7.8,23.4,4.7,35.8,11.7,10.5,0.0,6.1,100.0,GRÜNE
12002,41.0,0,836,61.9,98,218,42,203,158,84,8,25,828,11.8,26.3,5.1,24.5,19.1,10.1,1.0,3.0,99.0,87,226,46,207,136,59,4,71,832,10.5,27.2,5.5,24.9,16.3,7.1,0.5,8.5,99.5,CDU
13001,45.0,0,920,61.9,108,235,48,231,182,85,3,28,917,11.8,25.6,5.2,25.2,19.8,9.3,0.3,3.1,99.7,101,276,42,182,151,105,2,61,918,11.0,30.1,4.6,19.8,16.4,11.4,0.2,6.6,99.8,CDU
13002,45.0,0,1300,61.9,94,251,52,531,201,112,5,54,1295,7.3,19.4,4.0,41.0,15.5,8.6,0.4,4.2,99.6,90,281,51,454,183,128,3,110,1297,6.9,21.7,3.9,35.0,14.1,9.9,0.2,8.5,99.8,GRÜNE
14001,45.0,0,1056,61.9,48,82,25,485,279,49,4,84,1052,4.6,7.8,2.4,46.1,26.5,4.7,0.4,8.0,99.6,37,106,23,445,265,57,1,122,1055,3.5,10.0,2.2,42.2,25.1,5.4,0.1,11.6,99.9,GRÜNE
14002,45.0,0,1199,61.9,36,70,26,604,320,70,4,69,1195,3.0,5.9,2.2,50.5,26.8,5.9,0.3,5.8,99.7,34,91,20,545,285,107,2,115,1197,2.8,7.6,1.7,45.5,23.8,8.9,0.2,9.6,99.8,GRÜNE
14003,45.0,0,1194,61.9,119,159,38,504,227,81,5,61,1189,10.0,13.4,3.2,42.4,19.1,6.8,0.4,5.1,99.6,94,183,49,444,210,108,4,102,1190,7.9,15.4,4.1,37.3,17.6,9.1,0.3,8.6,99.7,GRÜNE
15000,41.0,0,717,61.9,111,152,44,212,94,67,8,29,709,15.7,21.4,6.2,29.9,13.3,9.4,1.1,4.1,98.9,101,162,43,192,93,68,4,54,713,14.2,22.7,6.0,26.9,13.0,9.5,0.6,7.6,99.4,GRÜNE
21001,47.0,0,1053,61.9,100,162,40,370,231,66,4,80,1049,9.5,15.4,3.8,35.3,22.0,6.3,0.4,7.6,99.6,92,161,34,330,207,90,3,136,1050,8.8,15.3,3.2,31.4,19.7,8.6,0.3,13.0,99.7,GRÜNE
21002,47.0,0,675,61.9,72,120,27,230,117,54,2,53,673,10.7,17.8,4.0,34.2,17.4,8.0,0.3,7.9,99.7,68,127,23,187,116,62,0,92,675,10.1,18.8,3.4,27.7,17.2,9.2,0.0,13.6,100.0,GRÜNE
21003,47.0,0,756,61.9,80,126,23,257,160,53,4,53,752,10.6,16.8,3.1,34.2,21.3,7.0,0.5,7.0,99.5,72,114,31,245,139,58,3,94,753,9.6,15.1,4.1,32.5,18.5,7.7,0.4,12.5,99.6,GRÜNE
22001,47.0,0,793,61.9,154,169,58,183,97,65,7,60,786,19.6,21.5,7.4,23.3,12.3,8.3,0.9,7.6,99.1,149,169,47,156,85,76,4,107,789,18.9,21.4,6.0,19.8,10.8,9.6,0.5,13.6,99.5,CDU
22002,47.0,0,637,61.9,122,195,44,89,89,51,8,39,629,19.4,31.0,7.0,14.1,14.1,8.1,1.3,6.2,98.7,111,180,41,81,79,57,4,84,633,17.5,28.4,6.5,12.8,12.5,9.0,0.6,13.3,99.4,CDU
22003,47.0,0,911,61.9,167,269,57,152,124,85,9,48,902,18.5,29.8,6.3,16.9,13.7,9.4,1.0,5.3,99.0,156,271,44,133,108,79,3,117,908,17.2,29.8,4.8,14.6,11.9,8.7,0.3,12.9,99.7,CDU
23000,47.0,0,826,61.9,171,300,63,110,79,56,11,36,815,21.0,36.8,7.7,13.5,9.7,6.9,1.3,4.4,98.7,156,297,60,102,73,53,7,78,819,19.0,36.3,7.3,12.5,8.9,6.5,0.8,9.5,99.2,CDU
24001,47.0,0,1031,61.9,178,291,54,235,142,90,8,33,1023,17.4,28.4,5.3,23.0,13.9,8.8,0.8,3.2,99.2,171,253,69,203,131,115,3,86,1028,16.6,24.6,6.7,19.7,12.7,11.2,0.3,8.4,99.7,CDU
24002,47.0,0,957,61.9,167,272,86,167,142,94,5,24,952,17.5,28.6,9.0,17.5,14.9,9.9,0.5,2.5,99.5,168,252,67,151,123,106,1,89,956,17.6,26.4,7.0,15.8,12.9,11.1,0.1,9.3,99.9,CDU
25001,47.0,0,974,61.9,146,225,40,229,174,91,8,61,966,15.1,23.3,4.1,23.7,18.0,9.4,0.8,6.3,99.2,131,240,41,210,151,94,3,104,971,13.5,24.7,4.2,21.6,15.6,9.7,0.3,10.7,99.7,CDU
25002,47.0,0,853,61.9,133,188,65,190,154,69,3,51,850,15.6,22.1,7.6,22.4,18.1,8.1,0.4,6.0,99.6,123,171,57,172,137,77,3,113,850,14.5,20.1,6.7,20.2,16.1,9.1,0.4,13.3,99.6,GRÜNE
25003,47.0,0,648,61.9,80,211,35,125,108,59,4,26,644,12.4,32.8,5.4,19.4,16.8,9.2,0.6,4.0,99.4,71,209,32,123,109,52,1,51,647,11.0,32.3,4.9,19.0,16.8,8.0,0.2,7.9,99.8,CDU
31001,41.0,0,1036,61.9,230,341,80,141,135,77,5,27,1031,22.3,33.1,7.8,13.7,13.1,7.5,0.5,2.6,99.5,213,299,119,134,112,81,2,76,1034,20.6,28.9,11.5,13.0,10.8,7.8,0.2,7.4,99.8,CDU
31002,41.0,0,1099,61.9,185,394,115,175,99,99,10,22,1089,17.0,36.2,10.6,16.1,9.1,9.1,0.9,2.0,99.1,185,359,158,165,79,91,2,60,1097,16.9,32.7,14.4,15.0,7.2,8.3,0.2,5.5,99.8,CDU
31003,41.0,0,860,61.9,182,291,82,108,94,72,8,23,852,21.4,34.2,9.6,12.7,11.0,8.5,0.9,2.7,99.1,165,265,117,107,76,66,2,62,858,19.2,30.9,13.6,12.5,8.9,7.7,0.2,7.2,99.8,CDU
32001,41.0,0,557,61.9,135,212,58,46,39,54,3,10,554,24.4,38.3,10.5,8.3,7.0,9.7,0.5,1.8,99.5,135,206,52,37,42,52,0,33,557,24.2,37.0,9.3,6.6,7.5,9.3,0.0,5.9,100.0,CDU
32002,41.0,0,894,61.9,145,338,61,160,95,64,7,24,887,16.3,38.1,6.9,18.0,10.7,7.2,0.8,2.7,99.2,123,314,86,136,76,87,1,71,893,13.8,35.2,9.6,15.2,8.5,9.7,0.1,8.0,99.9,CDU
35010,41.0,0,1118,61.9,232,457,117,108,105,76,7,16,1111,20.9,41.1,10.5,9.7,9.5,6.8,0.6,1.4,99.4,223,391,167,106,87,80,2,62,1116,20.0,35.0,15.0,9.5,7.8,7.2,0.2,5.6,99.8,CDU
36010,41.0,0,854,61.9,136,363,64,155,70,50,5,11,849,16.0,42.8,7.5,18.3,8.2,5.9,0.6,1.3,99.4,137,247,159,141,58,68,3,41,851,16.1,29.0,18.7,16.6,6.8,8.0,0.4,4.8,99.6,CDU
41001,42.0,0,824,61.9,106,303,65,210,62,66,12,0,812,13.1,37.3,8.0,25.9,7.6,8.1,1.5,0.0,98.5,100,306,56,168,58,86,4,46,820,12.2,37.3,6.8,20.5,7.1,10.5,0.5,5.6,99.5,CDU
41002,42.0,0,773,61.9,129,288,72,150,76,53,5,0,768,16.8,37.5,9.4,19.5,9.9,6.9,0.6,0.0,99.4,113,299,54,138,72,53,1,43,772,14.6,38.7,7.0,17.9,9.3,6.9,0.1,5.6,99.9,CDU
42001,42.0,0,966,61.9,111,334,83,271,78,76,13,0,953,11.6,35.0,8.7,28.4,8.2,8.0,1.3,0.0,98.7,102,299,83,244,73,95,1,69,965,10.6,31.0,8.6,25.3,7.6,9.8,0.1,7.2,99.9,CDU
42002,42.0,0,708,61.9,105,253,58,147,72,69,4,0,704,14.9,35.9,8.2,20.9,10.2,9.8,0.6,0.0,99.4,95,255,52,128,62,61,1,54,707,13.4,36.1,7.4,18.1,8.8,8.6,0.1,7.6,99.9,CDU
42003,42.0,0,992,61.9,141,344,92,209,105,92,9,0,983,14.3,35.0,9.4,21.3,10.7,9.4,0.9,0.0,99.1,128,361,83,178,87,91,9,55,983,13.0,36.7,8.4,18.1,8.9,9.3,0.9,5.6,99.1,CDU
43000,42.0,0,830,61.9,161,245,53,184,95,81,11,0,819,19.7,29.9,6.5,22.5,11.6,9.9,1.3,0.0,98.7,149,255,34,168,58,86,2,78,828,18.0,30.8,4.1,20.3,7.0,10.4,0.2,9.4,99.8,CDU
45010,41.0,0,928,61.9,224,378,60,106,79,52,9,20,919,24.4,41.1,6.5,11.5,8.6,5.7,1.0,2.2,99.0,198,361,75,101,71,64,2,56,926,21.4,39.0,8.1,10.9,7.7,6.9,0.2,6.0,99.8,CDU
46010,41.0,0,819,61.9,161,330,54,137,68,52,3,14,816,19.7,40.4,6.6,16.8,8.3,6.4,0.4,1.7,99.6,151,300,66,134,49,52,0,67,819,18.4,36.6,8.1,16.4,6.0,6.3,0.0,8.2,100.0,CDU
47010,41.0,0,662,61.9,163,262,53,80,44,39,8,13,654,24.9,40.1,8.1,12.2,6.7,6.0,1.2,2.0,98.8,159,227,56,80,46,36,1,57,661,24.1,34.3,8.5,12.1,7.0,5.4,0.2,8.6,99.8,CDU
51001,44.0,0,1024,61.9,134,388,62,223,103,104,3,7,1021,13.1,38.0,6.1,21.8,10.1,10.2,0.3,0.7,99.7,127,374,73,213,88,94,0,55,1024,12.4,36.5,7.1,20.8,8.6,9.2,0.0,5.4,100.0,CDU
51002,44.0,0,744,61.9,100,257,46,174,67,82,12,6,732,13.7,35.1,6.3,23.8,9.2,11.2,1.6,0.8,98.4,91,263,55,152,49,68,2,64,742,12.3,35.4,7.4,20.5,6.6,9.2,0.3,8.6,99.7,CDU
51003,44.0,0,818,61.9,111,232,42,233,113,78,5,4,813,13.7,28.5,5.2,28.7,13.9,9.6,0.6,0.5,99.4,97,242,36,219,86,80,1,57,817,11.9,29.6,4.4,26.8,10.5,9.8,0.1,7.0,99.9,CDU
52001,44.0,0,1051,61.9,86,331,32,375,109,106,7,5,1044,8.2,31.7,3.1,35.9,10.4,10.2,0.7,0.5,99.3,75,318,47,373,70,94,1,73,1050,7.1,30.3,4.5,35.5,6.7,9.0,0.1,7.0,99.9,GRÜNE
52002,44.0,0,959,61.9,82,292,41,306,125,93,11,9,948,8.6,30.8,4.3,32.3,13.2,9.8,1.1,0.9,98.9,78,288,41,277,96,104,5,70,954,8.2,30.2,4.3,29.0,10.1,10.9,0.5,7.3,99.5,CDU
52003,44.0,0,943,61.9,109,299,59,240,119,102,9,6,934,11.7,32.0,6.3,25.7,12.7,10.9,1.0,0.6,99.0,102,281,67,224,95,95,3,76,940,10.9,29.9,7.1,23.8,10.1,10.1,0.3,8.1,99.7,CDU
52004,44.0,0,885,61.9,144,252,42,216,110,101,8,12,877,16.4,28.7,4.8,24.6,12.5,11.5,0.9,1.4,99.1,118,248,53,209,88,98,1,70,884,13.3,28.1,6.0,23.6,10.0,11.1,0.1,7.9,99.9,CDU
53001,45.0,0,983,61.9,123,354,62,230,103,81,3,27,980,12.6,36.1,6.3,23.5,10.5,8.3,0.3,2.8,99.7,115,349,66,207,90,86,3,67,980,11.7,35.6,6.7,21.1,9.2,8.8,0.3,6.8,99.7,CDU
53002,45.0,0,894,61.9,151,240,46,204,146,67,10,30,884,17.1,27.1,5.2,23.1,16.5,7.6,1.1,3.4,98.9,136,279,49,160,102,84,2,82,892,15.2,31.3,5.5,17.9,11.4,9.4,0.2,9.2,99.8,CDU
53003,45.0,0,1108,61.9,195,295,78,224,174,109,8,25,1100,17.7,26.8,7.1,20.4,15.8,9.9,0.7,2.3,99.3,170,306,66,189,148,113,3,113,1105,15.4,27.7,6.0,17.1,13.4,10.2,0.3,10.2,99.7,CDU
54001,44.0,0,651,61.9,75,162,51,170,86,94,8,5,643,11.7,25.2,7.9,26.4,13.4,14.6,1.2,0.8,98.8,75,169,46,158,68,83,3,49,648,11.6,26.1,7.1,24.4,10.5,12.8,0.5,7.6,99.5,CDU
54002,44.0,0,832,61.9,121,230,46,190,140,91,7,7,825,14.7,27.9,5.6,23.0,17.0,11.0,0.8,0.8,99.2,113,229,44,181,96,81,4,84,828,13.6,27.7,5.3,21.9,11.6,9.8,0.5,10.1,99.5,CDU
54003,44.0,0,1049,61.9,194,337,70,168,123,134,11,12,1038,18.7,32.5,6.7,16.2,11.8,12.9,1.0,1.2,99.0,183,354,65,167,91,106,3,80,1046,17.5,33.8,6.2,16.0,8.7,10.1,0.3,7.6,99.7,CDU
54004,44.0,0,1085,61.9,178,333,64,233,142,115,6,14,1079,16.5,30.9,5.9,21.6,13.2,10.7,0.6,1.3,99.4,161,328,69,218,111,99,0,99,1085,14.8,30.2,6.4,20.1,10.2,9.1,0.0,9.1,100.0,CDU
55001,44.0,0,861,61.9,154,257,52,161,119,100,8,10,853,18.1,30.1,6.1,18.9,14.0,11.7,0.9,1.2,99.1,127,253,66,144,97,83,0,91,861,14.8,29.4,7.7,16.7,11.3,9.6,0.0,10.6,100.0,CDU
55002,44.0,0,590,61.9,133,183,34,55,105,69,3,8,587,22.7,31.2,5.8,9.4,17.9,11.8,0.5,1.4,99.5,118,197,31,45,98,49,0,52,590,20.0,33.4,5.3,7.6,16.6,8.3,0.0,8.8,100.0,CDU
55003,44.0,0,720,61.9,154,207,50,106,94,93,7,9,713,21.6,29.0,7.0,14.9,13.2,13.0,1.0,1.3,99.0,143,210,53,82,74,89,2,67,718,19.9,29.2,7.4,11.4,10.3,12.4,0.3,9.3,99.7,CDU
56001,44.0,0,848,61.9,182,231,77,102,112,116,14,14,834,21.8,27.7,9.2,12.2,13.4,13.9,1.7,1.7,98.3,164,228,64,106,93,95,9,89,839,19.5,27.2,7.6,12.6,11.1,11.3,1.1,10.6,98.9,CDU
56002,44.0,0,739,61.9,196,211,51,98,113,56,3,11,736,26.6,28.7,6.9,13.3,15.4,7.6,0.4,1.5,99.6,183,210,53,76,95,48,0,74,739,24.8,28.4,7.2,10.3,12.9,6.5,0.0,10.0,100.0,CDU
56003,44.0,0,890,61.9,203,232,64,109,146,119,5,12,885,22.9,26.2,7.2,12.3,16.5,13.4,0.6,1.4,99.4,179,264,59,99,94,104,3,88,887,20.2,29.8,6.7,11.2,10.6,11.7,0.3,9.9,99.7,CDU
57001,44.0,0,789,61.9,128,204,50,175,127,96,3,6,786,16.3,26.0,6.4,22.3,16.2,12.2,0.4,0.8,99.6,111,200,47,173,92,88,2,76,787,14.1,25.4,6.0,22.0,11.7,11.2,0.3,9.7,99.7,CDU
57002,44.0,0,768,61.9,150,217,52,126,121,84,9,9,759,19.8,28.6,6.9,16.6,15.9,11.1,1.2,1.2,98.8,144,244,51,106,96,66,2,59,766,18.8,31.9,6.7,13.8,12.5,8.6,0.3,7.7,99.7,CDU
57003,44.0,0,716,61.9,128,205,44,118,133,76,6,6,710,18.0,28.9,6.2,16.6,18.7,10.7,0.8,0.8,99.2,118,210,44,108,107,69,3,57,713,16.5,29.5,6.2,15.1,15.0,9.7,0.4,8.0,99.6,CDU
57004,44.0,0,916,61.9,173,309,63,132,120,95,16,8,900,19.2,34.3,7.0,14.7,13.3,10.6,1.7,0.9,98.3,155,318,61,123,95,92,0,72,916,16.9,34.7,6.7,13.4,10.4,10.0,0.0,7.9,100.0,CDU
61001,42.0,0,1086,61.9,260,313,95,163,145,99,11,0,1075,24.2,29.1,8.8,15.2,13.5,9.2,1.0,0.0,99.0,237,319,72,116,115,105,5,117,1081,21.9,29.5,6.7,10.7,10.6,9.7,0.5,10.8,99.5,CDU
61002,42.0,0,659,61.9,167,196,46,73,103,65,9,0,650,25.7,30.2,7.1,11.2,15.8,10.0,1.4,0.0,98.6,144,204,39,50,83,64,4,71,655,22.0,31.1,6.0,7.6,12.7,9.8,0.6,10.8,99.4,CDU
62001,42.0,0,621,61.9,111,195,65,103,83,58,6,0,615,18.0,31.7,10.6,16.7,13.5,9.4,1.0,0.0,99.0,101,208,50,88,59,57,2,56,619,16.3,33.6,8.1,14.2,9.5,9.2,0.3,9.0,99.7,CDU
62002,42.0,0,834,61.9,189,237,61,171,97,74,5,0,829,22.8,28.6,7.4,20.6,11.7,8.9,0.6,0.0,99.4,172,244,55,139,81,74,2,67,832,20.7,29.3,6.6,16.7,9.7,8.9,0.2,8.1,99.8,CDU
62003,42.0,0,979,61.9,226,300,95,154,121,71,12,0,967,23.4,31.0,9.8,15.9,12.5,7.3,1.2,0.0,98.8,214,296,75,123,95,93,1,82,978,21.9,30.3,7.7,12.6,9.7,9.5,0.1,8.4,99.9,CDU
63001,42.0,0,757,61.9,119,312,67,134,59,63,3,0,754,15.8,41.4,8.9,17.8,7.8,8.4,0.4,0.0,99.6,113,314,59,102,57,66,0,46,757,14.9,41.5,7.8,13.5,7.5,8.7,0.0,6.1,100.0,CDU
63002,42.0,0,1030,61.9,238,368,81,154,92,89,8,0,1022,23.3,36.0,7.9,15.1,9.0,8.7,0.8,0.0,99.2,218,353,66,128,85,110,1,69,1029,21.2,34.3,6.4,12.4,8.3,10.7,0.1,6.7,99.9,CDU
64000,42.0,0,913,61.9,232,271,72,102,146,84,6,0,907,25.6,29.9,7.9,11.2,16.1,9.3,0.7,0.0,99.3,211,277,51,82,111,87,1,93,912,23.1,30.4,5.6,9.0,12.2,9.5,0.1,10.2,99.9,CDU
71000,42.0,0,733,61.9,211,233,50,66,116,47,10,0,723,29.2,32.2,6.9,9.1,16.0,6.5,1.4,0.0,98.6,198,230,37,45,90,62,6,65,727,27.2,31.6,5.1,6.2,12.4,8.5,0.8,8.9,99.2,CDU
72000,42.0,0,903,61.9,268,238,70,81,172,60,14,0,889,30.1,26.8,7.9,9.1,19.3,6.7,1.6,0.0,98.4,246,254,52,55,133,68,11,84,892,27.6,28.5,5.8,6.2,14.9,7.6,1.2,9.4,98.8,CDU
73001,42.0,0,675,61.9,142,215,70,113,72,54,9,0,666,21.3,32.3,10.5,17.0,10.8,8.1,1.3,0.0,98.7,124,220,43,78,56,54,5,95,670,18.5,32.8,6.4,11.6,8.4,8.1,0.7,14.2,99.3,CDU
73002,42.0,0,682,61.9,167,232,63,69,82,61,8,0,674,24.8,34.4,9.3,10.2,12.2,9.1,1.2,0.0,98.8,138,221,52,61,62,67,3,78,679,20.3,32.5,7.7,9.0,9.1,9.9,0.4,11.5,99.6,CDU
74001,43.0,0,616,61.9,174,182,30,83,61,67,7,12,609,28.6,29.9,4.9,13.6,10.0,11.0,1.1,2.0,98.9,149,165,51,79,51,65,3,53,613,24.3,26.9,8.3,12.9,8.3,10.6,0.5,8.6,99.5,CDU
74002,43.0,0,738,61.9,152,261,53,66,90,95,10,11,728,20.9,35.9,7.3,9.1,12.4,13.0,1.4,1.5,98.6,132,265,48,93,68,67,9,56,729,18.1,36.4,6.6,12.8,9.3,9.2,1.2,7.7,98.8,CDU
75001,43.0,0,980,61.9,236,329,63,91,101,131,8,21,972,24.3,33.8,6.5,9.4,10.4,13.5,0.8,2.2,99.2,213,326,82,93,70,107,1,88,979,21.8,33.3,8.4,9.5,7.2,10.9,0.1,9.0,99.9,CDU
75002,43.0,0,712,61.9,128,224,45,103,102,83,5,22,707,18.1,31.7,6.4,14.6,14.4,11.7,0.7,3.1,99.3,116,228,49,113,74,68,1,63,711,16.3,32.1,6.9,15.9,10.4,9.6,0.1,8.9,99.9,CDU
75003,43.0,0,576,61.9,117,171,37,60,74,89,16,12,560,20.9,30.5,6.6,10.7,13.2,15.9,2.8,2.1,97.2,97,193,45,52,69,65,11,44,565,17.2,34.2,8.0,9.2,12.2,11.5,1.9,7.8,98.1,CDU
75004,43.0,0,883,61.9,172,309,48,104,111,116,6,17,877,19.6,35.2,5.5,11.9,12.7,13.2,0.7,1.9,99.3,159,272,76,126,96,83,2,69,881,18.0,30.9,8.6,14.3,10.9,9.4,0.2,7.8,99.8,CDU
76001,45.0,0,807,61.9,79,174,37,283,124,69,3,38,804,9.8,21.6,4.6,35.2,15.4,8.6,0.4,4.7,99.6,72,201,30,251,95,77,2,79,805,8.9,25.0,3.7,31.2,11.8,9.6,0.2,9.8,99.8,GRÜNE
76002,45.0,0,585,61.9,104,156,24,152,80,48,1,20,584,17.8,26.7,4.1,26.0,13.7,8.2,0.2,3.4,99.8,97,158,34,133,59,52,1,51,584,16.6,27.1,5.8,22.8,10.1,8.9,0.2,8.7,99.8,CDU
76003,45.0,0,748,61.9,150,207,41,147,101,62,10,30,738,20.3,28.0,5.6,19.9,13.7,8.4,1.3,4.1,98.7,133,216,45,117,83,66,8,80,740,18.0,29.2,6.1,15.8,11.2,8.9,1.1,10.8,98.9,CDU
77000,43.0,0,890,61.9,227,233,71,72,132,115,13,27,877,25.9,26.6,8.1,8.2,15.1,13.1,1.5,3.1,98.5,202,256,65,72,121,75,5,94,885,22.8,28.9,7.3,8.1,13.7,8.5,0.6,10.6,99.4,CDU
81001,43.0,0,690,61.9,101,175,37,113,131,106,4,23,686,14.7,25.5,5.4,16.5,19.1,15.5,0.6,3.4,99.4,99,186,33,130,96,82,2,62,688,14.4,27.0,4.8,18.9,14.0,11.9,0.3,9.0,99.7,CDU
81002,43.0,0,787,61.9,84,188,38,172,146,113,6,40,781,10.8,24.1,4.9,22.0,18.7,14.5,0.8,5.1,99.2,80,187,45,198,107,83,3,84,784,10.2,23.9,5.7,25.3,13.6,10.6,0.4,10.7,99.6,GRÜNE
81003,43.0,0,775,61.9,101,201,37,181,122,106,8,19,767,13.2,26.2,4.8,23.6,15.9,13.8,1.0,2.5,99.0,96,197,38,225,87,81,3,48,772,12.4,25.5,4.9,29.1,11.3,10.5,0.4,6.2,99.6,GRÜNE
81004,43.0,0,668,61.9,72,191,35,153,118,70,5,24,663,10.9,28.8,5.3,23.1,17.8,10.6,0.7,3.6,99.3,65,152,47,196,79,64,4,61,664,9.8,22.9,7.1,29.5,11.9,9.6,0.6,9.2,99.4,GRÜNE
82001,43.0,0,879,61.9,115,208,46,204,153,99,4,50,875,13.1,23.8,5.3,23.3,17.5,11.3,0.5,5.7,99.5,106,210,61,228,108,72,0,94,879,12.1,23.9,6.9,25.9,12.3,8.2,0.0,10.7,100.0,GRÜNE
82002,43.0,0,886,61.9,72,202,48,253,147,106,11,47,875,8.2,23.1,5.5,28.9,16.8,12.1,1.2,5.4,98.8,64,173,79,281,107,72,5,105,881,7.3,19.6,9.0,31.9,12.1,8.2,0.6,11.9,99.4,GRÜNE
83001,43.0,0,771,61.9,148,252,42,91,122,96,5,15,766,19.3,32.9,5.5,11.9,15.9,12.5,0.6,2.0,99.4,142,239,74,112,73,68,4,59,767,18.5,31.2,9.6,14.6,9.5,8.9,0.5,7.7,99.5,CDU
83002,43.0,0,787,61.9,196,230,32,82,110,102,6,29,781,25.1,29.4,4.1,10.5,14.1,13.1,0.8,3.7,99.2,170,234,59,86,97,67,1,73,786,21.6,29.8,7.5,10.9,12.3,8.5,0.1,9.3,99.9,CDU
83003,43.0,0,627,61.9,131,188,25,84,91,80,7,21,620,21.1,30.3,4.0,13.5,14.7,12.9,1.1,3.4,98.9,122,184,33,107,74,56,2,49,625,19.5,29.4,5.3,17.1,11.8,9.0,0.3,7.8,99.7,CDU
84001,43.0,0,825,61.9,219,217,38,70,116,131,12,22,813,26.9,26.7,4.7,8.6,14.3,16.1,1.5,2.7,98.5,192,233,46,72,107,92,7,76,818,23.5,28.5,5.6,8.8,13.1,11.2,0.8,9.3,99.2,CDU
84002,43.0,0,866,61.9,163,342,35,119,84,94,6,23,860,19.0,39.8,4.1,13.8,9.8,10.9,0.7,2.7,99.3,138,333,53,134,57,74,1,76,865,16.0,38.5,6.1,15.5,6.6,8.6,0.1,8.8,99.9,CDU
85001,43.0,0,645,61.9,136,227,39,82,68,80,3,10,642,21.2,35.4,6.1,12.8,10.6,12.5,0.5,1.6,99.5,123,223,36,88,54,64,1,56,644,19.1,34.6,5.6,13.7,8.4,9.9,0.2,8.7,99.8,CDU
85002,43.0,0,621,61.9,115,199,28,94,70,86,4,25,617,18.6,32.3,4.5,15.2,11.3,13.9,0.6,4.1,99.4,106,187,42,110,54,65,1,56,620,17.1,30.2,6.8,17.7,8.7,10.5,0.2,9.0,99.8,CDU
86001,43.0,0,853,61.9,103,242,41,188,130,117,5,27,848,12.1,28.5,4.8,22.2,15.3,13.8,0.6,3.2,99.4,105,235,39,221,92,82,2,77,851,12.3,27.6,4.6,26.0,10.8,9.6,0.2,9.0,99.8,CDU
86002,43.0,0,755,61.9,83,190,28,147,147,128,5,27,750,11.1,25.3,3.7,19.6,19.6,17.1,0.7,3.6,99.3,71,193,36,185,103,91,1,75,754,9.4,25.6,4.8,24.5,13.7,12.1,0.1,9.9,99.9,CDU
86003,43.0,0,741,61.9,52,173,42,229,120,102,4,19,737,7.1,23.5,5.7,31.1,16.3,13.8,0.5,2.6,99.5,42,155,43,273,85,73,1,69,740,5.7,20.9,5.8,36.9,11.5,9.9,0.1,9.3,99.9,GRÜNE
86004,43.0,0,625,61.9,67,227,39,105,71,101,6,9,619,10.8,36.7,6.3,17.0,11.5,16.3,1.0,1.5,99.0,60,211,50,138,48,72,2,44,623,9.6,33.9,8.0,22.2,7.7,11.6,0.3,7.1,99.7,CDU
90011,46.0,0,796,61.9,178,322,44,97,89,61,5,0,791,22.5,40.7,5.6,12.3,11.3,7.7,0.6,0.0,99.4,164,273,38,108,72,53,3,85,793,20.7,34.4,4.8,13.6,9.1,6.7,0.4,10.7,99.6,CDU
90012,46.0,0,591,61.9,133,220,39,72,61,59,7,0,584,22.8,37.7,6.7,12.3,10.4,10.1,1.2,0.0,98.8,123,180,43,81,50,53,0,61,591,20.8,30.5,7.3,13.7,8.5,9.0,0.0,10.3,100.0,CDU
91001,47.0,0,865,61.9,157,272,57,146,98,77,11,47,854,18.4,31.9,6.7,17.1,11.5,9.0,1.3,5.5,98.7,142,270,47,131,89,87,2,97,863,16.5,31.3,5.4,15.2,10.3,10.1,0.2,11.2,99.8,CDU
91002,47.0,0,634,61.9,115,163,51,118,78,65,5,39,629,18.3,25.9,8.1,18.8,12.4,10.3,0.8,6.2,99.2,107,159,53,102,66,57,2,88,632,16.9,25.2,8.4,16.1,10.4,9.0,0.3,13.9,99.7,CDU
91003,47.0,0,662,61.9,106,169,52,129,92,58,5,51,657,16.1,25.7,7.9,19.6,14.0,8.8,0.8,7.8,99.2,103,158,33,114,71,65,2,116,660,15.6,23.9,5.0,17.3,10.8,9.8,0.3,17.6,99.7,CDU
92001,46.0,0,716,61.9,49,144,64,244,114,92,9,0,707,6.9,20.4,9.1,34.5,16.1,13.0,1.3,0.0,98.7,43,123,60,237,78,62,1,112,715,6.0,17.2,8.4,33.1,10.9,8.7,0.1,15.7,99.9,GRÜNE
92002,46.0,0,741,61.9,87,161,67,176,124,112,14,0,727,12.0,22.1,9.2,24.2,17.1,15.4,1.9,0.0,98.1,86,135,48,205,112,69,3,83,738,11.7,18.3,6.5,27.8,15.2,9.3,0.4,11.2,99.6,GRÜNE
92003,46.0,0,871,61.9,85,192,59,254,157,114,10,0,861,9.9,22.3,6.9,29.5,18.2,13.2,1.1,0.0,98.9,75,156,42,257,120,76,2,143,869,8.6,18.0,4.8,29.6,13.8,8.7,0.2,16.5,99.8,GRÜNE
93001,46.0,0,717,61.9,54,158,64,216,120,100,5,0,712,7.6,22.2,9.0,30.3,16.9,14.0,0.7,0.0,99.3,55,131,44,230,101,58,2,96,715,7.7,18.3,6.2,32.2,14.1,8.1,0.3,13.4,99.7,GRÜNE
93002,46.0,0,1053,61.9,107,281,48,290,165,154,8,0,1045,10.2,26.9,4.6,27.8,15.8,14.7,0.8,0.0,99.2,101,230,56,306,132,105,1,122,1052,9.6,21.9,5.3,29.1,12.5,10.0,0.1,11.6,99.9,GRÜNE
93003,46.0,0,897,61.9,118,227,51,216,149,127,9,0,888,13.3,25.6,5.7,24.3,16.8,14.3,1.0,0.0,99.0,99,190,53,238,127,76,2,112,895,11.1,21.2,5.9,26.6,14.2,8.5,0.2,12.5,99.8,GRÜNE
94001,46.0,0,1181,61.9,214,447,82,192,129,108,9,0,1172,18.3,38.1,7.0,16.4,11.0,9.2,0.8,0.0,99.2,199,399,71,198,106,101,2,105,1179,16.9,33.8,6.0,16.8,9.0,8.6,0.2,8.9,99.8,CDU
94002,46.0,0,868,61.9,172,306,76,112,105,88,9,0,859,20.0,35.6,8.8,13.0,12.2,10.2,1.0,0.0,99.0,143,276,62,111,86,78,2,110,866,16.5,31.9,7.2,12.8,9.9,9.0,0.2,12.7,99.8,CDU
95000,46.0,0,968,61.9,280,284,59,75,163,99,8,0,960,29.2,29.6,6.1,7.8,17.0,10.3,0.8,0.0,99.2,277,268,46,79,120,94,1,83,967,28.6,27.7,4.8,8.2,12.4,9.7,0.1,8.6,99.9,AfD
96000,46.0,0,906,61.9,239,276,58,89,137,96,11,0,895,26.7,30.8,6.5,9.9,15.3,10.7,1.2,0.0,98.8,217,263,50,82,119,82,4,89,902,24.1,29.2,5.5,9.1,13.2,9.1,0.4,9.9,99.6,CDU
97000,46.0,0,734,61.9,205,185,46,77,145,70,6,0,728,28.2,25.4,6.3,10.6,19.9,9.6,0.8,0.0,99.2,176,174,43,78,114,62,5,82,729,24.1,23.9,5.9,10.7,15.6,8.5,0.7,11.2,99.3,AfD
98001,46.0,0,702,61.9,163,273,60,67,72,59,8,0,694,23.5,39.3,8.6,9.7,10.4,8.5,1.1,0.0,98.9,163,246,47,87,44,49,5,61,697,23.4,35.3,6.7,12.5,6.3,7.0,0.7,8.8,99.3,CDU
98002,46.0,0,877,61.9,213,320,59,92,120,67,6,0,871,24.5,36.7,6.8,10.6,13.8,7.7,0.7,0.0,99.3,192,294,47,95,96,63,0,90,877,21.9,33.5,5.4,10.8,10.9,7.2,0.0,10.3,100.0,CDU
98003,46.0,0,841,61.9,176,340,53,120,80,67,5,0,836,21.1,40.7,6.3,14.4,9.6,8.0,0.6,0.0,99.4,162,284,61,125,74,74,1,60,840,19.3,33.8,7.3,14.9,8.8,8.8,0.1,7.1,99.9,CDU
99010,46.0,0,921,61.9,218,393,65,76,89,68,12,0,909,24.0,43.2,7.2,8.4,9.8,7.5,1.3,0.0,98.7,222,350,57,92,65,66,1,68,920,24.1,38.0,6.2,10.0,7.1,7.2,0.1,7.4,99.9,CDU
14612000,nan,426474,307905,72.2,68291,87754,17975,54849,41400,26664,3553,7419,304352,22.4,28.8,5.9,18.0,13.6,8.8,1.2,2.4,98.8,63383,82032,19839,51580,34726,25970,2103,28272,305802,20.7,26.8,6.5,16.9,11.4,8.5,0.7,9.2,99.3,CDU
