;WK-Nr;AGS;Wahlberechtigte;Wähler;ungültige_1;ungültige_2;gültige_1;gültige_2;CDU_1;DIE LINKE_1;SPD_1;AfD_1;GRÜNE_1;NPD_1;FDP_1;FREIE WÄHLER_1;Tierschutzpartei_1;PIRATEN_1;Die PARTEI_1;BüSo_1;ADPM_1;Blaue #TeamPetry_1;KPD_1;ÖDP_1;Die Humanisten_1;PDV_1;Gesundheitsforschung_1;CDU_2;DIE LINKE_2;SPD_2;AfD_2;GRÜNE_2;NPD_2;FDP_2;FREIE WÄHLER_2;Tierschutzpartei_2;PIRATEN_2;Die PARTEI_2;BüSo_2;ADPM_2;Blaue #TeamPetry_2;KPD_2;ÖDP_2;Die Humanisten_2;PDV_2;Gesundheitsforschung_2
0;1;14523320;51987;31822;386;317;31436;31505;9365;3857;3039;9445;2656;0;1678;1396;0;0;0;0;0;0;0;0;0;0;0;9967;3529;2714;8984;2218;227;1271;715;694;68;520;14;102;107;38;77;56;34;170
1;2;14523010;4101;2579;42;23;2537;2556;998;298;215;777;121;0;128;0;0;0;0;0;0;0;0;0;0;0;0;983;210;248;688;118;26;85;109;38;3;18;0;0;5;3;3;2;1;16
2;2;14523030;1544;813;16;11;797;802;313;96;42;270;39;0;37;0;0;0;0;0;0;0;0;0;0;0;0;278;82;52;265;37;3;21;35;6;0;5;1;2;1;3;5;1;1;4
3;2;14523040;3032;1940;43;27;1897;1913;769;233;159;497;141;0;98;0;0;0;0;0;0;0;0;0;0;0;0;738;173;188;474;120;7;72;49;28;4;28;2;1;4;1;10;1;0;13
4;2;14523050;818;462;5;5;457;457;162;62;47;142;23;0;21;0;0;0;0;0;0;0;0;0;0;0;0;166;40;44;138;18;4;14;9;8;2;5;0;2;3;0;1;0;1;2
5;2;14523060;949;510;11;10;499;500;163;73;26;181;30;0;26;0;0;0;0;0;0;0;0;0;0;0;0;174;61;27;149;26;1;20;12;10;1;10;2;2;1;1;2;0;1;0
6;2;14523080;1029;552;12;15;540;537;173;72;43;214;19;0;19;0;0;0;0;0;0;0;0;0;0;0;0;156;72;42;197;19;4;16;9;2;2;7;0;2;1;1;1;0;1;5
7;2;14523200;6332;3944;72;36;3872;3908;1581;389;254;1197;220;0;231;0;0;0;0;0;0;0;0;0;0;0;0;1525;261;277;1107;220;21;153;165;84;5;34;2;3;13;4;6;2;10;16
8;2;14523230;1107;623;7;5;616;618;211;52;38;253;21;0;41;0;0;0;0;0;0;0;0;0;0;0;0;201;30;40;238;21;9;27;25;14;1;2;0;2;1;1;2;1;1;2
9;2;14523300;8730;5419;95;62;5324;5357;1942;824;407;1619;272;0;260;0;0;0;0;0;0;0;0;0;0;0;0;1981;683;522;1395;221;45;171;110;78;16;58;4;6;8;7;7;7;5;33
10;2;14523310;4195;2834;98;87;2736;2747;1168;301;194;768;146;0;159;0;0;0;0;0;0;0;0;0;0;0;0;1122;234;189;697;128;8;121;143;30;5;30;1;4;10;1;4;2;2;16
11;2;14523365;3516;2445;44;21;2401;2424;813;286;221;769;159;0;153;0;0;0;0;0;0;0;0;0;0;0;0;827;220;186;739;146;14;116;72;35;4;15;1;4;16;1;4;0;6;18
12;2;14523370;2664;1903;36;19;1867;1884;683;227;136;605;120;0;96;0;0;0;0;0;0;0;0;0;0;0;0;656;154;143;578;97;8;58;131;25;5;6;0;1;6;1;2;3;1;9
13;2;14523410;853;577;9;7;568;570;181;65;43;220;29;0;30;0;0;0;0;0;0;0;0;0;0;0;0;197;45;44;205;16;4;25;9;14;0;4;0;3;0;1;0;1;0;2
14;2;14523420;1146;1073;16;8;1057;1065;394;161;74;311;52;0;65;0;0;0;0;0;0;0;0;0;0;0;0;394;112;91;300;46;3;50;24;17;0;9;2;1;6;1;1;2;0;6
15;2;14523440;1033;514;9;5;505;509;193;69;32;148;35;0;28;0;0;0;0;0;0;0;0;0;0;0;0;182;49;39;133;26;3;23;28;13;1;2;0;1;0;1;0;2;0;6
16;2;14523450;4867;3355;65;21;3290;3334;1299;425;233;927;217;0;189;0;0;0;0;0;0;0;0;0;0;0;0;1262;321;250;856;189;22;136;138;54;8;26;3;7;13;3;14;7;2;23
17;2;14523460;1276;773;22;12;751;761;307;77;58;216;50;0;43;0;0;0;0;0;0;0;0;0;0;0;0;315;53;55;208;35;3;29;21;9;1;13;0;1;3;1;4;3;3;4
18;3;14523020;15494;9526;125;92;9401;9434;3919;1009;698;2485;464;0;326;462;0;0;0;0;0;0;0;0;0;0;0;3722;972;732;2494;424;34;338;214;172;26;103;4;35;38;4;38;18;5;61
19;3;14523090;2131;1046;16;11;1030;1035;445;89;58;280;71;0;35;52;0;0;0;0;0;0;0;0;0;0;0;423;87;72;285;56;5;48;18;11;1;9;1;5;2;0;3;2;0;7
20;3;14523120;6767;4290;58;39;4232;4251;1935;420;302;1036;189;0;173;161;0;0;0;0;0;0;0;0;0;0;0;1781;409;363;1052;170;21;162;94;81;9;55;3;12;9;1;8;6;2;13
21;3;14523130;1444;729;6;5;723;724;385;60;37;142;31;0;40;27;0;0;0;0;0;0;0;0;0;0;0;359;61;44;142;30;4;26;15;16;4;4;1;0;4;0;7;1;1;5
22;3;14523160;7132;4543;65;49;4478;4494;1987;375;245;1266;136;0;203;259;0;0;0;0;0;0;0;0;0;0;0;1901;379;305;1307;148;28;129;125;53;9;44;0;7;22;3;7;3;2;22
23;3;14523245;2591;1511;21;21;1490;1490;673;143;116;374;56;0;59;69;0;0;0;0;0;0;0;0;0;0;0;659;153;128;379;44;8;36;34;19;1;16;0;6;2;0;2;2;1;0
24;3;14523270;1774;1096;14;9;1082;1087;405;90;69;393;41;0;29;52;0;0;0;0;0;0;0;0;0;0;0;387;97;68;375;34;14;27;31;19;2;7;2;0;7;2;1;1;3;10
25;3;14523290;842;472;8;5;464;467;212;55;29;108;15;0;25;20;0;0;0;0;0;0;0;0;0;0;0;191;55;34;110;10;4;22;14;9;1;6;0;1;0;1;0;4;0;5
26;3;14523430;6546;4376;57;45;4319;4331;1775;455;297;1168;186;0;149;245;0;0;0;0;0;0;0;0;0;0;0;1610;432;351;1176;211;22;157;159;74;9;58;6;8;18;3;10;8;2;17
27;4;14523100;3393;2231;31;21;2200;2210;816;276;170;558;166;0;87;127;0;0;0;0;0;0;0;0;0;0;0;813;259;205;555;131;11;72;60;41;6;23;0;1;3;3;6;3;2;16
28;4;14523150;1677;951;16;11;935;940;419;72;55;242;44;0;54;49;0;0;0;0;0;0;0;0;0;0;0;391;69;74;238;34;1;50;16;29;3;11;1;3;4;4;4;0;1;7
29;4;14523170;5946;3769;57;42;3712;3727;1470;441;281;975;204;0;134;207;0;0;0;0;0;0;0;0;0;0;0;1440;403;315;966;158;11;135;108;57;12;48;1;16;14;1;12;4;5;21
30;4;14523190;1203;658;14;12;644;646;272;55;43;168;29;0;35;42;0;0;0;0;0;0;0;0;0;0;0;239;50;44;175;42;3;33;27;14;1;8;0;1;2;0;2;0;1;4
31;4;14523260;3306;2278;24;24;2254;2254;900;246;175;545;136;0;115;137;0;0;0;0;0;0;0;0;0;0;0;891;235;185;547;107;11;94;66;56;4;20;1;9;4;3;7;2;0;12
32;4;14523280;2476;1670;17;12;1653;1658;697;143;109;438;111;0;79;76;0;0;0;0;0;0;0;0;0;0;0;636;141;122;459;100;10;79;38;29;2;20;0;4;4;2;5;0;2;5
33;4;14523330;2097;1544;30;25;1514;1519;548;153;122;392;129;0;38;132;0;0;0;0;0;0;0;0;0;0;0;542;125;173;387;99;6;42;73;25;2;25;0;2;4;1;6;1;0;6
34;4;14523340;17315;10205;125;102;10080;10103;3569;1331;729;2757;587;0;531;576;0;0;0;0;0;0;0;0;0;0;0;3491;1233;833;2765;484;54;380;266;268;30;124;3;27;24;9;15;13;4;80
35;4;14523360;5413;3607;43;24;3564;3583;1374;419;273;952;200;0;144;202;0;0;0;0;0;0;0;0;0;0;0;1443;389;296;931;152;11;97;87;60;9;36;1;5;19;2;15;3;6;21
36;4;14523380;2324;1167;21;18;1146;1149;508;90;65;313;59;0;48;63;0;0;0;0;0;0;0;0;0;0;0;488;82;80;312;46;5;51;36;13;1;16;0;1;8;0;2;1;1;6
37;5;14524040;1615;923;16;16;907;907;412;60;52;278;32;0;34;39;0;0;0;0;0;0;0;0;0;0;0;370;59;52;284;30;7;42;18;12;4;13;1;2;7;0;3;1;0;2
38;5;14524090;3776;2777;47;22;2730;2755;1156;205;159;818;129;0;130;133;0;0;0;0;0;0;0;0;0;0;0;1203;177;157;807;102;13;100;74;42;4;34;3;2;7;0;14;2;3;11
39;5;14524100;1092;621;7;6;614;615;425;24;20;103;14;0;13;15;0;0;0;0;0;0;0;0;0;0;0;312;34;41;144;23;2;28;10;9;1;3;0;0;3;0;3;0;0;2
40;5;14524110;985;643;5;4;638;639;299;42;34;184;24;0;25;30;0;0;0;0;0;0;0;0;0;0;0;275;35;43;184;25;1;32;12;11;2;11;0;0;1;1;1;1;1;3
41;5;14524130;6868;4971;77;62;4894;4909;2013;449;274;1438;229;0;185;306;0;0;0;0;0;0;0;0;0;0;0;1757;439;307;1543;219;24;160;214;96;8;57;4;7;15;10;8;2;11;28
42;5;14524150;2054;1489;21;18;1468;1471;544;144;92;461;68;0;71;88;0;0;0;0;0;0;0;0;0;0;0;502;151;100;447;66;15;66;60;23;4;12;1;9;3;1;0;1;1;9
43;5;14524170;5391;3764;60;37;3704;3727;1354;417;273;1068;227;0;203;162;0;0;0;0;0;0;0;0;0;0;0;1481;354;248;1020;195;9;169;91;65;7;39;3;5;8;2;10;0;4;17
44;5;14524200;9355;6476;101;76;6375;6400;2436;606;413;1837;273;0;305;505;0;0;0;0;0;0;0;0;0;0;0;2483;545;464;1820;250;26;251;307;98;18;49;2;12;18;7;23;3;2;22
45;5;14524250;6252;4247;69;37;4178;4210;1606;456;319;1074;208;0;209;306;0;0;0;0;0;0;0;0;0;0;0;1723;405;299;1059;192;16;155;171;75;5;40;2;3;14;4;15;4;3;25
46;5;14524310;2962;2136;32;17;2104;2119;799;197;144;675;104;0;88;97;0;0;0;0;0;0;0;0;0;0;0;840;173;124;685;79;14;77;45;38;0;9;2;1;4;0;7;2;1;18
47;5;14524320;8253;4879;72;46;4807;4833;1817;553;339;1453;225;0;228;192;0;0;0;0;0;0;0;0;0;0;0;1815;510;327;1428;201;17;189;110;73;21;53;0;17;23;7;10;3;11;18
48;6;14524030;15523;9366;144;101;9222;9265;3804;1145;571;2696;551;0;455;0;0;0;0;0;0;0;0;0;0;0;0;3423;1015;667;2571;463;122;422;169;172;19;83;5;11;21;6;18;10;13;55
49;6;14524050;1109;694;9;6;685;688;306;55;56;185;41;0;42;0;0;0;0;0;0;0;0;0;0;0;0;276;48;57;181;32;3;37;24;11;1;9;0;2;1;0;1;0;0;5
50;6;14524060;4351;2905;56;37;2849;2868;1231;342;177;819;168;0;112;0;0;0;0;0;0;0;0;0;0;0;0;1163;277;187;784;135;19;100;88;34;5;21;0;14;6;5;3;4;3;20
51;6;14524140;3006;2163;35;33;2128;2130;963;221;117;611;125;0;91;0;0;0;0;0;0;0;0;0;0;0;0;875;168;137;601;97;6;101;59;36;8;24;1;2;2;0;2;3;1;7
52;6;14524210;3271;2284;39;21;2245;2263;1167;214;101;567;105;0;91;0;0;0;0;0;0;0;0;0;0;0;0;873;223;165;597;108;18;107;68;45;4;31;0;1;3;0;2;4;2;12
53;6;14524300;16744;10020;136;94;9884;9926;3571;1565;629;3014;694;0;411;0;0;0;0;0;0;0;0;0;0;0;0;3469;1156;716;2904;501;66;440;234;149;17;131;3;20;36;14;10;11;8;41
54;6;145243301;13363;7836;146;90;7690;7746;2522;1139;698;2458;574;0;299;0;0;0;0;0;0;0;0;0;0;0;0;2603;889;662;2242;434;39;262;140;174;15;101;6;51;27;17;16;20;7;41
55;7;145243302;59199;34792;460;351;34332;34441;11027;4868;1901;10316;2499;0;2118;1603;0;0;0;0;0;0;0;0;0;0;0;11538;3968;2631;9889;2143;117;1471;701;798;66;483;19;128;154;30;60;43;23;179
56;8;14524010;1857;1136;17;16;1119;1120;456;104;51;336;48;0;78;46;0;0;0;0;0;0;0;0;0;0;0;433;90;71;321;50;13;65;27;22;1;10;0;3;4;1;0;2;3;4
57;8;14524080;18675;11582;140;124;11442;11458;4394;1281;885;2925;619;0;671;667;0;0;0;0;0;0;0;0;0;0;0;4280;1201;904;2815;663;77;483;422;206;23;201;5;17;41;8;31;12;6;63
58;8;14524160;9643;6770;83;60;6687;6710;2296;864;547;1908;363;0;349;360;0;0;0;0;0;0;0;0;0;0;0;2271;758;614;1780;321;86;318;224;130;14;77;7;14;20;5;21;9;9;32
59;8;14524190;12147;7554;113;82;7441;7472;2386;663;470;2090;357;0;377;1098;0;0;0;0;0;0;0;0;0;0;0;2551;654;602;1943;355;175;372;396;147;19;140;7;20;14;7;15;9;8;38
60;8;14524240;842;544;3;3;541;541;218;64;37;134;29;0;27;32;0;0;0;0;0;0;0;0;0;0;0;213;55;39;129;32;2;27;19;11;1;5;0;1;0;1;1;1;1;3
61;8;14524260;1408;840;12;11;828;829;355;72;62;221;24;0;45;49;0;0;0;0;0;0;0;0;0;0;0;347;64;52;215;36;4;44;26;19;1;7;0;0;5;0;0;4;0;5
62;8;14524270;728;519;7;7;512;512;245;35;26;121;27;0;28;30;0;0;0;0;0;0;0;0;0;0;0;217;37;30;121;31;3;27;19;6;1;13;0;0;1;0;1;2;1;2
63;8;14524280;2639;1516;20;18;1496;1498;533;142;90;497;94;0;76;64;0;0;0;0;0;0;0;0;0;0;0;515;141;111;449;68;18;68;32;32;9;29;0;2;11;0;2;1;1;9
64;8;14524290;3369;2569;31;28;2538;2541;1076;259;134;646;155;0;87;181;0;0;0;0;0;0;0;0;0;0;0;1040;237;170;613;134;22;89;115;34;4;45;1;1;7;1;15;3;1;9
65;9;14524020;4084;2872;52;38;2820;2834;1166;356;185;803;179;0;131;0;0;0;0;0;0;0;0;0;0;0;0;1074;266;207;767;155;10;128;79;56;6;40;1;9;6;3;11;2;3;11
66;9;14524070;3401;2292;39;30;2253;2262;791;295;181;715;145;0;126;0;0;0;0;0;0;0;0;0;0;0;0;731;242;192;682;121;18;114;72;37;6;15;1;2;7;0;5;2;2;13
67;9;14524120;12314;7638;168;119;7470;7519;2697;1507;502;2011;431;0;322;0;0;0;0;0;0;0;0;0;0;0;0;2728;967;567;1965;436;37;335;142;120;21;105;7;12;24;4;8;10;1;30
68;9;14524180;19674;13078;203;99;12875;12979;5330;1390;1147;3578;805;0;625;0;0;0;0;0;0;0;0;0;0;0;0;4707;1082;934;3242;694;76;507;1138;201;22;180;4;40;26;10;35;15;15;51
69;9;14524220;1873;1140;23;17;1117;1123;515;105;84;321;51;0;41;0;0;0;0;0;0;0;0;0;0;0;0;463;89;79;292;36;12;28;75;16;0;9;0;7;4;1;2;2;3;5
70;9;14524230;4933;3345;41;34;3304;3311;1316;390;191;921;205;0;281;0;0;0;0;0;0;0;0;0;0;0;0;1240;332;230;888;172;37;214;67;58;7;28;0;4;1;6;4;8;1;14
71;10;145110001;64599;43530;420;333;43110;43197;14502;5749;3651;10079;4824;0;1714;1106;0;0;1257;0;0;0;0;0;0;0;0;14525;5432;3700;9567;4466;167;1793;917;756;133;980;27;83;135;34;104;109;43;226
72;11;145110002;64813;41493;488;354;41005;41139;12222;7791;2954;10880;3699;0;1423;1458;0;0;0;0;0;0;0;0;0;0;0;12546;5753;3445;10774;3473;182;1475;826;726;156;970;32;92;124;30;83;136;55;261
73;12;145110003;62934;42621;474;345;42147;42276;13394;6085;4384;11185;3281;0;1395;1612;0;0;0;0;0;0;0;0;0;0;0;14273;5192;3677;11314;3110;146;1557;867;599;111;708;24;86;113;41;113;97;29;219
74;13;14521010;3011;2282;38;28;2244;2254;905;226;156;619;118;0;109;111;0;0;0;0;0;0;0;0;0;0;0;890;185;187;616;109;7;102;70;29;3;25;2;3;6;1;5;1;5;8
75;13;14521040;2089;1431;26;21;1405;1410;517;133;96;472;59;0;65;63;0;0;0;0;0;0;0;0;0;0;0;516;122;100;451;43;15;62;44;20;0;8;1;2;8;1;3;1;5;8
76;13;14521120;5062;3560;50;40;3510;3520;1323;356;208;1114;167;0;194;148;0;0;0;0;0;0;0;0;0;0;0;1316;313;239;1080;136;28;147;88;51;3;43;0;19;16;4;10;3;1;23
77;13;14521230;1625;1115;19;15;1096;1100;386;136;70;359;42;0;55;48;0;0;0;0;0;0;0;0;0;0;0;383;125;67;342;47;6;59;23;20;2;13;0;2;1;1;3;2;1;3
78;13;14521290;3036;2016;34;26;1982;1990;818;212;140;592;81;0;51;88;0;0;0;0;0;0;0;0;0;0;0;776;185;142;571;74;18;60;71;44;3;16;3;0;5;0;2;2;1;17
79;13;14521310;4540;3376;32;22;3344;3354;1177;315;173;1142;147;0;137;253;0;0;0;0;0;0;0;0;0;0;0;1169;289;205;1048;133;80;137;156;43;1;31;4;7;16;2;5;4;4;20
80;13;14521380;6769;4467;80;71;4387;4396;1542;717;238;1311;203;0;136;240;0;0;0;0;0;0;0;0;0;0;0;1574;626;265;1225;176;22;143;175;72;7;46;5;6;10;3;6;7;3;25
81;13;14521410;5646;4139;45;35;4094;4104;1453;374;254;1313;202;0;156;342;0;0;0;0;0;0;0;0;0;0;0;1506;335;264;1265;190;33;130;233;50;6;37;0;9;6;2;11;3;7;17
82;13;14521420;1022;763;7;7;756;756;304;59;47;270;23;0;25;28;0;0;0;0;0;0;0;0;0;0;0;284;43;53;254;28;16;29;18;9;2;8;0;2;4;0;4;0;0;2
83;13;14521430;2195;1512;27;15;1485;1497;534;186;127;463;67;0;38;70;0;0;0;0;0;0;0;0;0;0;0;549;165;119;438;54;5;43;51;20;4;19;1;4;4;1;5;2;2;11
84;13;14521450;9346;5811;87;71;5724;5740;2082;711;405;1783;271;0;144;328;0;0;0;0;0;0;0;0;0;0;0;1916;610;481;1741;234;45;149;257;120;10;83;4;3;14;3;14;7;7;42
85;13;14521590;9399;6047;87;69;5960;5978;2239;712;370;1733;331;0;179;396;0;0;0;0;0;0;0;0;0;0;0;2238;638;375;1654;277;49;209;269;95;7;81;1;5;25;9;8;12;4;22
86;13;14521620;5197;3502;33;30;3469;3472;1251;387;253;1065;180;0;140;193;0;0;0;0;0;0;0;0;0;0;0;1213;338;266;1012;155;34;130;134;52;5;54;0;9;18;2;9;10;4;27
87;14;14521035;16991;10229;153;117;10076;10112;3360;1686;598;3278;295;0;315;544;0;0;0;0;0;0;0;0;0;0;0;3557;1175;692;2912;304;349;275;418;146;21;105;7;26;34;5;22;19;6;39
88;14;14521080;1877;1091;20;8;1071;1083;414;112;56;407;13;0;26;43;0;0;0;0;0;0;0;0;0;0;0;416;76;64;391;24;21;27;29;10;2;8;1;0;4;0;2;1;3;4
89;14;14521170;6192;3949;65;47;3884;3902;1569;333;374;1228;97;0;84;199;0;0;0;0;0;0;0;0;0;0;0;1541;274;336;1230;114;28;92;130;54;5;32;1;6;13;2;7;4;7;26
90;14;14521530;11660;7290;109;81;7181;7209;2459;1000;440;2181;231;0;339;531;0;0;0;0;0;0;0;0;0;0;0;2559;713;536;2042;235;138;224;413;126;12;88;5;9;32;2;16;8;5;46
91;14;14521540;3770;2451;59;47;2392;2404;982;251;207;706;72;0;100;74;0;0;0;0;0;0;0;0;0;0;0;926;182;224;701;82;22;109;63;31;8;13;1;2;9;1;8;5;2;15
92;14;14521600;2660;1958;23;20;1935;1938;972;144;103;537;38;0;79;62;0;0;0;0;0;0;0;0;0;0;0;831;121;147;544;51;18;104;55;19;1;10;0;7;6;2;5;2;2;13
93;14;14521700;4456;3349;51;27;3298;3322;1473;302;189;997;114;0;107;116;0;0;0;0;0;0;0;0;0;0;0;1446;224;210;955;111;45;107;98;47;6;20;0;3;24;1;7;1;3;14
94;15;14521110;4413;2877;47;31;2830;2846;888;238;368;987;88;0;108;153;0;0;0;0;0;0;0;0;0;0;0;966;223;232;971;66;31;115;123;28;9;32;1;5;14;4;10;0;4;12
95;15;14521180;2411;1672;45;32;1627;1640;509;152;112;619;64;0;61;110;0;0;0;0;0;0;0;0;0;0;0;501;137;109;603;57;15;57;70;30;5;24;0;4;8;2;4;1;3;10
96;15;14521260;4937;3211;51;40;3160;3171;1068;285;272;1082;90;0;114;249;0;0;0;0;0;0;0;0;0;0;0;1091;271;201;1032;104;53;108;179;46;4;36;0;2;15;4;4;5;4;12
97;15;14521320;3377;2096;45;29;2051;2067;572;283;246;782;39;0;68;61;0;0;0;0;0;0;0;0;0;0;0;592;272;192;781;39;19;77;37;27;2;9;1;2;3;0;1;2;0;11
98;15;14521355;7229;4923;61;57;4862;4866;1653;465;322;1685;134;0;230;373;0;0;0;0;0;0;0;0;0;0;0;1721;427;265;1643;138;79;160;259;51;2;45;4;9;23;2;9;6;6;17
99;15;14521370;6972;4544;92;65;4452;4479;1554;458;361;1519;201;0;166;193;0;0;0;0;0;0;0;0;0;0;0;1570;412;327;1456;167;79;133;133;78;11;45;2;8;13;2;13;3;9;18
100;15;14521500;4296;2904;54;44;2850;2860;800;279;276;1093;106;0;110;186;0;0;0;0;0;0;0;0;0;0;0;865;265;185;1071;86;39;102;119;47;5;26;0;7;8;4;4;2;4;21
101;15;14521550;14138;8956;149;126;8807;8830;2687;1088;796;3050;369;0;370;447;0;0;0;0;0;0;0;0;0;0;0;2820;984;566;2965;331;136;348;270;152;21;88;3;13;21;7;25;19;11;50
102;15;14521710;10068;6995;99;77;6896;6918;2700;656;497;2079;303;0;269;392;0;0;0;0;0;0;0;0;0;0;0;2660;581;463;2053;274;46;276;265;88;10;76;3;11;22;2;22;5;10;51
103;16;14521020;16554;10029;144;121;9885;9908;2972;1028;498;3334;399;0;313;1341;0;0;0;0;0;0;0;0;0;0;0;3078;984;646;3146;418;143;271;744;157;32;116;4;19;41;4;24;9;13;59
104;16;14521060;1916;1486;13;12;1473;1474;546;136;68;514;33;0;45;131;0;0;0;0;0;0;0;0;0;0;0;536;114;88;517;45;8;40;64;17;4;15;1;2;9;2;5;4;1;2
105;16;14521130;3340;2470;55;49;2415;2421;905;184;119;744;77;0;101;285;0;0;0;0;0;0;0;0;0;0;0;917;172;160;711;81;19;82;159;39;11;23;0;7;12;1;5;1;4;17
106;16;14521160;3931;2638;45;35;2593;2603;885;264;135;885;68;0;106;250;0;0;0;0;0;0;0;0;0;0;0;888;236;162;850;79;28;96;161;39;11;16;2;5;7;0;3;1;2;17
107;16;14521200;3476;2458;41;29;2417;2429;951;236;137;748;83;0;149;113;0;0;0;0;0;0;0;0;0;0;0;982;199;148;667;79;81;103;70;42;2;18;3;11;4;1;6;0;2;11
108;16;14521210;2937;2085;29;20;2056;2065;737;256;73;719;39;0;67;165;0;0;0;0;0;0;0;0;0;0;0;755;232;85;672;47;18;72;104;27;4;13;2;10;8;1;0;3;2;10
109;16;14521330;2237;1679;36;28;1643;1651;560;141;47;656;52;0;60;127;0;0;0;0;0;0;0;0;0;0;0;512;145;83;665;38;14;57;63;27;0;21;1;3;2;0;3;3;5;9
110;16;14521340;1782;1169;40;39;1129;1130;561;51;18;332;22;0;30;115;0;0;0;0;0;0;0;0;0;0;0;439;60;42;402;31;14;36;54;20;3;8;0;1;3;0;7;1;2;7
111;16;14521400;2820;2129;36;34;2093;2095;815;112;97;717;47;0;85;220;0;0;0;0;0;0;0;0;0;0;0;815;116;124;706;42;17;68;126;27;4;18;1;2;4;0;1;4;7;13
112;16;14521440;1758;1258;22;16;1236;1242;522;157;69;298;45;0;63;82;0;0;0;0;0;0;0;0;0;0;0;545;123;100;297;34;7;50;36;16;5;13;1;2;1;0;5;1;3;3
113;16;14521510;1744;1425;28;19;1397;1406;536;122;74;424;50;0;39;152;0;0;0;0;0;0;0;0;0;0;0;531;113;95;411;48;6;33;102;17;3;19;0;2;7;1;7;5;1;5
114;16;14521520;1951;1190;25;25;1165;1165;367;95;68;424;45;0;31;135;0;0;0;0;0;0;0;0;0;0;0;366;86;73;406;51;13;34;83;22;2;11;0;1;3;2;6;2;0;4
115;16;14521560;5291;3670;63;54;3607;3616;1399;245;178;1127;89;0;146;423;0;0;0;0;0;0;0;0;0;0;0;1419;204;250;1087;102;22;131;255;47;5;44;2;3;11;2;8;3;1;20
116;16;14521610;922;618;13;6;605;612;163;64;25;234;17;0;26;76;0;0;0;0;0;0;0;0;0;0;0;172;55;30;232;25;7;17;43;7;3;8;1;3;1;0;2;0;1;5
117;16;14521630;2669;1925;39;38;1886;1887;636;123;52;604;44;0;207;220;0;0;0;0;0;0;0;0;0;0;0;694;129;84;600;64;18;87;131;30;4;12;0;1;11;0;2;0;7;13
118;16;14521640;4276;2985;46;36;2939;2949;1150;237;147;981;89;0;155;180;0;0;0;0;0;0;0;0;0;0;0;1164;220;146;953;84;17;131;107;42;9;30;3;3;7;1;3;5;5;19
119;17;14521090;821;458;20;16;438;442;126;45;26;167;19;0;29;26;0;0;0;0;0;0;0;0;0;0;0;137;33;28;165;17;4;18;21;6;0;5;0;1;2;1;0;1;0;3
120;17;14521140;823;446;10;6;436;440;148;34;17;170;13;0;40;14;0;0;0;0;0;0;0;0;0;0;0;133;34;17;174;10;3;43;11;6;0;3;1;0;1;0;0;1;2;1
121;17;14521150;4225;2993;52;44;2941;2949;1075;245;191;926;159;0;206;139;0;0;0;0;0;0;0;0;0;0;0;1128;212;198;909;107;32;145;91;34;8;31;1;3;3;3;14;4;7;19
122;17;14521220;3135;2320;34;32;2286;2288;810;241;169;705;126;0;125;110;0;0;0;0;0;0;0;0;0;0;0;858;192;159;690;104;16;103;74;24;6;23;0;10;5;2;7;1;1;13
123;17;14521240;2354;1763;34;32;1729;1731;661;147;156;462;138;0;109;56;0;0;0;0;0;0;0;0;0;0;0;715;135;156;459;71;17;68;39;17;1;19;3;1;4;2;4;2;5;13
124;17;14521250;2790;2056;34;33;2022;2023;748;116;136;688;101;0;108;125;0;0;0;0;0;0;0;0;0;0;0;791;99;147;655;78;25;67;76;20;7;18;2;4;7;0;5;0;6;16
125;17;14521270;2800;2085;22;12;2063;2073;689;219;148;663;103;0;136;105;0;0;0;0;0;0;0;0;0;0;0;728;168;135;660;89;7;96;63;33;3;43;2;3;20;2;2;3;3;13
126;17;14521280;658;416;9;7;407;409;119;33;20;152;16;0;44;23;0;0;0;0;0;0;0;0;0;0;0;127;30;24;147;16;3;30;15;8;0;2;0;0;0;0;3;1;1;2
127;17;14521390;14067;9421;131;106;9290;9315;3066;945;550;3056;565;0;519;589;0;0;0;0;0;0;0;0;0;0;0;3260;849;619;3000;308;79;370;409;169;26;97;9;10;18;12;17;6;8;49
128;17;14521460;9460;6246;102;90;6144;6156;2325;597;356;1903;276;0;458;229;0;0;0;0;0;0;0;0;0;0;0;2247;544;461;1905;194;34;361;159;87;10;56;3;9;23;6;8;6;8;35
129;17;14521495;6253;4081;118;103;3963;3978;1424;405;246;1276;160;0;260;192;0;0;0;0;0;0;0;0;0;0;0;1473;350;270;1246;138;27;184;121;45;5;52;1;5;15;1;6;3;6;30
130;17;14521570;1831;1387;38;29;1349;1358;461;104;65;440;58;0;168;53;0;0;0;0;0;0;0;0;0;0;0;519;93;85;439;37;4;87;32;24;2;10;0;4;7;3;4;0;0;8
131;17;14521670;3239;2208;38;39;2170;2169;746;191;147;673;152;0;138;123;0;0;0;0;0;0;0;0;0;0;0;815;179;149;663;81;18;106;71;27;1;17;5;5;7;1;8;3;2;11
132;17;14521690;7690;4896;80;67;4816;4829;1454;724;437;1517;265;0;258;161;0;0;0;0;0;0;0;0;0;0;0;1603;609;388;1486;214;40;181;102;75;3;44;3;13;16;8;6;4;3;31
133;18;14522020;3826;2757;27;16;2730;2741;910;255;224;899;157;0;85;200;0;0;0;0;0;0;0;0;0;0;0;959;238;240;838;126;24;104;96;39;6;30;0;9;6;3;4;1;3;15
134;18;14522050;7862;4919;65;50;4854;4869;1600;540;369;1598;158;0;270;319;0;0;0;0;0;0;0;0;0;0;0;1703;497;368;1565;148;31;189;164;73;9;45;0;13;17;2;19;0;4;22
135;18;14522090;1267;818;12;10;806;808;275;25;32;378;19;0;33;44;0;0;0;0;0;0;0;0;0;0;0;276;23;27;367;23;4;28;31;8;2;7;0;4;6;0;0;0;1;1
136;18;14522110;3418;2286;42;31;2244;2255;802;123;158;744;80;0;117;220;0;0;0;0;0;0;0;0;0;0;0;832;119;194;721;70;26;83;141;18;1;18;1;1;4;2;10;2;1;11
137;18;14522140;8949;5947;67;56;5880;5891;1954;810;357;1882;302;0;207;368;0;0;0;0;0;0;0;0;0;0;0;2049;726;385;1755;265;30;210;224;79;7;61;1;15;15;7;6;10;11;35
138;18;14522200;2063;1578;24;20;1554;1558;564;117;81;545;38;0;86;123;0;0;0;0;0;0;0;0;0;0;0;619;111;85;527;28;7;54;83;12;1;8;1;4;3;1;0;2;1;11
139;18;14522320;2740;1894;31;25;1863;1869;769;136;117;580;72;0;63;126;0;0;0;0;0;0;0;0;0;0;0;792;114;117;549;73;10;66;68;28;6;20;2;1;4;0;4;3;3;9
140;18;14522390;2023;1467;20;18;1447;1449;566;102;83;493;35;0;67;101;0;0;0;0;0;0;0;0;0;0;0;597;84;79;480;39;4;70;63;12;0;9;0;2;5;2;0;1;0;2
141;18;14522400;2223;1479;32;28;1447;1451;502;110;92;519;44;0;65;115;0;0;0;0;0;0;0;0;0;0;0;538;103;95;493;38;9;50;79;16;2;13;0;0;0;2;1;0;2;10
142;18;14522420;4136;2981;31;27;2950;2954;1057;297;185;871;293;0;104;143;0;0;0;0;0;0;0;0;0;0;0;1120;275;234;836;193;16;104;64;41;8;24;0;5;5;1;5;9;3;11
143;18;14522440;6638;4746;60;43;4686;4703;1592;403;215;1639;166;0;177;494;0;0;0;0;0;0;0;0;0;0;0;1590;399;249;1627;180;16;159;275;52;10;51;2;7;18;3;14;3;8;40
144;18;14522470;1570;1235;32;22;1203;1213;449;69;43;433;38;0;88;83;0;0;0;0;0;0;0;0;0;0;0;510;64;34;416;30;10;65;46;15;1;3;1;2;3;0;5;0;1;7
145;18;14522520;1500;1136;19;10;1117;1126;429;77;55;374;39;0;75;68;0;0;0;0;0;0;0;0;0;0;0;466;67;55;371;27;6;48;46;13;1;7;0;0;5;2;2;2;3;5
146;19;14522035;4652;3450;34;30;3416;3420;1120;248;111;1182;114;0;81;560;0;0;0;0;0;0;0;0;0;0;0;1156;195;156;1217;131;23;109;312;40;10;29;3;1;10;3;7;1;1;16
147;19;14522170;2322;1691;34;23;1657;1668;609;134;64;653;54;0;56;87;0;0;0;0;0;0;0;0;0;0;0;567;114;82;610;55;9;79;87;21;4;10;1;4;7;0;2;1;1;14
148;19;14522180;31906;21019;202;165;20817;20854;6619;2982;1584;6098;1256;0;640;1638;0;0;0;0;0;0;0;0;0;0;0;6330;2143;1657;5849;1751;109;804;1095;275;63;372;23;30;59;11;95;63;19;106
149;19;14522210;4546;3317;33;30;3284;3287;928;267;174;1526;114;0;110;165;0;0;0;0;0;0;0;0;0;0;0;962;209;195;1400;138;16;129;111;32;8;32;2;2;14;1;9;3;5;19
150;19;14522240;4153;3103;76;82;3027;3021;951;360;142;1154;94;0;96;230;0;0;0;0;0;0;0;0;0;0;0;950;253;182;1100;129;6;131;142;39;4;32;5;2;7;2;8;8;2;19
151;19;14522340;2174;1760;22;15;1738;1745;612;157;108;605;56;0;53;147;0;0;0;0;0;0;0;0;0;0;0;606;127;116;589;51;9;58;102;19;3;20;1;7;10;4;8;0;2;13
152;19;14522430;2692;2106;28;19;2078;2087;715;176;103;770;72;0;73;169;0;0;0;0;0;0;0;0;0;0;0;681;136;113;736;106;13;92;107;36;6;21;4;1;11;0;8;1;3;12
153;19;14522480;2302;1666;30;26;1636;1640;537;186;64;626;62;0;69;92;0;0;0;0;0;0;0;0;0;0;0;523;136;76;589;76;4;79;62;27;6;23;0;2;16;3;5;3;3;7
154;19;14522590;2018;1220;18;18;1202;1202;386;105;56;497;33;0;38;87;0;0;0;0;0;0;0;0;0;0;0;379;82;65;458;30;7;42;61;27;3;13;0;13;8;2;3;1;2;6
155;20;14522010;1594;975;14;13;961;962;325;93;67;335;37;0;57;47;0;0;0;0;0;0;0;0;0;0;0;325;89;82;324;28;2;47;29;15;1;7;1;1;4;0;1;3;0;3
156;20;14522120;2687;1960;41;32;1919;1928;718;170;121;629;95;0;91;95;0;0;0;0;0;0;0;0;0;0;0;701;154;135;604;79;15;82;62;27;3;23;0;6;9;0;6;2;2;18
157;20;14522150;11817;7540;79;69;7461;7471;3162;613;363;2164;305;0;198;656;0;0;0;0;0;0;0;0;0;0;0;2726;626;483;2293;309;44;270;384;127;12;79;3;8;21;6;12;8;9;51
158;20;14522230;7010;4549;59;51;4490;4498;1561;381;479;1495;210;0;138;226;0;0;0;0;0;0;0;0;0;0;0;1589;349;398;1450;177;24;166;147;76;9;53;5;6;9;8;6;0;4;22
159;20;14522300;1766;1257;22;18;1235;1239;375;135;79;426;45;0;39;136;0;0;0;0;0;0;0;0;0;0;0;373;121;103;398;45;9;41;93;25;2;12;0;0;4;2;3;0;2;6
160;20;14522330;5926;4466;62;44;4404;4422;1599;407;239;1349;254;0;236;320;0;0;0;0;0;0;0;0;0;0;0;1609;363;308;1277;234;46;194;212;53;11;45;3;7;15;4;11;7;1;22
161;20;14522360;11969;7742;137;101;7605;7641;2736;947;470;2189;502;0;430;331;0;0;0;0;0;0;0;0;0;0;0;2766;816;540;2089;441;31;345;189;122;27;121;2;10;33;7;14;24;9;55
162;20;14522500;2865;2045;37;30;2008;2015;756;179;112;631;89;0;94;147;0;0;0;0;0;0;0;0;0;0;0;716;164;138;615;86;9;87;95;38;6;25;0;1;8;1;5;4;2;15
163;20;14522540;3785;2606;36;45;2570;2561;894;181;149;1002;89;0;89;166;0;0;0;0;0;0;0;0;0;0;0;844;172;175;963;72;18;94;109;42;2;19;1;10;11;1;12;1;2;13
164;21;14522080;19320;11645;167;142;11478;11503;3161;1189;1372;3736;297;0;478;1245;0;0;0;0;0;0;0;0;0;0;0;3853;1150;1058;3536;398;162;469;424;179;21;97;6;9;39;10;11;9;8;64
165;21;14522220;2292;1495;29;26;1466;1469;484;119;141;464;52;0;68;138;0;0;0;0;0;0;0;0;0;0;0;530;123;115;454;59;15;58;72;18;2;10;0;0;4;1;0;1;1;6
166;21;14522250;5934;3713;50;49;3663;3664;1234;369;337;1134;124;0;130;335;0;0;0;0;0;0;0;0;0;0;0;1336;339;302;1106;125;29;141;152;46;6;29;4;4;14;2;4;0;2;23
167;21;14522310;6870;4533;74;66;4459;4467;1413;503;451;1336;244;0;170;342;0;0;0;0;0;0;0;0;0;0;0;1551;484;396;1290;193;57;164;147;53;14;54;1;2;10;8;6;3;6;28
168;21;14522450;2933;1882;41;33;1841;1849;548;198;156;667;47;0;78;147;0;0;0;0;0;0;0;0;0;0;0;575;187;157;615;47;31;88;79;17;8;16;2;2;9;1;4;1;3;7
169;21;14522510;6034;3832;48;53;3784;3779;1136;446;507;1147;89;0;204;255;0;0;0;0;0;0;0;0;0;0;0;1287;370;401;1107;133;28;165;120;63;4;32;1;4;14;4;10;2;4;30
170;21;14522570;7284;4487;58;55;4429;4432;1312;586;419;1327;178;0;311;296;0;0;0;0;0;0;0;0;0;0;0;1429;514;358;1243;188;43;308;139;81;11;59;1;2;9;4;15;2;0;26
171;21;14522620;1100;760;12;10;748;750;219;50;62;283;18;0;33;83;0;0;0;0;0;0;0;0;0;0;0;251;38;55;273;22;8;25;53;9;3;5;0;0;3;0;2;1;0;2
172;22;14522060;8886;6282;73;62;6209;6220;2452;529;463;1727;320;0;158;560;0;0;0;0;0;0;0;0;0;0;0;2317;527;453;1703;309;25;211;423;85;10;87;1;6;14;10;8;5;6;20
173;22;14522070;2485;1879;61;37;1818;1842;776;112;136;504;63;0;69;158;0;0;0;0;0;0;0;0;0;0;0;748;104;167;505;66;7;70;103;32;4;12;0;5;3;2;1;2;1;10
174;22;14522190;3531;2209;24;24;2185;2185;710;395;144;591;83;0;79;183;0;0;0;0;0;0;0;0;0;0;0;746;274;199;577;79;15;77;130;25;4;17;2;9;9;3;4;1;2;12
175;22;14522260;3764;2574;31;27;2543;2547;1068;192;158;738;136;0;77;174;0;0;0;0;0;0;0;0;0;0;0;1018;179;193;730;119;8;99;94;44;1;24;0;5;5;1;6;2;2;17
176;22;14522280;1197;713;8;8;705;705;242;70;38;231;44;0;29;51;0;0;0;0;0;0;0;0;0;0;0;229;58;50;219;41;8;37;30;8;0;7;0;0;2;1;2;0;4;9
177;22;14522290;2128;1520;17;19;1503;1501;620;112;77;455;91;0;55;93;0;0;0;0;0;0;0;0;0;0;0;592;111;90;432;73;4;63;53;24;2;10;0;2;28;0;4;4;0;9
178;22;14522350;3516;2306;40;26;2266;2280;778;168;121;795;89;0;73;242;0;0;0;0;0;0;0;0;0;0;0;800;164;162;766;74;40;79;123;20;3;17;1;6;4;1;5;1;2;12
179;22;14522380;1747;972;7;7;965;965;241;65;260;301;17;0;27;54;0;0;0;0;0;0;0;0;0;0;0;324;77;114;307;26;3;38;26;11;1;17;1;3;5;1;1;2;0;8
180;22;14522460;7444;4854;71;44;4783;4810;1722;481;350;1426;237;0;159;408;0;0;0;0;0;0;0;0;0;0;0;1797;467;379;1417;183;23;151;209;70;6;46;2;4;10;1;3;5;7;30
181;22;14522490;4886;3528;46;28;3482;3500;1131;536;204;930;283;0;157;241;0;0;0;0;0;0;0;0;0;0;0;1149;493;262;890;222;13;161;127;60;14;43;2;6;6;10;11;4;3;24
182;22;14522530;1454;822;11;14;811;808;279;88;30;285;55;0;28;46;0;0;0;0;0;0;0;0;0;0;0;284;84;45;267;37;8;28;29;9;0;5;0;1;3;0;2;1;1;4
183;22;14522550;1962;997;16;13;981;984;418;57;63;314;33;0;18;78;0;0;0;0;0;0;0;0;0;0;0;345;73;83;318;39;12;24;55;15;1;9;0;1;1;1;1;1;1;4
184;22;14522580;1524;1122;16;15;1106;1107;424;90;64;324;77;0;61;66;0;0;0;0;0;0;0;0;0;0;0;431;83;75;324;69;4;40;38;14;5;9;0;0;6;3;1;0;0;5
185;22;14522600;611;339;7;8;332;331;105;45;16;114;13;0;19;20;0;0;0;0;0;0;0;0;0;0;0;93;37;20;112;11;3;27;16;4;0;2;0;0;0;2;0;0;0;4
186;23;14729050;15882;8924;124;105;8800;8819;2666;1184;1181;2758;347;0;256;408;0;0;0;0;0;0;0;0;0;0;0;2909;1032;950;2723;318;29;249;234;137;17;68;1;9;43;3;11;8;15;63
187;23;14729140;10546;7000;87;75;6913;6925;2984;604;498;1913;256;0;249;409;0;0;0;0;0;0;0;0;0;0;0;2795;555;553;1942;260;26;244;242;84;15;60;2;13;57;10;11;5;6;45
188;23;14729150;5797;3666;52;37;3614;3629;1312;427;333;992;182;0;153;215;0;0;0;0;0;0;0;0;0;0;0;1349;369;355;933;186;29;122;107;38;5;30;5;4;43;3;9;6;5;31
189;23;14729220;4158;2461;33;30;2428;2431;742;285;236;772;82;0;74;237;0;0;0;0;0;0;0;0;0;0;0;776;252;226;772;74;20;63;156;42;6;14;1;4;3;0;3;2;2;15
190;23;14729320;5798;3646;79;60;3567;3586;1217;375;367;1129;173;0;118;188;0;0;0;0;0;0;0;0;0;0;0;1217;330;376;1065;143;34;121;130;69;6;41;2;1;5;3;8;6;3;26
191;23;14729360;3282;1859;26;28;1833;1831;571;185;193;620;60;0;72;132;0;0;0;0;0;0;0;0;0;0;0;592;175;166;582;50;18;76;97;28;9;10;1;6;9;3;0;0;0;9
192;23;14729370;4942;3144;54;44;3090;3100;1050;384;319;787;222;0;140;188;0;0;0;0;0;0;0;0;0;0;0;1052;322;323;769;187;6;144;118;75;8;38;0;5;13;3;3;5;3;26
193;24;14729040;5462;3176;37;35;3139;3141;783;340;633;919;170;0;139;155;0;0;0;0;0;0;0;0;0;0;0;928;351;375;897;186;14;128;82;60;10;49;5;5;10;4;6;3;10;18
194;24;14729100;1053;588;12;9;576;579;222;41;66;178;23;0;18;28;0;0;0;0;0;0;0;0;0;0;0;234;33;46;172;32;1;19;17;11;1;8;0;1;1;1;0;0;1;1
195;24;14729170;6309;3995;52;46;3943;3949;1445;322;605;976;210;0;191;194;0;0;0;0;0;0;0;0;0;0;0;1568;318;409;961;228;15;166;139;44;8;31;1;8;10;4;8;3;6;22
196;24;14729260;20048;14038;129;115;13909;13923;4797;1306;2678;2577;1310;0;792;449;0;0;0;0;0;0;0;0;0;0;0;4960;1266;1750;2589;1625;16;728;332;202;37;184;8;18;46;7;66;20;13;56
197;24;14729270;13053;8574;100;91;8474;8483;2737;733;1256;2269;701;0;325;453;0;0;0;0;0;0;0;0;0;0;0;3044;687;815;2209;629;33;374;297;150;18;108;6;13;23;7;10;8;11;41
198;24;14729350;5344;3503;43;29;3460;3474;1124;297;547;921;175;0;140;256;0;0;0;0;0;0;0;0;0;0;0;1244;294;318;929;195;15;153;138;63;11;46;3;3;13;6;2;7;8;26
199;24;14729430;7522;5029;59;46;4970;4983;1578;400;581;1126;244;0;204;837;0;0;0;0;0;0;0;0;0;0;0;1749;392;416;1209;304;22;186;464;79;10;63;2;1;17;3;10;10;6;40
200;25;14729010;6726;4552;48;36;4504;4516;1468;434;317;1283;223;0;120;602;0;0;0;0;0;57;0;0;0;0;0;1627;332;352;1263;221;16;153;371;48;8;39;0;5;38;3;15;2;4;19
201;25;14729020;2726;1555;19;14;1536;1541;543;163;86;431;95;0;46;161;0;0;0;0;0;11;0;0;0;0;0;571;117;101;414;75;4;58;103;35;3;13;3;2;13;1;9;8;3;8
202;25;14729080;7076;4514;66;77;4448;4437;939;360;156;1224;104;0;97;1531;0;0;0;0;0;37;0;0;0;0;0;1432;318;277;1359;140;29;138;561;55;8;36;5;3;35;9;3;6;4;19
203;25;14729160;23234;14599;232;186;14367;14413;4051;1653;1007;4535;627;0;456;1743;0;0;0;0;0;295;0;0;0;0;0;4554;1235;1155;4495;660;88;439;1028;210;41;140;6;21;193;11;23;21;21;72
204;25;14729190;4410;3357;33;32;3324;3325;1110;374;303;879;319;0;163;160;0;0;0;0;0;16;0;0;0;0;0;1104;310;357;828;283;6;191;91;54;15;29;0;12;15;1;3;6;4;16
205;25;14729300;7186;5757;66;64;5691;5693;1949;663;377;1567;482;0;259;327;0;0;0;0;0;67;0;0;0;0;0;1984;546;440;1524;431;15;294;192;89;16;59;0;2;43;1;10;4;5;38
206;25;14729330;1120;678;13;13;665;665;207;68;40;229;31;0;20;63;0;0;0;0;0;7;0;0;0;0;0;204;60;50;224;28;16;33;16;13;3;6;1;1;3;0;2;2;1;2
207;25;14729340;2931;1761;34;30;1727;1731;571;159;91;561;84;0;90;153;0;0;0;0;0;18;0;0;0;0;0;600;133;102;555;87;13;66;94;26;3;21;2;1;12;3;2;0;3;8
208;26;14729030;4177;2876;32;25;2844;2851;979;402;165;801;155;0;80;262;0;0;0;0;0;0;0;0;0;0;0;1045;273;207;808;171;19;98;97;49;7;19;1;10;14;3;9;4;2;15
209;26;14729060;6792;4696;58;44;4638;4652;1614;471;650;1087;265;0;218;333;0;0;0;0;0;0;0;0;0;0;0;1809;383;442;1092;361;11;195;155;77;12;48;3;9;14;1;10;4;5;21
210;26;14729070;7862;5325;69;52;5256;5273;1298;555;418;1508;343;0;159;975;0;0;0;0;0;0;0;0;0;0;0;1635;473;447;1524;366;35;200;304;115;11;60;7;6;34;5;12;6;5;28
211;26;14729245;5073;3402;44;40;3358;3362;1179;354;210;1041;119;0;97;358;0;0;0;0;0;0;0;0;0;0;0;1164;268;232;1038;131;22;122;240;42;5;22;2;17;17;4;3;1;3;29
212;26;14729250;5443;3747;36;25;3711;3722;1192;401;270;865;256;0;128;599;0;0;0;0;0;0;0;0;0;0;0;1357;338;309;870;291;27;151;184;71;11;41;2;6;15;4;15;4;1;25
213;26;14729380;2939;2066;40;35;2026;2031;719;192;116;683;70;0;61;185;0;0;0;0;0;0;0;0;0;0;0;724;128;132;684;76;18;80;107;31;4;17;2;3;5;1;2;1;1;15
214;26;14729400;3174;2107;32;25;2075;2082;655;242;174;671;78;0;66;189;0;0;0;0;0;0;0;0;0;0;0;734;178;160;665;73;28;61;92;30;6;17;0;0;20;2;0;2;2;12
215;26;14729410;13460;7986;111;102;7875;7884;2604;993;544;2569;286;0;198;681;0;0;0;0;0;0;0;0;0;0;0;2671;691;652;2500;326;62;221;358;143;16;59;3;48;27;13;12;10;11;61
216;27;147130001;64594;40566;453;370;40113;40196;12481;5348;3877;8760;5995;0;1768;1884;0;0;0;0;0;0;0;0;0;0;0;11835;4997;3864;8537;5289;140;1687;1082;766;161;982;23;76;116;58;169;114;50;250
217;28;147130002;64003;46204;414;310;45790;45894;9660;12551;4395;6047;8655;0;1354;1224;0;0;1904;0;0;0;0;0;0;0;0;10496;9179;4842;5959;9884;67;1480;830;684;175;1547;22;37;98;49;146;181;40;178
218;29;147130003;65204;38424;580;375;37844;38049;10720;7840;3001;9945;3160;0;1517;1400;0;0;0;261;0;0;0;0;0;0;0;11026;5737;3606;9502;3340;169;1303;1003;783;137;666;59;62;149;61;80;93;43;230
219;30;147130004;65387;44467;423;310;44044;44157;8813;10741;3072;6298;11847;0;1650;1429;0;0;0;0;0;194;0;0;0;0;0;9464;7796;4138;6145;10603;183;1592;831;829;241;1577;53;36;133;42;153;127;35;179
220;31;147130005;63414;44675;289;202;44386;44473;9160;8162;4748;4557;12892;0;2029;1183;0;0;1655;0;0;0;0;0;0;0;0;10052;7273;4821;4525;11880;56;2163;742;653;184;1331;23;31;70;42;230;206;32;159
221;32;147130006;67487;42977;471;363;42506;42614;11506;7080;5026;8354;6217;0;2190;1948;0;0;0;185;0;0;0;0;0;0;0;11852;5056;4349;8093;6907;134;2004;1220;869;187;1153;57;59;124;35;126;130;28;231
222;33;147130007;60689;35960;366;306;35594;35654;9363;7667;3083;7886;4483;0;1082;831;0;0;941;99;0;0;0;0;0;0;0;9264;6165;3107;7678;4891;134;1214;735;680;155;968;46;50;105;53;108;101;30;170
223;34;14730070;20718;11448;152;117;11296;11331;3958;1620;1001;2922;660;0;350;785;0;0;0;0;0;0;0;0;0;0;0;3914;1256;1079;2803;611;42;415;688;200;36;90;7;10;60;13;8;13;8;78
224;34;14730150;3231;2718;69;46;2649;2672;1166;222;175;740;139;0;118;89;0;0;0;0;0;0;0;0;0;0;0;1142;166;190;704;120;16;144;64;49;5;26;0;6;5;1;0;6;4;24
225;34;14730180;1706;1122;15;15;1107;1107;482;125;95;311;28;0;27;39;0;0;0;0;0;0;0;0;0;0;0;466;105;85;299;25;6;33;32;16;3;9;0;8;4;1;0;2;2;11
226;34;14730250;3962;2523;25;20;2498;2503;902;302;186;769;153;0;80;106;0;0;0;0;0;0;0;0;0;0;0;868;222;208;740;165;8;91;85;42;5;30;2;4;6;3;5;4;1;14
227;34;14730270;14402;8269;102;88;8167;8181;2625;913;600;2542;558;0;404;525;0;0;0;0;0;0;0;0;0;0;0;2631;749;652;2368;519;54;385;414;129;22;116;2;16;29;10;18;17;10;40
228;34;14730280;2080;1168;26;27;1142;1141;394;116;80;401;43;0;53;55;0;0;0;0;0;0;0;0;0;0;0;369;88;96;375;54;4;49;39;23;4;12;1;7;2;3;2;3;4;6
229;34;14730340;4260;2466;31;25;2435;2441;852;311;190;762;100;0;103;117;0;0;0;0;0;0;0;0;0;0;0;864;240;198;726;104;8;88;89;56;8;17;1;3;16;1;2;4;4;12
230;35;14730020;6469;3788;46;39;3742;3749;1429;503;262;1015;183;0;103;247;0;0;0;0;0;0;0;0;0;0;0;1366;451;332;988;198;24;113;138;52;13;27;0;3;9;4;2;5;2;22
231;35;14730080;3409;2436;44;34;2392;2402;779;217;184;820;99;0;120;173;0;0;0;0;0;0;0;0;0;0;0;770;199;193;801;105;14;127;88;24;4;18;5;1;11;2;8;4;2;26
232;35;14730090;2113;1370;18;19;1352;1351;426;135;81;433;47;0;165;65;0;0;0;0;0;0;0;0;0;0;0;438;121;93;441;54;9;82;60;16;5;3;0;0;8;3;1;2;5;10
233;35;14730110;12729;7179;108;102;7071;7077;2146;751;718;2278;342;0;215;621;0;0;0;0;0;0;0;0;0;0;0;2233;739;613;2192;349;103;209;322;102;13;74;4;13;31;9;8;8;3;52
234;35;14730120;1173;658;8;5;650;653;157;50;36;190;25;0;168;24;0;0;0;0;0;0;0;0;0;0;0;186;51;43;201;36;6;89;20;3;0;3;0;1;4;0;1;2;2;5
235;35;14730140;2528;1802;28;24;1774;1778;628;186;137;494;109;0;67;153;0;0;0;0;0;0;0;0;0;0;0;611;165;136;494;114;14;75;80;32;1;22;2;5;17;0;1;1;3;5
236;35;14730160;3122;2056;28;21;2028;2035;755;142;126;747;61;0;86;111;0;0;0;0;0;0;0;0;0;0;0;742;131;128;715;69;31;88;47;27;7;10;0;10;9;1;1;3;2;14
237;35;14730190;4038;2697;49;31;2648;2666;819;196;177;1064;71;0;107;214;0;0;0;0;0;0;0;0;0;0;0;835;171;184;1040;77;19;88;141;32;5;19;1;15;11;1;2;5;2;18
238;35;14730300;12825;8208;79;74;8129;8134;3019;767;685;2071;740;0;460;387;0;0;0;0;0;0;0;0;0;0;0;2790;649;761;2049;724;44;476;244;150;26;85;5;11;33;5;24;12;4;42
239;35;14730320;1061;617;9;8;608;609;226;58;38;191;21;0;27;47;0;0;0;0;0;0;0;0;0;0;0;214;56;44;195;27;3;25;26;5;2;1;0;0;3;2;0;0;2;4
240;35;14730360;2308;1450;23;16;1427;1434;517;107;105;447;96;0;55;100;0;0;0;0;0;0;0;0;0;0;0;490;110;101;455;93;6;60;53;22;3;20;0;1;8;1;0;1;3;7
241;36;14730010;1588;785;25;18;760;767;234;90;40;283;20;0;36;57;0;0;0;0;0;0;0;0;0;0;0;266;71;45;270;19;9;36;21;10;5;4;0;0;5;0;2;1;0;3
242;36;14730030;3405;2204;37;25;2167;2179;691;274;140;777;55;0;81;149;0;0;0;0;0;0;0;0;0;0;0;755;220;137;750;53;12;80;83;27;8;20;1;3;3;4;4;1;2;16
243;36;14730045;6445;3947;54;46;3893;3901;1230;343;270;1440;158;0;126;326;0;0;0;0;0;0;0;0;0;0;0;1261;270;299;1398;145;29;133;198;45;6;37;1;6;22;4;6;2;4;35
244;36;14730050;1807;1324;17;11;1307;1313;454;109;105;469;37;0;49;84;0;0;0;0;0;0;0;0;0;0;0;490;93;82;450;37;15;55;40;18;4;6;0;0;6;3;4;2;0;8
245;36;14730060;3571;2257;40;34;2217;2223;773;212;236;648;112;0;87;149;0;0;0;0;0;0;0;0;0;0;0;800;220;182;627;93;21;96;92;35;7;11;0;1;18;1;2;0;3;14
246;36;14730100;1746;1101;16;11;1085;1090;368;83;65;399;36;0;58;76;0;0;0;0;0;0;0;0;0;0;0;370;65;66;374;41;17;68;42;13;6;9;0;1;8;0;1;1;1;7
247;36;14730170;2466;1764;23;18;1741;1746;652;114;145;611;56;0;67;96;0;0;0;0;0;0;0;0;0;0;0;682;125;98;575;39;39;69;57;16;1;14;0;2;14;2;2;1;4;6
248;36;14730200;4965;3080;47;55;3033;3025;760;220;807;919;94;0;68;165;0;0;0;0;0;0;0;0;0;0;0;1044;242;344;948;105;28;85;105;37;7;14;2;4;21;1;9;2;8;19
249;36;14730210;1900;1379;20;13;1359;1366;439;112;164;422;62;0;38;122;0;0;0;0;0;0;0;0;0;0;0;459;116;96;410;52;23;60;84;15;3;13;0;3;7;1;3;1;2;18
250;36;14730230;11970;6974;107;90;6867;6884;2137;776;763;2211;367;0;183;430;0;0;0;0;0;0;0;0;0;0;0;2299;759;522;2146;319;88;207;279;97;8;78;3;2;19;5;8;3;9;33
251;36;14730310;15808;9065;149;119;8916;8946;2789;1237;693;2925;373;0;300;599;0;0;0;0;0;0;0;0;0;0;0;2848;923;745;2850;362;74;324;371;162;27;105;11;21;17;12;19;9;8;58
252;36;14730330;4350;2981;51;46;2930;2935;937;242;395;962;168;0;71;155;0;0;0;0;0;0;0;0;0;0;0;986;257;270;957;150;28;87;88;42;6;19;1;0;13;0;5;4;2;20
253;37;14627020;2735;1991;34;22;1957;1969;570;169;95;825;104;0;106;88;0;0;0;0;0;0;0;0;0;0;0;557;147;114;798;86;11;97;60;35;5;17;2;3;16;1;7;3;2;8
254;37;14627070;1639;907;12;13;895;894;258;104;39;371;41;0;39;43;0;0;0;0;0;0;0;0;0;0;0;257;70;58;347;29;11;44;28;14;1;13;0;2;3;1;2;3;0;11
255;37;14627080;2223;1547;25;16;1522;1531;446;132;92;576;115;0;88;73;0;0;0;0;0;0;0;0;0;0;0;442;113;94;543;102;18;85;52;25;7;23;0;4;2;2;4;3;1;11
256;37;14627130;4137;2728;107;89;2621;2639;951;247;149;842;101;0;189;142;0;0;0;0;0;0;0;0;0;0;0;922;210;167;784;97;27;192;106;38;6;25;0;14;12;3;16;4;5;11
257;37;14627230;25424;14831;241;202;14590;14629;4126;2242;737;5206;621;0;871;787;0;0;0;0;0;0;0;0;0;0;0;4417;1520;986;4930;626;310;668;493;228;43;142;5;31;28;15;29;23;18;117
258;37;14627260;2560;1473;36;29;1437;1444;427;149;56;557;59;0;90;99;0;0;0;0;0;0;0;0;0;0;0;453;112;64;541;45;10;86;69;18;3;17;1;5;1;0;4;0;1;14
259;37;14627270;3115;2581;41;26;2540;2555;839;289;147;778;92;0;154;241;0;0;0;0;0;0;0;0;0;0;0;877;181;193;702;110;79;103;176;52;9;23;2;4;19;2;1;1;6;15
260;37;14627360;4655;3051;43;47;3008;3004;752;328;126;1190;88;0;145;379;0;0;0;0;0;0;0;0;0;0;0;818;274;167;1188;87;44;135;156;46;2;30;1;9;12;1;5;1;2;26
261;38;14627030;3617;2763;38;39;2725;2724;935;130;146;1156;109;0;89;160;0;0;0;0;0;0;0;0;0;0;0;878;115;130;1112;111;19;141;86;41;7;29;0;1;24;0;5;3;1;21
262;38;14627040;1743;1166;15;15;1151;1151;348;107;86;476;43;0;32;59;0;0;0;0;0;0;0;0;0;0;0;334;93;70;454;39;11;56;30;19;3;12;0;4;6;1;2;2;2;13
263;38;14627050;5833;3373;60;51;3313;3322;1053;359;221;1300;110;0;99;171;0;0;0;0;0;0;0;0;0;0;0;1030;318;231;1253;104;34;97;100;49;14;34;7;3;8;2;5;3;2;28
264;38;14627060;15216;9756;179;149;9577;9607;2890;873;608;3838;426;0;380;562;0;0;0;0;0;0;0;0;0;0;0;2824;817;591;3593;424;85;430;348;159;29;109;10;15;40;9;18;12;15;79
265;38;14627110;2101;1399;51;36;1348;1363;420;77;39;683;40;0;43;46;0;0;0;0;0;0;0;0;0;0;0;407;75;44;659;34;17;51;29;19;2;8;1;1;6;0;0;1;1;8
266;38;14627190;4708;3350;56;51;3294;3299;997;356;338;1184;129;0;123;167;0;0;0;0;0;0;0;0;0;0;0;1028;328;280;1099;106;39;149;101;57;5;40;5;6;12;4;3;3;3;31
267;38;14627200;2537;1916;39;35;1877;1881;727;139;92;702;49;0;67;101;0;0;0;0;0;0;0;0;0;0;0;654;130;87;677;78;13;89;53;27;7;20;2;8;6;2;4;1;4;19
268;38;14627220;6062;4353;49;40;4304;4313;1514;384;255;1509;258;0;161;223;0;0;0;0;0;0;0;0;0;0;0;1401;301;301;1452;210;28;257;142;64;16;42;4;10;24;1;12;6;7;35
269;38;14627240;2241;1732;24;19;1708;1713;552;156;107;723;49;0;58;63;0;0;0;0;0;0;0;0;0;0;0;545;130;115;691;47;21;60;43;24;1;11;0;2;4;0;0;1;1;17
270;38;14627250;1472;1697;29;16;1668;1681;561;90;94;733;51;0;60;79;0;0;0;0;0;0;0;0;0;0;0;539;89;86;695;60;19;74;55;11;4;13;5;9;6;1;5;2;6;2
271;38;14627290;2949;1879;29;25;1850;1854;563;120;88;864;65;0;47;103;0;0;0;0;0;0;0;0;0;0;0;519;112;92;828;69;17;85;72;24;2;13;1;1;3;1;1;1;2;11
272;38;14627340;1344;764;15;7;749;757;261;57;43;295;33;0;33;27;0;0;0;0;0;0;0;0;0;0;0;259;50;41;286;27;8;41;18;8;1;3;2;1;3;1;0;1;0;7
273;39;14627100;8271;6305;106;100;6199;6205;2093;413;446;2072;323;0;231;621;0;0;0;0;0;0;0;0;0;0;0;1937;414;322;2085;449;37;302;374;104;18;70;2;15;16;4;17;5;8;26
274;39;14627140;22736;13470;126;111;13344;13359;3590;1297;1747;4398;578;0;1327;407;0;0;0;0;0;0;0;0;0;0;0;3926;1225;1073;4371;853;93;749;313;216;56;215;7;57;37;17;49;15;20;67
275;39;14627170;3248;2395;45;27;2350;2368;734;172;156;962;89;0;106;131;0;0;0;0;0;0;0;0;0;0;0;652;169;162;942;95;11;98;85;53;9;30;2;10;11;2;12;2;9;14
276;39;14627180;8673;5668;74;66;5594;5602;1964;448;474;1958;256;0;225;269;0;0;0;0;0;0;0;0;0;0;0;1889;423;354;1886;290;39;252;183;97;22;55;1;10;25;2;33;4;9;28
277;39;14627310;8606;6294;69;54;6225;6240;2151;458;573;2153;330;0;296;264;0;0;0;0;0;0;0;0;0;0;0;2068;414;459;2037;369;28;338;178;86;17;70;3;36;28;3;40;11;20;35
278;40;14627010;17273;11542;143;130;11399;11412;3172;843;1685;3738;681;0;326;895;0;0;0;59;0;0;0;0;0;0;0;3418;995;914;3719;734;79;557;390;174;38;130;9;48;45;13;53;17;11;68
279;40;14627150;6717;5223;51;48;5172;5175;1362;273;1176;1618;310;0;212;200;0;0;0;21;0;0;0;0;0;0;0;1558;354;537;1568;396;23;335;156;71;13;56;7;16;35;2;13;3;3;29
280;40;14627210;27220;20465;196;161;20269;20304;6307;1329;3558;4775;2411;0;903;879;0;0;0;107;0;0;0;0;0;0;0;6747;1514;1730;4693;2584;63;1340;635;271;53;277;26;46;79;17;76;36;22;95
281;41;146120001;56933;44442;425;249;44017;44193;12623;5539;3439;8293;9957;0;2776;0;0;0;1390;0;0;0;0;0;0;0;0;11050;4959;3460;7835;9427;121;4091;899;442;239;992;24;48;107;39;156;142;36;126
282;42;146120002;63508;45223;655;394;44568;44829;14448;4830;3414;12395;6123;0;3358;0;0;0;0;0;0;0;0;0;0;0;0;13588;4065;3613;11426;5285;229;2939;1567;571;149;624;30;83;137;39;154;91;31;208
283;43;146120003;61930;46346;506;304;45840;46042;13873;6030;5299;10483;6354;0;2466;0;0;0;1335;0;0;0;0;0;0;0;0;13086;4807;4113;9627;7159;144;3179;1360;511;217;920;39;45;140;39;210;218;48;180
284;44;146120004;60522;45068;549;315;44519;44753;13650;5699;4439;9616;8138;0;2475;0;0;0;0;502;0;0;0;0;0;0;0;13126;4574;4168;8823;7436;104;2761;1348;504;185;810;78;51;112;31;237;165;47;193
285;45;146120005;62196;44579;480;311;44099;44268;10353;8246;3204;7838;10612;0;2069;0;0;0;1537;240;0;0;0;0;0;0;0;10896;6749;4007;7235;9159;120;2201;973;509;315;1208;63;39;87;50;239;207;36;175
286;46;146120006;57807;39482;496;264;38986;39218;12088;4890;3565;10490;5522;0;2431;0;0;0;0;0;0;0;0;0;0;0;0;10345;3987;3038;9793;5696;160;2258;1409;529;253;870;28;80;123;39;172;191;51;196
287;47;146120007;63578;42765;442;266;42323;42499;10719;6166;3304;9176;8143;0;2400;0;0;0;2119;296;0;0;0;0;0;0;0;9941;5585;3571;8644;7418;170;2410;1366;692;321;1351;91;66;133;33;217;190;62;238
288;48;14628090;863;558;5;3;553;555;271;46;20;159;13;0;10;32;0;0;0;0;0;0;0;0;0;0;0;214;38;35;178;26;1;23;15;12;3;5;0;0;0;0;1;0;1;3
289;48;14628110;32111;20700;232;199;20468;20501;7932;1648;971;6148;1138;0;954;1628;0;0;0;0;0;0;0;0;0;0;0;6771;1503;1319;6555;1209;109;968;1090;314;61;221;20;40;72;16;47;38;25;123
290;48;14628400;4336;3422;39;24;3383;3398;1292;293;161;950;274;0;152;254;0;0;0;0;0;0;0;0;0;0;0;1064;251;233;998;326;13;147;170;54;6;52;1;10;16;4;17;13;3;20
291;48;14628410;11462;8445;93;76;8352;8369;3212;690;303;2644;354;0;371;755;0;0;0;0;0;0;0;0;0;0;0;2778;515;461;2858;440;31;482;443;108;26;78;6;11;35;4;31;13;2;47
292;49;14628010;6469;4854;60;52;4794;4802;1300;313;151;1654;161;0;167;1048;0;0;0;0;0;0;0;0;0;0;0;1487;343;212;1693;168;39;200;413;71;6;40;3;12;54;2;5;8;9;37
293;49;14628050;8964;6846;74;58;6772;6788;2280;511;362;2148;514;0;346;611;0;0;0;0;0;0;0;0;0;0;0;2158;478;425;2075;550;24;444;339;74;16;78;4;14;28;4;23;13;7;34
294;49;14628060;11804;8021;94;78;7927;7943;2831;601;323;2587;344;0;262;979;0;0;0;0;0;0;0;0;0;0;0;2678;644;465;2567;392;44;359;464;89;21;78;6;13;42;3;15;6;10;47
295;49;14628130;5536;4118;68;71;4050;4047;1316;247;177;1469;225;0;161;455;0;0;0;0;0;0;0;0;0;0;0;1316;237;207;1415;210;37;190;213;74;14;35;4;12;35;1;8;8;8;23
296;49;14628150;867;577;12;8;565;569;206;20;22;232;25;0;17;43;0;0;0;0;0;0;0;0;0;0;0;201;16;26;221;17;10;24;24;8;1;4;0;3;5;1;3;1;0;4
297;49;14628170;646;410;6;8;404;402;208;16;11;114;6;0;12;37;0;0;0;0;0;0;0;0;0;0;0;173;22;17;119;18;1;16;24;1;0;3;0;2;4;0;0;0;0;2
298;49;14628205;5384;4044;49;37;3995;4007;1455;298;178;1391;169;0;142;362;0;0;0;0;0;0;0;0;0;0;0;1365;297;214;1359;177;17;191;213;41;8;35;7;13;28;3;14;2;3;20
299;49;14628220;3620;2765;25;23;2740;2742;919;209;141;925;194;0;111;241;0;0;0;0;0;0;0;0;0;0;0;908;204;157;891;180;19;132;127;39;2;26;2;9;14;3;5;1;2;21
300;49;14628300;3618;2609;27;16;2582;2593;988;170;110;885;118;0;98;213;0;0;0;0;0;0;0;0;0;0;0;927;166;126;851;130;18;121;137;44;3;24;1;4;12;0;8;2;2;17
301;50;14628020;4652;3414;69;44;3345;3370;965;316;220;1302;163;0;124;170;0;0;0;18;0;67;0;0;0;0;0;988;287;205;1279;160;35;133;125;36;14;26;1;9;37;3;7;5;4;16
302;50;14628040;1769;1151;23;27;1128;1124;310;91;58;511;39;0;44;48;0;0;0;5;0;22;0;0;0;0;0;306;80;48;490;37;17;56;26;20;2;8;0;9;14;0;1;2;2;6
303;50;14628070;1594;939;14;9;925;930;224;63;61;407;40;0;46;59;0;0;0;3;0;22;0;0;0;0;0;240;55;54;389;35;19;48;45;18;1;3;0;2;10;0;2;1;0;8
304;50;14628080;5070;3900;46;42;3854;3858;1238;320;182;1265;251;0;228;279;0;0;0;22;0;69;0;0;0;0;0;1239;287;195;1249;227;35;223;227;53;10;25;3;19;26;3;16;5;3;13
305;50;14628160;13430;8404;182;124;8222;8280;2297;915;422;2867;471;0;664;377;0;0;0;56;0;153;0;0;0;0;0;2341;790;510;2746;441;138;524;300;137;39;98;11;37;66;6;15;12;16;53
306;50;14628230;1054;676;8;3;668;673;228;58;26;256;29;0;29;32;0;0;0;1;0;9;0;0;0;0;0;227;53;33;247;34;6;25;22;4;0;4;0;4;4;0;1;3;0;6
307;50;14628250;1598;946;12;14;934;932;306;78;31;371;38;0;49;36;0;0;0;10;0;15;0;0;0;0;0;270;60;29;380;43;10;59;30;16;3;9;3;3;8;0;1;3;1;4
308;50;14628270;31550;20919;265;214;20654;20705;5456;2384;1641;6922;1409;0;826;1409;0;0;0;159;0;448;0;0;0;0;0;5948;1927;1490;6677;1340;251;907;1039;336;54;200;44;41;219;20;41;46;22;103
309;51;14628030;3057;2519;41;28;2478;2491;722;256;131;973;113;0;86;128;0;0;0;0;0;0;0;0;0;0;0;708;224;152;944;101;47;89;71;52;6;21;3;14;28;0;4;5;8;14
310;51;14628100;3466;2472;33;33;2439;2439;872;165;97;892;140;0;142;113;0;0;0;0;0;0;0;0;0;0;0;803;153;133;864;106;13;159;79;42;7;27;4;2;16;3;5;4;5;14
311;51;14628140;1537;891;25;19;866;872;275;73;57;376;22;0;25;30;0;0;0;0;0;0;0;0;0;0;0;253;71;52;360;27;20;33;18;8;1;10;0;2;8;1;1;1;3;3
312;51;14628190;2640;1870;29;28;1841;1842;586;111;66;750;104;0;81;78;0;0;0;0;0;0;0;0;0;0;0;569;105;84;746;79;24;84;53;37;1;18;0;5;13;0;1;3;4;16
313;51;14628210;1722;2083;32;20;2051;2063;753;144;139;571;162;0;84;138;0;0;0;0;0;0;0;0;0;0;0;711;123;108;645;138;33;90;91;24;4;28;0;8;22;1;6;5;3;23
314;51;14628240;2595;2106;35;31;2071;2075;859;174;80;666;145;0;68;66;0;0;0;0;0;0;0;0;0;0;0;696;188;136;660;101;38;77;58;32;4;20;1;7;30;0;4;5;4;14
315;51;14628260;10386;6772;111;90;6661;6682;2184;547;326;2440;273;0;631;189;0;0;0;0;0;0;0;0;0;0;0;2178;561;410;2465;221;55;370;153;106;8;48;5;3;25;4;8;6;6;50
316;51;14628310;296;136;3;3;133;133;44;14;4;50;8;0;7;4;0;0;0;0;0;0;0;0;0;0;0;39;9;6;48;8;2;9;5;5;0;1;0;0;1;0;0;0;0;0
317;51;14628320;767;436;9;6;427;430;124;30;22;192;19;0;17;18;0;0;0;0;0;0;0;0;0;0;0;113;21;22;187;16;6;21;8;10;0;11;0;4;6;0;1;0;3;1
318;51;14628330;1152;722;14;10;708;712;247;44;29;295;15;0;22;36;0;0;0;0;0;0;0;0;0;0;0;230;39;32;290;18;33;21;21;11;2;4;0;3;3;0;1;0;1;3
319;51;14628340;1323;802;16;19;786;783;250;90;32;298;34;0;27;46;0;0;0;0;0;0;0;0;0;0;0;248;69;37;288;30;13;39;16;9;3;10;0;2;12;0;1;0;2;4
320;51;14628360;7931;5245;115;87;5130;5158;1569;422;197;1905;241;0;236;196;0;0;0;0;0;0;0;0;0;0;0;1499;412;265;2056;217;73;234;155;81;17;45;2;15;28;3;7;4;4;41
321;51;14628370;1315;816;13;12;803;804;250;64;36;327;54;0;27;43;0;0;0;0;0;0;0;0;0;0;0;231;63;42;317;48;9;31;24;10;0;6;1;0;7;0;2;3;0;10
322;51;14628380;4543;3234;49;44;3185;3190;1206;195;154;1092;151;0;230;127;0;0;0;0;0;0;0;0;0;0;0;1102;191;208;1076;129;31;208;90;50;8;27;6;9;18;2;15;5;2;13
323;51;14628390;2100;1252;19;10;1233;1242;399;93;52;481;65;0;47;73;0;0;0;0;0;0;0;0;0;0;0;371;90;51;469;72;8;56;53;16;0;18;0;0;20;2;2;3;2;9
324;52;14625040;9238;5783;85;77;5698;5706;2119;552;348;2068;217;0;214;180;0;0;0;0;0;0;0;0;0;0;0;1868;494;370;1992;232;42;283;155;92;11;66;3;16;26;4;8;11;7;26
325;52;14625060;2142;1423;21;18;1402;1405;552;89;73;566;33;0;52;37;0;0;0;0;0;0;0;0;0;0;0;497;84;77;566;35;6;64;36;11;6;8;0;1;2;1;4;0;1;6
326;52;14625090;3945;2852;38;33;2814;2819;1159;193;139;1105;60;0;78;80;0;0;0;0;0;0;0;0;0;0;0;1056;187;145;1097;67;7;88;77;33;0;26;2;2;10;0;3;2;3;14
327;52;14625100;2198;1295;23;18;1272;1277;479;93;61;531;23;0;53;32;0;0;0;0;0;0;0;0;0;0;0;402;93;69;532;27;10;58;23;20;7;14;2;5;5;1;1;1;1;6
328;52;14625140;762;482;9;9;473;473;201;31;27;169;16;0;17;12;0;0;0;0;0;0;0;0;0;0;0;178;28;29;162;16;4;21;8;7;1;7;1;3;0;0;2;0;1;5
329;52;14625150;2543;2317;19;15;2298;2302;853;161;119;864;87;0;102;112;0;0;0;0;0;0;0;0;0;0;0;817;151;114;833;85;12;86;106;27;5;20;1;4;12;1;6;4;1;17
330;52;14625170;2346;2030;24;16;2006;2014;742;177;152;675;69;0;96;95;0;0;0;0;0;0;0;0;0;0;0;680;137;165;636;86;10;121;58;42;2;18;1;12;10;2;10;3;2;19
331;52;14625190;2274;1871;21;22;1850;1849;659;140;102;742;85;0;74;48;0;0;0;0;0;0;0;0;0;0;0;655;112;100;703;73;13;73;39;22;5;21;1;3;6;0;7;5;2;9
332;52;14625380;4111;2834;31;31;2803;2803;1055;212;153;1100;79;0;88;116;0;0;0;0;0;0;0;0;0;0;0;902;189;180;1066;93;26;115;81;50;9;29;1;8;15;5;4;3;5;22
333;52;14625390;1725;1063;10;10;1053;1053;381;81;57;400;55;0;42;37;0;0;0;0;0;0;0;0;0;0;0;358;61;52;387;43;6;50;32;27;4;15;0;0;2;1;7;0;1;7
334;52;14625510;1110;677;13;11;664;666;270;54;25;231;23;0;37;24;0;0;0;0;0;0;0;0;0;0;0;221;46;31;211;30;7;59;21;11;2;8;0;1;2;0;2;1;1;12
335;52;14625525;5186;3777;66;48;3711;3729;1554;243;234;1282;111;0;138;149;0;0;0;0;0;0;0;0;0;0;0;1503;204;186;1233;131;20;164;121;46;4;44;2;12;14;6;8;2;3;26
336;52;14625530;2547;1483;15;17;1468;1466;528;98;76;624;47;0;44;51;0;0;0;0;0;0;0;0;0;0;0;444;103;78;601;53;11;59;37;22;3;23;1;8;3;2;6;0;1;11
337;52;14625560;5553;4021;46;40;3975;3981;1407;325;191;1608;120;0;140;184;0;0;0;0;0;0;0;0;0;0;0;1348;231;198;1544;126;43;181;139;65;5;34;1;5;16;4;17;8;2;14
338;52;14625590;2385;1679;37;34;1642;1645;620;105;69;698;44;0;48;58;0;0;0;0;0;0;0;0;0;0;0;534;87;86;665;51;24;69;47;31;5;17;1;4;6;2;0;3;2;11
339;52;14625630;4192;2760;29;27;2731;2733;1073;220;153;1020;75;0;107;83;0;0;0;0;0;0;0;0;0;0;0;964;222;181;999;70;16;125;63;33;1;17;1;4;11;1;2;3;4;16
340;53;14625010;3906;2053;29;23;2024;2030;776;148;104;696;95;0;109;96;0;0;0;0;0;0;0;0;0;0;0;657;118;118;707;119;10;152;58;21;6;22;4;4;3;2;9;1;2;17
341;53;14625080;827;537;11;10;526;527;347;24;16;90;12;0;25;12;0;0;0;0;0;0;0;0;0;0;0;320;17;19;92;24;0;31;11;1;1;3;0;0;0;0;4;2;1;1
342;53;14625130;2253;1419;22;20;1397;1399;402;93;41;549;33;0;246;33;0;0;0;0;0;0;0;0;0;0;0;405;89;66;592;40;10;110;27;12;5;20;2;7;1;1;1;2;1;8
343;53;14625180;799;542;6;4;536;538;190;47;16;221;14;0;25;23;0;0;0;0;0;0;0;0;0;0;0;159;32;22;217;21;2;41;21;7;2;1;0;2;1;1;1;1;0;7
344;53;14625200;7794;5714;78;69;5636;5645;2051;537;299;1735;238;0;302;474;0;0;0;0;0;0;0;0;0;0;0;1839;423;362;1757;314;28;403;260;91;10;59;2;9;16;4;24;5;6;33
345;53;14625220;3404;2670;33;23;2637;2647;1043;221;148;827;83;0;170;145;0;0;0;0;0;0;0;0;0;0;0;937;160;169;864;113;13;145;113;32;7;29;1;6;14;2;9;5;9;19
346;53;14625250;13902;8707;111;96;8596;8611;3021;1331;441;2682;251;0;455;415;0;0;0;0;0;0;0;0;0;0;0;2765;994;554;2783;337;36;428;311;127;20;85;4;17;23;6;32;16;10;63
347;53;14625320;1305;816;25;13;791;803;286;68;29;299;25;0;47;37;0;0;0;0;0;0;0;0;0;0;0;269;50;37;304;31;2;66;26;4;0;7;0;0;2;1;1;0;0;3
348;53;14625350;912;663;12;10;651;653;395;34;22;133;15;0;31;21;0;0;0;0;0;0;0;0;0;0;0;354;29;25;136;22;6;34;14;6;1;6;2;0;2;0;7;2;2;5
349;53;14625410;1976;1144;13;11;1131;1133;420;116;44;399;32;0;66;54;0;0;0;0;0;0;0;0;0;0;0;364;93;62;402;38;8;95;32;18;2;8;0;0;1;0;0;2;1;7
350;53;14625440;1648;1579;16;16;1563;1563;953;98;57;269;65;0;70;51;0;0;0;0;0;0;0;0;0;0;0;881;75;74;274;83;0;75;41;9;4;22;1;1;6;1;1;6;1;8
351;53;14625450;6175;4928;51;48;4877;4880;1879;538;263;1469;195;0;286;247;0;0;0;0;0;0;0;0;0;0;0;1651;413;318;1455;222;43;382;147;78;13;62;6;3;14;2;21;9;8;33
352;53;14625470;888;573;9;8;564;565;332;35;26;104;19;0;27;21;0;0;0;0;0;0;0;0;0;0;0;292;27;38;114;19;3;25;18;5;0;10;2;1;2;0;4;2;0;3
353;53;14625500;1315;876;14;14;862;862;510;39;22;193;13;0;41;44;0;0;0;0;0;0;0;0;0;0;0;468;35;25;201;24;1;35;27;7;2;12;1;0;9;1;5;0;1;8
354;53;14625580;1356;854;13;11;841;843;383;78;32;252;14;0;57;25;0;0;0;0;0;0;0;0;0;0;0;339;56;42;255;35;6;61;13;11;4;10;2;2;2;0;1;0;1;3
355;54;14625030;5375;3599;44;31;3555;3568;1068;434;188;1308;125;0;275;157;0;0;0;0;0;0;0;0;0;0;0;1125;374;238;1253;121;15;181;104;46;5;42;0;6;11;4;2;7;0;34
356;54;14625270;3647;3103;46;31;3057;3072;928;258;137;1009;137;0;384;204;0;0;0;0;0;0;0;0;0;0;0;986;236;154;1061;137;21;212;128;40;8;26;0;3;11;4;9;9;9;18
357;54;14625300;1508;926;16;10;910;916;305;50;39;318;23;0;119;56;0;0;0;0;0;0;0;0;0;0;0;323;50;45;328;13;6;70;38;12;3;9;0;1;4;1;4;3;2;4
358;54;14625310;7155;4083;43;60;4040;4023;1082;438;221;1516;213;0;233;337;0;0;0;0;0;0;0;0;0;0;0;1121;403;271;1441;146;28;161;218;91;12;43;4;8;18;4;9;1;7;37
359;54;14625370;1348;847;18;17;829;830;247;59;36;320;22;0;97;48;0;0;0;0;0;0;0;0;0;0;0;248;56;44;323;23;7;57;27;16;2;10;0;0;1;1;4;1;7;3
360;54;14625420;1872;1191;28;20;1163;1171;358;97;53;486;29;0;79;61;0;0;0;0;0;0;0;0;0;0;0;368;91;58;462;28;11;57;46;11;2;9;2;2;5;0;9;1;3;6
361;54;14625430;8008;5842;52;46;5790;5796;1564;503;254;1689;350;0;1192;238;0;0;0;0;0;0;0;0;0;0;0;1802;448;373;1672;369;31;648;179;78;27;73;5;11;13;3;24;7;9;24
362;54;14625480;15178;10225;122;105;10103;10120;2978;838;533;2814;621;0;1900;419;0;0;0;0;0;0;0;0;0;0;0;3108;791;851;2748;667;91;995;345;129;42;140;7;20;47;8;48;15;5;63
363;54;14625550;2043;1259;27;22;1232;1237;392;107;46;475;24;0;113;75;0;0;0;0;0;0;0;0;0;0;0;405;91;59;463;30;12;65;52;26;1;15;1;0;6;1;3;0;1;6
364;54;14625600;3452;2745;51;32;2694;2713;767;179;107;963;143;0;443;92;0;0;0;0;0;0;0;0;0;0;0;765;172;159;953;163;11;274;84;35;9;30;4;7;12;3;10;1;4;17
365;54;14625640;4663;3505;33;30;3472;3475;1916;180;96;864;83;0;156;177;0;0;0;0;0;0;0;0;0;0;0;1660;180;164;933;100;16;156;154;30;9;21;1;5;8;2;8;4;1;23
366;55;14625120;2919;2371;35;28;2336;2343;868;202;120;758;60;0;124;204;0;0;0;0;0;0;0;0;0;0;0;935;167;136;761;53;6;116;80;23;4;19;0;3;8;1;1;3;4;23
367;55;14625240;27819;16067;249;215;15818;15852;4836;2575;1017;4919;503;0;489;1479;0;0;0;0;0;0;0;0;0;0;0;5089;2201;1227;4841;496;78;568;687;206;38;148;10;24;40;23;27;14;15;120
368;55;14625280;2833;2366;28;27;2338;2339;767;163;80;992;84;0;124;128;0;0;0;0;0;0;0;0;0;0;0;783;136;106;948;70;15;106;67;30;5;19;1;5;13;2;7;7;2;17
369;55;14625330;4527;3231;44;38;3187;3193;1066;289;172;1220;77;0;123;240;0;0;0;0;0;0;0;0;0;0;0;1054;248;193;1198;83;19;139;154;27;10;19;1;2;10;2;6;3;1;24
370;55;14625360;1955;1221;14;12;1207;1209;402;89;43;562;35;0;39;37;0;0;0;0;0;0;0;0;0;0;0;388;75;58;539;32;4;31;32;11;1;9;1;5;10;2;1;0;1;9
371;55;14625460;660;411;9;9;402;402;147;20;11;183;13;0;13;15;0;0;0;0;0;0;0;0;0;0;0;148;16;14;176;14;3;14;11;1;1;2;0;0;1;0;1;0;0;0
372;55;14625490;2522;1601;37;23;1564;1578;609;77;68;606;49;0;74;81;0;0;0;0;0;0;0;0;0;0;0;615;64;79;579;42;7;82;59;12;2;17;2;2;4;1;1;1;0;9
373;55;14625570;1568;1011;16;15;995;996;334;83;45;413;32;0;30;58;0;0;0;0;0;0;0;0;0;0;0;334;74;42;409;35;3;30;29;10;3;13;1;0;2;1;0;1;0;9
374;56;14625020;31710;20873;259;242;20614;20631;7736;1927;872;6968;972;0;1317;748;0;0;0;74;0;0;0;0;0;0;0;6667;1834;1270;7004;1170;129;899;546;329;62;355;23;45;52;27;42;28;26;123
375;56;14625110;3373;2065;20;22;2045;2043;766;96;59;886;74;0;104;56;0;0;0;4;0;0;0;0;0;0;0;664;102;83;870;90;18;103;49;17;2;22;1;4;4;1;3;1;1;8
376;56;14625160;3534;2119;31;28;2088;2091;679;158;64;964;29;0;86;106;0;0;0;2;0;0;0;0;0;0;0;590;118;116;955;52;10;77;88;12;6;21;0;11;11;0;2;1;4;17
377;56;14625230;1820;1155;8;11;1147;1144;465;48;24;470;39;0;54;44;0;0;0;3;0;0;0;0;0;0;0;405;47;35;477;43;4;55;34;8;3;12;3;0;5;0;0;2;2;9
378;56;14625290;2106;1352;14;14;1338;1338;536;90;37;529;36;0;69;38;0;0;0;3;0;0;0;0;0;0;0;460;79;70;538;31;11;64;39;12;1;11;1;1;2;3;6;1;1;7
379;56;14625340;3762;3326;42;36;3284;3290;1322;262;102;1219;93;0;167;109;0;0;0;10;0;0;0;0;0;0;0;1180;210;164;1202;100;20;159;95;45;4;38;3;17;14;2;11;1;7;18
380;56;14625610;2527;2237;23;18;2214;2219;921;153;39;863;54;0;102;77;0;0;0;5;0;0;0;0;0;0;0;837;125;64;883;67;8;91;66;21;2;12;1;9;8;4;3;3;3;12
381;57;14626010;2791;2059;52;39;2007;2020;622;160;412;641;52;0;64;56;0;0;0;0;0;0;0;0;0;0;0;802;165;163;636;58;7;66;36;24;3;25;3;7;7;5;3;1;3;6
382;57;14626060;3757;3172;58;46;3114;3126;1143;304;176;1070;81;0;185;155;0;0;0;0;0;0;0;0;0;0;0;1166;275;172;1040;82;22;146;92;34;6;29;2;5;24;5;3;2;3;18
383;57;14626100;1371;829;10;10;819;819;265;68;73;331;13;0;40;29;0;0;0;0;0;0;0;0;0;0;0;289;60;46;326;20;4;33;19;10;1;3;0;0;5;0;1;0;0;2
384;57;14626120;879;604;11;12;593;592;215;25;51;237;14;0;28;23;0;0;0;0;0;0;0;0;0;0;0;210;25;35;234;19;2;33;10;14;1;4;0;1;2;0;0;0;0;2
385;57;14626160;992;651;12;13;639;638;233;50;39;235;17;0;14;51;0;0;0;0;0;0;0;0;0;0;0;223;57;40;223;21;8;16;25;10;1;2;1;0;3;2;1;0;0;5
386;57;14626190;1519;970;17;12;953;958;348;68;48;374;39;0;38;38;0;0;0;0;0;0;0;0;0;0;0;359;60;49;370;30;8;31;20;7;3;10;1;2;1;0;2;1;0;4
387;57;14626200;1399;859;11;6;848;853;279;92;35;343;28;0;19;52;0;0;0;0;0;0;0;0;0;0;0;267;88;31;351;28;7;30;29;10;1;5;0;0;1;0;1;0;0;4
388;57;14626230;1975;2156;26;19;2130;2137;846;140;88;816;84;0;65;91;0;0;0;0;0;0;0;0;0;0;0;914;113;81;790;67;15;47;45;25;5;13;0;4;3;3;3;0;0;9
389;57;14626250;2897;2029;20;23;2009;2006;617;153;224;812;43;0;63;97;0;0;0;0;0;0;0;0;0;0;0;720;142;135;767;46;14;54;58;24;4;15;2;1;7;1;4;1;1;10
390;57;14626260;737;506;7;7;499;499;188;39;15;200;9;0;16;32;0;0;0;0;0;0;0;0;0;0;0;190;39;17;199;10;3;10;13;7;1;2;0;2;1;0;1;0;2;2
391;57;14626320;824;518;3;3;515;515;181;46;27;200;11;0;31;19;0;0;0;0;0;0;0;0;0;0;0;176;43;22;196;13;4;25;19;7;1;2;0;0;0;0;2;0;1;4
392;57;14626330;1404;909;24;14;885;895;246;56;35;438;42;0;29;39;0;0;0;0;0;0;0;0;0;0;0;277;50;26;433;28;2;30;17;8;0;9;0;2;3;3;0;1;0;6
393;57;14626370;7819;5343;82;58;5261;5285;1887;541;391;1828;212;0;169;233;0;0;0;0;0;0;0;0;0;0;0;1982;467;368;1772;186;35;143;121;81;1;53;7;13;12;6;7;2;5;24
394;57;14626440;1055;648;12;12;636;636;217;44;32;275;17;0;25;26;0;0;0;0;0;0;0;0;0;0;0;208;46;30;259;14;2;27;22;11;0;7;0;2;0;0;3;0;1;4
395;57;14626460;2156;1120;17;19;1103;1101;433;77;59;415;27;0;35;57;0;0;0;0;0;0;0;0;0;0;0;371;71;74;418;43;2;40;42;13;3;11;0;2;2;0;1;0;0;8
396;57;14626480;3776;2449;50;42;2399;2407;816;312;119;755;74;0;50;273;0;0;0;0;0;0;0;0;0;0;0;908;275;108;750;82;10;60;111;48;4;19;4;1;13;1;4;1;2;6
397;57;14626490;2086;1638;24;21;1614;1617;567;137;116;640;50;0;58;46;0;0;0;0;0;0;0;0;0;0;0;629;127;57;599;51;3;51;24;25;4;13;1;6;8;3;6;1;0;9
398;57;14626520;1984;1266;18;10;1248;1256;424;62;47;545;60;0;52;58;0;0;0;0;0;0;0;0;0;0;0;466;62;44;520;57;5;41;32;8;1;10;1;1;2;0;3;0;0;3
399;57;14626560;747;484;10;5;474;479;180;27;46;177;17;0;11;16;0;0;0;0;0;0;0;0;0;0;0;203;28;22;162;15;2;12;12;10;0;7;1;0;0;1;0;1;1;2
400;57;14626580;1935;1828;23;16;1805;1812;714;161;81;636;84;0;44;85;0;0;0;0;0;0;0;0;0;0;0;758;130;78;613;68;10;35;48;22;7;17;3;3;5;0;4;1;1;9
401;57;14626590;1091;693;11;13;682;680;206;49;58;266;14;0;26;63;0;0;0;0;0;0;0;0;0;0;0;224;45;37;262;24;7;31;27;9;1;6;0;0;0;1;1;1;4;0
402;57;14626600;13460;8063;131;113;7932;7950;2456;1030;889;2752;206;0;237;362;0;0;0;0;0;0;0;0;0;0;0;2688;930;589;2650;231;40;238;216;149;19;99;12;9;28;11;6;6;5;24
403;58;14626110;42670;27734;187;243;27547;27491;12407;1126;399;10422;2293;0;295;244;0;0;330;31;0;0;0;0;0;0;0;9428;1788;1310;10389;2447;65;631;330;316;56;401;26;51;51;20;46;44;20;72
404;58;14626240;953;606;7;9;599;597;256;15;12;269;22;0;16;5;0;0;4;0;0;0;0;0;0;0;0;193;30;27;266;20;1;30;12;2;1;8;0;0;2;1;0;1;0;3
405;58;14626300;3184;2596;24;22;2572;2574;1313;83;33;971;76;0;38;28;0;0;27;3;0;0;0;0;0;0;0;1036;130;88;968;107;12;95;44;23;13;25;4;5;12;0;2;0;1;9
406;58;14626450;4078;3206;27;29;3179;3177;1562;156;58;1161;96;0;43;56;0;0;38;9;0;0;0;0;0;0;0;1220;208;143;1165;135;6;81;87;45;5;44;3;3;9;3;3;4;0;13
407;58;14626570;1384;873;10;10;863;863;399;22;18;351;33;0;15;4;0;0;20;1;0;0;0;0;0;0;0;325;26;26;357;50;6;27;13;9;1;13;1;0;3;1;2;0;1;2
408;59;14626020;961;613;6;7;607;606;174;46;27;282;23;0;31;24;0;0;0;0;0;0;0;0;0;0;0;173;35;29;273;20;5;24;10;15;0;10;0;1;3;1;1;0;1;5
409;59;14626030;2822;2056;29;19;2027;2037;780;128;76;742;64;0;103;134;0;0;0;0;0;0;0;0;0;0;0;817;106;87;732;68;9;71;69;27;6;16;0;4;8;3;7;1;1;5
410;59;14626070;819;443;5;4;438;439;142;26;10;209;14;0;15;22;0;0;0;0;0;0;0;0;0;0;0;140;24;14;202;16;2;12;16;2;0;3;0;3;1;0;0;0;4;0
411;59;14626085;10132;6486;125;112;6361;6374;2121;571;277;2390;277;0;272;453;0;0;0;0;0;0;0;0;0;0;0;2274;449;280;2291;314;52;206;262;87;9;70;6;12;21;2;5;4;7;23
412;59;14626150;1085;568;11;10;557;558;170;38;21;256;19;0;20;33;0;0;0;0;0;0;0;0;0;0;0;172;34;19;249;15;2;23;23;7;1;3;1;0;1;0;0;0;1;7
413;59;14626180;4866;3282;38;26;3244;3256;1279;267;129;1076;185;0;108;200;0;0;0;0;0;0;0;0;0;0;0;1280;202;151;1049;196;24;100;107;46;13;36;4;8;8;2;8;1;4;17
414;59;14626245;6239;4448;71;64;4377;4384;1551;380;190;1656;166;0;171;263;0;0;0;0;0;0;0;0;0;0;0;1580;313;215;1594;165;20;151;161;68;10;41;2;5;15;9;4;6;5;20
415;59;14626270;1538;925;14;6;911;919;298;65;37;390;23;0;49;49;0;0;0;0;0;0;0;0;0;0;0;320;55;33;396;18;8;25;27;9;2;7;1;2;4;1;2;0;2;7
416;59;14626290;12166;8206;123;103;8083;8103;2532;912;326;3058;325;0;412;518;0;0;0;0;0;0;0;0;0;0;0;2800;755;331;2946;262;53;306;288;136;15;69;13;11;26;15;14;13;9;41
417;59;14626350;2786;2157;43;31;2114;2126;642;145;68;922;85;0;113;139;0;0;0;0;0;0;0;0;0;0;0;670;117;68;930;82;7;77;83;25;7;20;4;1;10;2;4;3;3;13
418;59;14626410;1998;1484;20;15;1464;1469;460;114;48;624;62;0;65;91;0;0;0;0;0;0;0;0;0;0;0;464;93;63;615;49;14;63;62;19;3;11;1;2;1;1;1;1;2;4
419;59;14626420;1882;1363;26;14;1337;1349;589;92;49;419;63;0;53;72;0;0;0;0;0;0;0;0;0;0;0;612;70;41;407;65;7;43;42;17;7;18;1;5;2;0;1;1;1;9
420;59;14626470;1254;798;10;11;788;787;285;42;29;327;30;0;35;40;0;0;0;0;0;0;0;0;0;0;0;283;36;28;315;30;2;20;30;15;0;12;1;2;7;0;2;1;0;3
421;59;14626500;1239;787;16;13;771;774;284;51;27;311;19;0;32;47;0;0;0;0;0;0;0;0;0;0;0;290;39;26;306;24;3;30;24;10;1;6;1;1;3;2;2;1;1;4
422;59;14626510;918;578;12;8;566;570;158;35;24;271;27;0;30;21;0;0;0;0;0;0;0;0;0;0;0;182;29;18;256;17;2;28;15;6;2;6;1;1;2;0;1;0;2;2
423;60;14626050;1771;1101;22;19;1079;1082;451;66;25;436;44;0;57;0;0;0;0;0;0;0;0;0;0;0;0;383;61;41;405;53;10;53;36;11;2;13;1;0;5;0;1;0;0;7
424;60;14626140;4588;3213;53;36;3160;3177;1452;173;116;1187;106;0;126;0;0;0;0;0;0;0;0;0;0;0;0;1306;145;150;1151;96;16;100;68;65;5;33;1;4;7;5;7;5;4;9
425;60;14626170;1260;763;5;6;758;757;340;33;13;310;28;0;34;0;0;0;0;0;0;0;0;0;0;0;0;310;29;21;296;26;3;24;13;12;2;6;2;2;4;0;4;1;0;2
426;60;14626210;1331;784;22;22;762;762;356;66;31;240;42;0;27;0;0;0;0;0;0;0;0;0;0;0;0;289;61;36;238;40;2;27;30;15;3;8;0;0;3;0;6;1;0;3
427;60;14626280;2944;2047;29;25;2018;2022;866;191;77;731;72;0;81;0;0;0;0;0;0;0;0;0;0;0;0;774;170;90;677;76;10;73;66;31;3;25;0;6;6;6;1;2;0;6
428;60;14626310;3057;2292;26;22;2266;2270;1159;148;52;714;104;0;89;0;0;0;0;0;0;0;0;0;0;0;0;935;136;82;709;120;12;71;95;39;6;28;2;3;5;2;6;1;3;15
429;60;14626390;4353;2882;47;45;2835;2837;1337;238;101;955;80;0;124;0;0;0;0;0;0;0;0;0;0;0;0;1104;214;143;945;104;16;119;81;44;6;29;1;3;14;1;4;2;2;5
430;60;14626400;3978;3259;39;21;3220;3238;1519;318;142;945;161;0;135;0;0;0;0;0;0;0;0;0;0;0;0;1290;297;208;887;130;24;149;109;52;4;30;5;3;12;8;8;1;2;19
431;60;14626430;1177;662;7;4;655;658;343;52;16;201;21;0;22;0;0;0;0;0;0;0;0;0;0;0;0;265;49;37;204;35;2;29;14;6;0;8;0;0;3;1;0;2;0;3
432;60;14626530;3108;2004;28;23;1976;1981;722;231;90;751;107;0;75;0;0;0;0;0;0;0;0;0;0;0;0;632;200;126;712;104;19;60;37;29;4;27;0;3;7;3;5;4;3;6
433;60;14626610;20971;12567;188;145;12379;12422;4911;1406;591;4110;728;0;633;0;0;0;0;0;0;0;0;0;0;0;0;4238;1192;738;3953;741;75;451;325;252;34;182;15;11;59;20;33;13;16;74
434;210;14713000;450778;293273;2996;2236;290277;291037;71703;59389;27202;51847;53249;0;11590;9899;0;0;4500;545;0;194;0;0;0;0;0;73989;46203;28727;50439;52794;883;11443;6443;5264;1240;8224;283;351;795;340;1012;952;258;1397
435;308;14612000;426474;307905;3553;2103;304352;305802;87754;41400;26664;68291;54849;0;17975;0;0;0;6381;1038;0;0;0;0;0;0;0;82032;34726;25970;63383;51580;1048;19839;8922;3758;1679;6775;353;412;839;270;1385;1204;311;1316
436;13;14524330;72562;42628;606;441;42022;42187;13549;6007;2599;12774;3073;0;2417;1603;0;0;0;0;0;0;0;0;0;0;0;14141;4857;3293;12131;2577;156;1733;841;972;81;584;25;179;181;47;76;63;30;220
437;33;14511000;192346;127644;1382;1032;126262;126612;40118;19625;10989;32144;11804;0;4532;4176;0;0;1257;0;0;0;0;0;0;0;0;41344;16377;10822;31655;11049;495;4825;2610;2081;400;2658;83;261;372;105;300;342;127;706
