;AGS;Wahlberechtigte_EW2019;Wähler_EW2019;gültige_EW2019;CDU_EW2019;DIE LINKE_EW2019;SPD_EW2019;AfD_EW2019;GRÜNE_EW2019;FDP_EW2019;FREIE WÄHLER_EW2019;Wahlberechtigte_BW2017;Wähler_BW2017;gültige_2_BW2017;CDU_2_BW2017;DIE LINKE_2_BW2017;SPD_2_BW2017;AfD_2_BW2017;GRÜNE_2_BW2017;FDP_2_BW2017;FREIE WÄHLER_2_BW2017;WK-Nr_LW2014;WK-Name_LW2014;Wahlberechtigte_LW2014;Wähler_LW2014;gültige_1_LW2014;CDU_1_LW2014;DIE LINKE_1_LW2014;SPD_1_LW2014;FDP_1_LW2014;GRÜNE_1_LW2014;NPD_1_LW2014;PIRATEN_1_LW2014;BüSo_1_LW2014;DSU_1_LW2014;AfD_1_LW2014;FREIE WÄHLER_1_LW2014;Die PARTEI_1_LW2014;Freie Bürger Leipzig_1_LW2014;Konrad Skatula_1_LW2014;Schaar_1_LW2014;WAGNER_1_LW2014;WV MFU_1_LW2014;gültige_2_LW2014;CDU_2_LW2014;DIE LINKE_2_LW2014;SPD_2_LW2014;FDP_2_LW2014;GRÜNE_2_LW2014;NPD_2_LW2014;Tierschutzpartei_2_LW2014;PIRATEN_2_LW2014;BüSo_2_LW2014;DSU_2_LW2014;AfD_2_LW2014;pro Deutschland_2_LW2014;FREIE WÄHLER_2_LW2014;Die PARTEI_2_LW2014
0;14521010;3024;2206;2160;663;197;200;566;142;111;61;3091;2554;2514;820;319;254;657;82;223;31;13;Erzgebirge 1;3174;1794;1748;775;300;222;58;91;50;15;0;0;188;49;0;0;0;0;0;0;1754;829;264;206;74;67;48;11;14;0;2;200;4;32;3
1;14521020;16589;9787;9588;2217;1080;737;2706;583;353;617;16911;11998;11803;3256;1915;1123;3452;330;765;205;16;Erzgebirge 4;17490;8106;7940;2957;2142;758;333;297;607;122;0;0;0;724;0;0;0;0;0;0;8003;3225;1604;799;224;269;502;77;58;8;8;912;31;255;31
2;14521035;17063;10325;10099;2598;1299;777;2674;421;306;612;0;0;0;0;0;0;0;0;0;0;0;;0;0;0;0;0;0;0;0;0;0;0;0;0;0;0;0;0;0;0;0;0;0;0;0;0;0;0;0;0;0;0;0;0;0;0
3;14521040;2095;1392;1346;348;146;102;393;76;65;33;2153;1668;1642;498;226;182;483;25;104;25;13;Erzgebirge 1;2250;1187;1171;483;278;103;31;35;62;14;0;0;139;26;0;0;0;0;0;0;1172;496;238;113;29;23;66;13;13;1;2;164;1;9;4
4;14521060;1916;1384;1347;348;132;129;420;51;51;51;1958;1669;1644;534;220;168;475;33;102;28;16;Erzgebirge 4;2038;1050;1030;494;220;116;28;27;58;24;0;0;0;63;0;0;0;0;0;0;1033;457;190;118;33;20;52;4;12;1;1;124;4;16;1
5;14521080;1882;1284;1262;402;120;73;394;46;50;37;1949;1310;1297;465;154;95;435;18;59;17;14;Erzgebirge 2;2022;1311;1294;740;170;116;18;21;78;11;0;0;119;21;0;0;0;0;0;0;1292;657;189;127;31;24;89;13;6;2;1;139;2;11;1
6;14521090;813;438;421;111;39;31;127;21;20;17;824;542;530;167;64;54;157;12;41;12;17;Erzgebirge 5;843;397;389;206;66;33;19;12;13;0;0;0;33;7;0;0;0;0;0;0;388;184;63;37;19;8;16;5;0;0;0;48;1;6;1
7;14521110;4421;2655;2590;740;245;205;780;80;110;94;4483;3342;3287;1025;425;299;1015;68;236;52;15;Erzgebirge 3;4774;2299;2260;981;362;364;61;99;77;17;0;0;248;51;0;0;0;0;0;0;2266;1067;380;254;67;52;99;13;11;1;1;270;4;44;3
8;14521120;5078;3299;3218;916;322;239;905;194;166;92;5109;3987;3928;1256;526;363;1156;116;296;41;13;Erzgebirge 1;5227;2793;2745;1234;552;237;79;99;153;32;0;0;302;57;0;0;0;0;0;0;2748;1275;461;249;82;86;158;39;26;1;2;329;5;29;6
9;14521130;3341;2384;2281;673;191;151;596;128;104;135;3419;2750;2695;950;358;204;714;70;227;47;16;Erzgebirge 4;3539;1964;1901;935;324;179;82;74;113;34;0;0;0;160;0;0;0;0;0;0;1908;909;271;193;68;57;72;20;18;1;2;219;3;67;8
10;14521140;828;483;467;104;45;40;161;15;49;7;850;500;488;134;39;33;192;8;62;3;17;Erzgebirge 5;884;429;405;158;52;27;45;6;25;3;0;0;83;6;0;0;0;0;0;0;406;149;44;31;57;4;27;1;2;0;0;86;1;3;1
11;14521150;4228;2970;2882;851;234;196;821;166;162;82;4215;3389;3322;1150;382;306;929;61;270;43;17;Erzgebirge 5;4415;2456;2397;1265;354;234;107;78;91;9;0;0;229;30;0;0;0;0;0;0;2402;1221;336;235;100;74;108;22;10;4;0;253;5;30;4
12;14521160;3949;2559;2488;703;254;180;708;107;125;154;3956;3124;3079;938;410;312;896;50;253;46;16;Erzgebirge 4;4114;2177;2125;965;414;249;84;45;200;36;0;0;0;132;0;0;0;0;0;0;2139;959;351;205;78;44;145;28;11;1;1;254;4;53;5
13;14521170;6215;3862;3788;1228;311;326;1043;182;137;131;6317;4591;4500;1579;529;499;1248;94;286;59;14;Erzgebirge 2;6566;2989;2960;1391;332;640;52;76;144;18;0;0;258;49;0;0;0;0;0;0;2955;1412;416;380;82;93;166;27;14;2;4;295;6;47;11
14;14521180;2422;1713;1674;423;152;127;553;115;79;51;2430;1880;1845;533;205;168;646;42;133;32;15;Erzgebirge 3;2525;1373;1344;585;226;138;51;44;87;5;0;0;175;33;0;0;0;0;0;0;1354;568;225;148;48;42;94;15;5;0;4;169;1;32;3
15;14521200;3486;2540;2476;859;250;160;576;115;108;55;3555;2827;2771;952;353;237;709;53;218;36;16;Erzgebirge 4;3670;2046;1990;997;381;178;64;71;202;29;0;0;0;68;0;0;0;0;0;0;2001;942;322;186;61;49;161;21;14;2;2;208;8;22;3
16;14521210;2933;1940;1870;496;272;111;545;64;86;90;2994;2437;2400;760;368;197;687;48;195;39;16;Erzgebirge 4;3120;1727;1684;756;429;119;71;43;142;18;0;0;0;106;0;0;0;0;0;0;1700;728;372;117;68;35;107;18;7;3;1;197;3;41;3
17;14521220;3158;2207;2154;655;212;141;571;134;124;71;3201;2548;2499;816;333;210;679;86;229;34;17;Erzgebirge 5;3171;1823;1798;836;282;231;64;115;72;18;0;0;136;44;0;0;0;0;0;0;1800;848;271;195;74;70;74;13;16;3;20;174;2;31;9
18;14521230;1624;1070;1035;299;123;91;269;57;52;29;1646;1276;1255;364;203;138;344;38;105;18;13;Erzgebirge 1;1717;871;858;373;209;82;28;20;45;6;0;0;77;18;0;0;0;0;0;0;861;372;185;91;27;21;46;10;4;0;1;89;1;10;4
19;14521240;2348;1715;1667;530;142;161;405;127;81;34;2382;1933;1893;695;246;212;442;46;151;23;17;Erzgebirge 5;2456;1483;1454;747;237;141;77;67;51;6;0;0;106;22;0;0;0;0;0;0;1457;728;220;173;52;39;62;16;21;2;2;123;1;15;3
20;14521250;2790;2045;1980;625;128;144;598;91;75;70;2859;2304;2256;784;228;220;698;52;149;22;17;Erzgebirge 5;2941;1816;1778;945;198;171;92;48;96;17;0;0;191;20;0;0;0;0;0;0;1786;913;204;186;86;34;112;15;8;1;2;188;5;23;9
21;14521260;4956;2982;2914;790;287;241;847;142;112;153;5037;3783;3745;1166;494;362;1111;66;280;51;15;Erzgebirge 3;5127;2455;2418;1173;439;245;61;83;99;23;0;0;260;35;0;0;0;0;0;0;2430;1172;439;226;83;54;108;22;17;0;2;259;4;38;6
22;14521270;2809;1954;1913;555;192;139;557;98;98;49;2881;2309;2280;700;304;227;685;49;188;23;17;Erzgebirge 5;1849;1190;1179;682;167;99;38;37;38;4;0;0;98;16;0;0;0;0;0;0;1179;586;160;123;62;34;47;19;5;0;4;118;1;9;11
23;14521280;664;383;366;86;29;21;129;21;17;12;662;470;463;135;55;38;155;9;43;6;17;Erzgebirge 5;676;284;278;116;44;22;21;10;12;4;0;0;45;4;0;0;0;0;0;0;278;113;45;21;23;7;14;5;0;0;0;43;0;6;1
24;14521290;3056;1895;1860;554;207;158;465;103;84;53;3108;2329;2298;766;332;237;613;66;160;27;13;Erzgebirge 1;3182;1568;1546;696;363;153;43;57;72;9;0;0;132;21;0;0;0;0;0;0;1553;707;282;180;62;49;85;15;8;0;4;147;1;8;5
25;14521310;4569;3222;3176;879;296;230;922;165;173;111;4590;3721;3688;1109;521;288;1095;87;341;29;13;Erzgebirge 1;4663;2602;2570;1118;518;191;59;111;238;18;0;0;263;54;0;0;0;0;0;0;2579;1169;409;242;82;86;235;27;9;4;1;268;5;38;4
26;14521320;3387;1950;1902;411;262;219;637;80;75;33;3497;2498;2465;618;410;297;829;32;154;15;15;Erzgebirge 3;3710;1500;1465;524;367;264;52;40;55;12;0;0;142;9;0;0;0;0;0;0;1473;573;359;222;36;37;70;15;5;0;4;143;1;6;2
27;14521330;2246;1595;1531;420;139;95;564;51;47;54;2292;1859;1825;536;212;166;646;38;113;24;16;Erzgebirge 4;2423;1278;1245;604;243;99;49;48;111;20;0;0;0;71;0;0;0;0;0;0;1254;556;225;100;31;36;103;12;10;0;1;140;3;36;1
28;14521340;1781;1348;1296;407;90;50;428;55;54;65;1797;1232;1178;425;106;87;387;17;70;24;16;Erzgebirge 4;1825;1038;1005;743;114;41;17;16;41;6;0;0;0;27;0;0;0;0;0;0;1008;583;135;61;17;23;53;7;3;1;3;97;2;21;2
29;14521355;7244;4584;4494;1184;485;262;1394;215;196;313;7340;5694;5626;1683;740;465;1798;128;439;108;15;Erzgebirge 3;7665;3719;3653;1639;694;322;126;122;213;14;0;0;395;128;0;0;0;0;0;0;3674;1603;716;294;141;95;230;35;14;3;2;403;4;116;18
30;14521370;6979;4277;4161;1108;475;328;1188;226;167;120;7164;5351;5275;1548;744;551;1595;109;324;75;15;Erzgebirge 3;7576;3571;3510;1528;743;376;101;135;182;33;0;0;363;49;0;0;0;0;0;0;3520;1467;733;371;115;115;222;41;51;8;6;335;5;40;11
31;14521380;6772;4203;4089;1007;668;370;996;245;154;210;6917;5499;5423;1613;1040;564;1404;118;305;78;13;Erzgebirge 1;7206;3446;3400;1202;1170;237;57;128;178;16;0;0;333;79;0;0;0;0;0;0;3410;1433;864;330;71;91;209;25;19;2;4;311;2;40;9
32;14521390;14150;8896;8668;2169;939;659;2556;478;413;369;14361;10912;10748;3234;1537;1028;3225;245;862;100;17;Erzgebirge 5;14815;7629;7475;3422;1523;605;423;250;358;61;0;0;714;119;0;0;0;0;0;0;7504;3338;1458;702;365;205;401;77;46;6;8;773;11;100;14
33;14521400;2813;2077;2029;641;146;142;611;63;76;118;2832;2286;2254;755;212;198;722;42;193;35;16;Erzgebirge 4;2893;1685;1649;896;216;140;57;145;88;21;0;0;0;86;0;0;0;0;0;0;1656;851;205;172;39;59;65;11;5;1;0;190;4;49;5
34;14521410;5657;3872;3786;988;359;306;1081;250;196;242;5681;4602;4555;1414;619;420;1318;125;399;65;13;Erzgebirge 1;5761;3132;3088;1385;593;310;95;154;121;24;0;0;336;70;0;0;0;0;0;0;3093;1415;510;360;113;124;132;36;23;2;2;337;3;28;8
35;14521420;1024;758;742;206;68;63;234;48;32;23;1045;844;834;237;101;60;297;19;52;11;13;Erzgebirge 1;1026;509;499;238;88;38;11;18;45;3;0;0;46;12;0;0;0;0;0;0;500;251;68;50;10;13;47;4;1;0;0;52;1;0;3
36;14521430;2217;1491;1464;419;183;121;389;85;45;52;2234;1386;1376;434;207;177;363;33;76;11;13;Erzgebirge 1;2305;956;944;354;224;110;21;54;38;3;0;0;118;22;0;0;0;0;0;0;941;396;192;131;23;25;45;7;6;0;2;104;1;8;1
37;14521440;1779;1302;1272;421;171;107;260;63;81;20;1822;1483;1460;508;245;142;325;33;138;6;16;Erzgebirge 4;1920;1076;1060;462;266;103;104;32;39;12;0;0;0;42;0;0;0;0;0;0;1063;463;237;97;101;26;28;9;5;1;0;80;1;12;3
38;14521450;9362;5425;5319;1236;715;491;1467;343;213;211;9506;6832;6722;1985;1129;743;1829;178;405;77;13;Erzgebirge 1;9762;4433;4352;1755;1141;395;78;184;246;31;0;0;425;97;0;0;0;0;0;0;4371;1860;905;515;85;116;273;47;26;0;5;451;6;56;26
39;14521460;9491;6197;6021;1557;638;600;1671;291;473;141;9685;7107;6995;1995;1063;717;2034;168;669;54;17;Erzgebirge 5;7939;3849;3786;1679;688;418;273;111;182;50;0;0;338;47;0;0;0;0;0;0;3800;1609;697;439;239;103;195;48;41;5;6;372;3;38;5
40;14521495;6267;3892;3733;1078;370;297;1105;173;168;119;6451;4794;4661;1488;669;368;1393;95;373;45;17;Erzgebirge 5;6717;3336;3238;1528;574;256;217;97;166;20;0;0;334;46;0;0;0;0;0;0;3255;1530;567;287;161;85;180;23;11;1;3;344;10;40;13
41;14521500;4314;2759;2667;627;256;178;886;124;145;120;4386;3286;3238;849;458;277;1107;72;232;56;15;Erzgebirge 3;4477;2254;2208;969;438;220;68;88;124;21;0;0;243;37;0;0;0;0;0;0;2213;970;404;183;90;71;139;20;17;2;3;263;3;42;6
42;14521510;1758;1270;1231;357;112;81;312;59;49;77;1752;1570;1543;513;202;149;412;44;122;30;16;Erzgebirge 4;1837;1083;1060;527;160;140;32;41;46;17;0;0;0;97;0;0;0;0;0;0;1067;529;139;119;25;32;39;8;6;1;2;117;1;42;7
43;14521520;1953;1333;1296;328;129;85;366;87;48;97;1970;1344;1326;371;206;120;399;32;95;24;16;Erzgebirge 4;2045;923;891;383;186;99;38;45;65;9;0;0;0;66;0;0;0;0;0;0;900;386;153;97;25;37;61;8;1;0;0;100;3;25;4
44;14521530;11729;7152;6963;1858;796;501;1767;340;265;468;11959;8708;8601;2653;1369;858;2321;167;530;219;14;Erzgebirge 2;12401;6026;5925;2479;1299;497;191;121;510;34;0;0;578;216;0;0;0;0;0;0;5941;2350;1211;574;196;129;596;58;35;11;1;612;9;138;21
45;14521540;3764;2460;2382;683;232;254;615;128;116;55;3843;2879;2835;974;343;371;711;66;209;34;14;Erzgebirge 2;4041;1938;1907;976;283;306;50;40;72;7;0;0;154;19;0;0;0;0;0;0;1904;858;293;288;90;56;85;13;5;0;4;186;2;22;2
46;14521550;14172;8617;8385;2056;1053;582;2548;447;364;262;14490;10580;10376;2799;1699;935;3222;239;733;125;15;Erzgebirge 3;15061;7077;6944;2641;1664;703;253;323;432;50;0;0;791;87;0;0;0;0;0;0;6969;2825;1502;617;236;227;476;56;55;3;7;842;10;88;25
47;14521560;5304;3572;3480;1068;234;241;942;152;150;247;5379;4182;4123;1500;463;365;1133;106;298;83;16;Erzgebirge 4;5593;3019;2962;1560;491;279;110;80;186;34;0;0;0;222;0;0;0;0;0;0;2977;1549;424;281;85;59;147;13;13;3;8;272;4;104;15
48;14521570;1835;1364;1320;397;111;79;405;56;99;28;1894;1617;1589;546;175;113;515;23;160;8;17;Erzgebirge 5;1985;1176;1146;528;172;92;117;20;46;9;0;0;150;12;0;0;0;0;0;0;1153;516;164;119;104;22;44;10;3;3;1;156;1;9;1
49;14521590;9434;5619;5512;1512;698;444;1402;362;199;269;9560;6930;6844;2145;1078;715;1812;168;472;93;13;Erzgebirge 1;9723;4589;4511;1779;1129;354;104;206;225;30;0;0;433;251;0;0;0;0;0;0;4529;2012;940;455;114;117;241;36;31;3;8;454;4;89;25
50;14521600;2662;1904;1866;659;136;140;460;83;124;48;2739;2244;2204;809;242;243;605;35;165;24;14;Erzgebirge 2;2872;1776;1725;1000;206;187;67;20;64;12;0;0;141;28;0;0;0;0;0;0;1722;904;217;172;89;34;80;9;11;1;2;175;1;24;3
51;14521610;923;710;694;155;58;28;245;44;27;51;925;711;698;185;90;46;239;21;57;16;16;Erzgebirge 4;938;555;538;231;109;42;21;26;47;9;0;0;0;53;0;0;0;0;0;0;545;211;85;37;13;23;41;7;1;1;2;88;2;32;2
52;14521620;5232;3298;3211;867;374;252;849;216;145;135;5366;4097;4040;1236;588;426;1058;129;305;48;13;Erzgebirge 1;5636;2737;2696;1137;596;258;56;133;143;19;0;0;266;88;0;0;0;0;0;0;2697;1178;483;291;75;106;173;15;20;0;8;291;1;39;17
53;14521630;2688;1889;1820;519;154;88;544;86;92;93;2732;2166;2105;708;245;156;645;53;146;32;16;Erzgebirge 4;2820;1648;1595;823;265;127;62;56;121;32;0;0;0;109;0;0;0;0;0;0;1610;805;209;109;52;45;89;13;10;0;0;220;3;48;7
54;14521640;4277;2947;2857;879;228;179;812;155;172;102;4389;3470;3428;1166;404;269;996;69;291;53;16;Erzgebirge 4;4477;2484;2429;1262;410;216;119;65;175;40;0;0;0;142;0;0;0;0;0;0;2442;1179;336;210;134;48;146;19;9;2;5;298;7;39;10
55;14521670;3247;2162;2111;583;206;172;564;133;89;76;3266;2479;2436;807;327;197;693;60;208;40;17;Erzgebirge 5;3340;1750;1714;783;256;175;87;65;83;23;0;0;201;41;0;0;0;0;0;0;1719;776;260;195;70;65;91;8;13;1;2;201;4;27;6
56;14521690;7733;4677;4550;1094;645;405;1236;321;195;135;7871;5681;5610;1562;992;567;1583;168;401;61;17;Erzgebirge 5;8269;3847;3793;1598;900;387;133;181;181;27;0;0;319;67;0;0;0;0;0;0;3798;1538;841;412;139;148;219;35;26;1;4;374;4;39;18
57;14521700;4463;3034;2980;1126;202;199;765;139;102;104;4558;3842;3784;1538;413;316;987;77;244;46;14;Erzgebirge 2;4660;2263;2237;1326;280;166;43;55;93;13;0;0;226;35;0;0;0;0;0;0;2238;1179;293;189;65;58;106;18;12;1;0;275;14;25;3
58;14521710;10092;6703;6566;1948;650;500;1797;388;269;240;10244;8015;7914;2585;1105;738;2267;193;522;121;15;Erzgebirge 3;10519;5749;5643;2646;975;576;152;192;280;45;0;0;671;106;0;0;0;0;0;0;5665;2586;957;587;168;167;323;52;33;6;5;663;10;86;22
59;14522010;1592;940;920;250;86;72;293;55;44;15;1601;1097;1088;307;155;83;359;28;93;11;20;Mittelsachsen 3;1662;792;774;399;157;74;42;35;52;15;0;0;0;0;0;0;0;0;0;0;777;368;128;79;36;23;40;11;6;0;2;75;0;8;1
60;14522020;3830;2620;2571;664;281;238;734;187;113;95;3867;3038;3014;907;431;284;921;80;222;35;18;Mittelsachsen 1;3979;2068;2037;988;439;247;83;99;132;49;0;0;0;0;0;0;0;0;0;0;2047;905;385;229;73;84;86;20;12;0;2;219;3;27;2
61;14522035;4662;3244;3189;838;250;161;1061;195;122;259;4713;3796;3753;986;424;267;1460;100;294;42;19;Mittelsachsen 2;4830;2678;2610;1289;550;214;136;106;217;51;47;0;0;0;0;0;0;0;0;0;2647;1242;410;225;102;93;160;15;19;8;4;303;5;52;9
62;14522050;7882;4448;4348;1082;569;328;1330;226;201;132;8099;5918;5846;1614;892;572;1887;120;435;54;18;Mittelsachsen 1;8492;3850;3775;1627;1052;534;150;108;234;70;0;0;0;0;0;0;0;0;0;0;3810;1693;866;438;124;89;159;35;26;5;1;322;9;29;14
63;14522060;8930;6068;5942;1753;597;495;1455;413;241;365;9049;7191;7117;2135;1086;782;1864;218;565;116;22;Mittelsachsen 5;9330;4666;4582;2265;868;634;236;209;254;78;38;0;0;0;0;0;0;0;0;0;4608;2133;742;526;207;165;198;37;36;6;2;424;12;96;24
64;14522070;2489;1756;1716;529;136;169;458;87;73;84;2557;2021;1996;646;227;272;507;46;174;23;22;Mittelsachsen 5;2618;1390;1359;714;228;194;70;55;64;25;9;0;0;0;0;0;0;0;0;0;1370;684;197;184;55;54;51;10;14;3;1;98;4;13;2
65;14522080;19394;11612;11379;3272;1305;932;3217;585;533;282;19636;13690;13510;3827;2164;1464;3893;298;993;127;21;Mittelsachsen 4;18397;8201;8068;3536;1665;1338;540;281;556;152;0;0;0;0;0;0;0;0;0;0;8107;3325;1670;1059;433;219;459;88;61;6;12;655;19;71;30
66;14522090;1270;774;758;197;28;43;330;27;45;28;1291;885;874;246;45;53;414;18;52;11;18;Mittelsachsen 1;1330;669;647;362;61;62;69;20;61;12;0;0;0;0;0;0;0;0;0;0;655;360;49;50;35;20;41;2;7;0;0;84;0;6;1
67;14522110;3423;2277;2204;633;146;218;641;98;93;160;3500;2667;2642;903;279;223;804;48;228;24;18;Mittelsachsen 1;3642;1899;1860;946;260;379;80;34;134;27;0;0;0;0;0;0;0;0;0;0;1871;944;252;229;74;38;106;15;19;2;1;153;5;27;6
68;14522120;2685;1897;1840;522;203;112;511;112;112;40;2738;2169;2139;638;311;226;602;55;171;18;20;Mittelsachsen 3;2796;1510;1468;765;309;117;78;63;86;50;0;0;0;0;0;0;0;0;0;0;1475;731;256;143;63;38;68;8;15;1;2;127;2;14;7
69;14522140;8970;5659;5551;1366;826;442;1539;359;267;151;9106;6764;6688;1899;1229;652;1899;179;440;58;18;Mittelsachsen 1;9477;4686;4590;2184;1083;529;182;166;327;119;0;0;0;0;0;0;0;0;0;0;4638;1904;974;499;174;123;189;40;39;5;4;609;10;45;23
70;14522150;11832;7107;6956;1879;723;556;2026;415;276;312;12028;8703;8606;2372;1246;882;2624;198;684;88;20;Mittelsachsen 3;12434;5756;5651;3119;1156;462;177;258;340;139;0;0;0;0;0;0;0;0;0;0;5678;2479;1108;606;223;170;283;72;44;5;8;606;11;37;26
71;14522170;2307;1637;1605;417;138;71;549;98;109;53;2365;1872;1850;534;219;129;702;44;132;16;19;Mittelsachsen 2;2473;1378;1339;657;254;131;86;52;112;32;15;0;0;0;0;0;0;0;0;0;1358;638;176;143;70;41;76;20;12;3;2;144;4;24;5
72;14522180;31998;19932;19694;4096;2251;1736;5110;1868;937;899;32686;24179;23972;5597;3821;2666;7220;1007;2052;198;19;Mittelsachsen 2;33200;16249;15967;6041;4430;1830;879;1289;924;322;252;0;0;0;0;0;0;0;0;0;16106;6277;3284;2067;581;935;642;170;204;46;27;1494;37;171;171
73;14522190;3540;2279;2230;628;313;217;485;97;95;139;3626;2558;2537;749;442;336;602;56;180;41;22;Mittelsachsen 5;3816;1786;1744;742;485;230;63;70;95;36;23;0;0;0;0;0;0;0;0;0;1756;764;379;218;68;39;67;11;11;0;3;143;3;39;11
74;14522200;2073;1574;1541;495;127;76;492;49;72;91;2103;1756;1729;589;181;128;598;18;138;12;18;Mittelsachsen 1;2156;1266;1213;670;234;126;51;18;91;23;0;0;0;0;0;0;0;0;0;0;1233;674;194;88;46;18;75;4;5;0;5;101;1;16;6
75;14522210;4571;3150;3078;724;235;217;1170;177;131;110;4613;3631;3580;933;357;292;1439;109;282;36;19;Mittelsachsen 2;4764;2517;2453;1114;499;285;135;116;225;44;35;0;0;0;0;0;0;0;0;0;2478;1125;346;278;101;100;168;29;16;4;5;259;4;26;17
76;14522220;2242;1494;1444;424;137;94;427;74;61;99;2322;1669;1641;532;198;146;504;48;137;19;21;Mittelsachsen 4;2400;1226;1192;643;198;148;56;38;83;26;0;0;0;0;0;0;0;0;0;0;1208;572;191;119;73;41;65;7;9;1;0;107;1;18;4
77;14522230;7018;4288;4182;1087;413;487;1208;204;163;157;7025;5226;5148;1449;777;513;1642;93;366;64;20;Mittelsachsen 3;7255;3439;3360;1723;735;380;126;113;211;72;0;0;0;0;0;0;0;0;0;0;3383;1566;614;433;137;93;152;38;17;4;3;268;7;40;11
78;14522240;4164;2948;2876;667;279;183;1002;163;134;131;4235;3437;3396;870;395;249;1327;103;239;40;19;Mittelsachsen 2;4346;2399;2354;1079;589;221;121;103;164;44;33;0;0;0;0;0;0;0;0;0;2375;1112;454;198;96;83;115;18;23;9;3;220;4;27;13
79;14522250;5950;3502;3429;1079;350;268;913;178;124;149;6090;4388;4350;1355;666;477;1169;102;291;69;21;Mittelsachsen 4;6371;2802;2745;1303;592;404;140;76;181;49;0;0;0;0;0;0;0;0;0;0;2747;1207;539;321;109;65;134;22;22;5;8;217;5;82;11
80;14522260;3756;2525;2476;807;215;165;625;195;117;78;3776;3013;2981;973;393;319;822;83;252;28;22;Mittelsachsen 5;3808;2103;2072;1104;330;283;79;99;114;35;28;0;0;0;0;0;0;0;0;0;2083;1025;281;256;66;72;78;22;11;4;2;223;2;29;12
81;14522280;1205;739;722;181;74;58;237;49;31;19;1236;801;793;242;103;64;237;24;68;8;22;Mittelsachsen 5;1304;660;638;313;106;72;40;53;38;12;4;0;0;0;0;0;0;0;0;0;651;313;96;71;33;25;38;7;4;1;0;57;2;1;3
82;14522290;2128;1470;1430;488;115;93;396;96;60;37;2171;1738;1723;562;207;165;498;57;128;19;22;Mittelsachsen 5;2240;1242;1209;702;180;142;53;45;56;20;11;0;0;0;0;0;0;0;0;0;1220;673;159;125;43;27;50;13;8;1;1;104;0;11;5
83;14522300;1763;1213;1179;312;151;67;353;54;55;77;1812;1396;1375;372;217;136;419;17;113;20;20;Mittelsachsen 3;1933;1050;1021;477;229;105;48;45;81;36;0;0;0;0;0;0;0;0;0;0;1032;447;198;82;34;33;55;16;7;0;0;132;1;25;2
84;14522310;6895;4361;4255;1244;538;390;1080;245;147;98;7051;5150;5070;1471;842;613;1359;131;373;37;21;Mittelsachsen 4;7328;3508;3432;1554;774;488;171;101;232;112;0;0;0;0;0;0;0;0;0;0;3449;1452;712;411;155;97;198;36;34;2;5;292;8;35;12
85;14522320;2749;1837;1801;593;140;118;496;108;92;53;2834;2162;2134;782;254;179;616;56;138;17;18;Mittelsachsen 1;2923;1576;1552;871;255;188;47;54;106;31;0;0;0;0;0;0;0;0;0;0;1558;794;235;168;53;50;90;10;10;1;4;124;5;11;3
86;14522330;5936;4213;4116;1106;394;326;1126;315;200;215;6021;5012;4940;1448;691;503;1425;149;444;51;20;Mittelsachsen 3;6161;3535;3467;1755;716;410;145;179;192;70;0;0;0;0;0;0;0;0;0;0;3503;1630;587;391;135;109;137;33;29;6;2;364;9;65;6
87;14522340;2187;1603;1572;439;133;94;490;70;61;96;2206;1953;1933;532;213;142;744;41;156;25;19;Mittelsachsen 2;2253;1394;1364;643;301;130;93;63;91;25;18;0;0;0;0;0;0;0;0;0;1379;656;231;123;66;52;62;7;10;6;0;119;2;42;3
88;14522350;3525;2232;2191;704;179;153;642;108;86;100;3664;2686;2651;810;322;297;821;54;166;35;22;Mittelsachsen 5;3869;1876;1836;830;290;414;53;79;131;24;15;0;0;0;0;0;0;0;0;0;1851;853;297;264;49;59;105;19;12;3;2;159;2;19;8
89;14522360;12074;7529;7344;1972;892;595;1893;520;328;153;12333;8997;8892;2444;1561;898;2320;309;755;66;20;Mittelsachsen 3;12592;6148;6022;2820;1550;654;234;259;360;145;0;0;0;0;0;0;0;0;0;0;6058;2698;1254;685;212;186;268;54;58;7;11;543;7;51;24
90;14522380;1737;988;962;266;87;99;271;59;38;21;1743;1112;1097;348;143;124;304;28;96;4;22;Mittelsachsen 5;1776;766;756;343;154;108;30;47;59;9;6;0;0;0;0;0;0;0;0;0;756;340;136;85;31;24;53;7;3;1;0;63;2;7;4
91;14522390;2037;1396;1365;419;103;97;420;63;74;55;2097;1716;1699;518;165;118;638;25;149;23;18;Mittelsachsen 1;2163;1231;1203;613;215;105;121;44;92;13;0;0;0;0;0;0;0;0;0;0;1207;626;172;93;64;26;64;9;5;2;0;128;3;13;2
92;14522400;2218;1420;1370;388;111;103;445;51;60;56;2265;1703;1662;472;181;154;594;39;126;19;18;Mittelsachsen 1;2386;1236;1203;625;197;141;106;31;86;17;0;0;0;0;0;0;0;0;0;0;1211;594;170;123;91;25;65;10;5;0;0;110;0;18;0
93;14522420;4156;2847;2785;694;331;256;762;258;149;51;4146;3311;3293;953;499;324;909;155;291;27;18;Mittelsachsen 1;4154;2338;2289;1126;428;304;71;207;114;39;0;0;0;0;0;0;0;0;0;0;2314;1083;373;295;81;123;80;17;14;4;3;214;7;14;6
94;14522430;2685;2011;1969;462;168;133;673;116;96;108;2735;2289;2269;578;266;188;815;82;205;34;19;Mittelsachsen 2;2790;1675;1639;729;373;202;116;79;80;23;37;0;0;0;0;0;0;0;0;0;1647;746;275;181;88;67;72;16;8;8;2;126;4;47;7
95;14522440;6663;4613;4524;1101;442;276;1433;238;206;312;6742;5304;5247;1523;709;436;1723;118;405;92;18;Mittelsachsen 1;6995;3626;3561;2000;673;320;113;99;260;96;0;0;0;0;0;0;0;0;0;0;3583;1637;631;331;131;101;204;29;30;3;8;373;5;84;16
96;14522450;2943;1850;1793;505;220;129;519;80;95;57;3034;2209;2181;625;333;208;682;45;156;10;21;Mittelsachsen 4;3174;1552;1518;719;347;158;80;48;140;26;0;0;0;0;0;0;0;0;0;0;1535;663;310;135;67;39;107;18;15;1;0;136;3;31;10
97;14522460;7485;4756;4653;1381;512;404;1286;255;181;162;7545;5583;5510;1678;899;604;1488;168;385;49;22;Mittelsachsen 5;7931;3885;3786;1700;812;625;204;144;203;56;42;0;0;0;0;0;0;0;0;0;3820;1757;729;464;116;110;167;34;18;11;2;344;8;50;10
98;14522470;1577;1167;1129;355;70;44;391;40;66;57;1632;1337;1320;374;109;70;542;24;137;12;18;Mittelsachsen 1;1726;1046;997;433;147;67;244;15;74;17;0;0;0;0;0;0;0;0;0;0;1027;512;134;77;98;15;47;8;9;0;1;101;4;18;3
99;14522480;2302;1584;1542;385;172;78;493;101;82;45;2322;1829;1797;475;204;161;663;61;141;18;19;Mittelsachsen 2;2406;1343;1306;618;263;158;62;63;88;28;26;0;0;0;0;0;0;0;0;0;1310;615;202;119;53;61;57;14;17;5;0;145;1;17;4
100;14522490;4881;3467;3395;906;523;260;766;248;146;93;5016;4096;4054;1146;789;462;995;97;318;28;22;Mittelsachsen 5;5208;2770;2732;1016;746;420;165;140;157;50;38;0;0;0;0;0;0;0;0;0;2752;1071;658;350;147;93;119;24;15;8;3;228;5;16;15
101;14522500;2881;1937;1885;498;171;123;570;118;105;88;2930;2333;2305;646;305;208;743;62;184;40;20;Mittelsachsen 3;2943;1623;1583;861;318;170;45;70;78;41;0;0;0;0;0;0;0;0;0;0;1594;784;273;166;55;51;58;15;16;5;0;140;2;24;5
102;14522510;6060;3782;3684;1047;430;369;930;176;184;100;6182;4446;4375;1293;653;453;1219;113;348;45;21;Mittelsachsen 4;6477;3052;2995;1359;655;483;120;105;220;53;0;0;0;0;0;0;0;0;0;0;3012;1334;579;377;104;91;189;42;15;4;3;221;7;28;18
103;14522520;1493;1058;1034;308;76;72;319;52;52;38;1541;1295;1280;401;143;118;413;34;110;14;18;Mittelsachsen 1;1629;936;911;472;164;95;73;24;60;23;0;0;0;0;0;0;0;0;0;0;920;460;133;90;61;18;39;9;7;1;1;88;3;8;2
104;14522530;1460;827;813;209;107;59;220;60;32;26;1509;1002;985;309;147;90;275;16;74;7;22;Mittelsachsen 5;1571;736;722;343;153;93;36;30;44;14;9;0;0;0;0;0;0;0;0;0;727;328;131;73;31;22;29;7;6;2;1;85;1;7;4
105;14522540;3794;2548;2474;687;186;138;887;94;105;95;3858;2948;2900;836;345;211;1058;56;186;54;20;Mittelsachsen 3;3996;2035;1979;1077;359;182;85;66;169;41;0;0;0;0;0;0;0;0;0;0;2008;967;310;193;82;49;131;25;17;1;4;186;4;33;6
106;14522550;1967;1018;978;264;77;88;301;52;34;39;2013;1214;1191;372;167;116;341;33;87;16;22;Mittelsachsen 5;2081;882;855;510;118;104;30;18;55;14;6;0;0;0;0;0;0;0;0;0;854;437;117;87;31;23;46;2;7;1;1;88;1;9;4
107;14522570;7302;4359;4279;1083;537;343;1077;217;387;124;7483;5263;5199;1385;845;586;1390;107;513;47;21;Mittelsachsen 4;7737;3524;3429;1375;769;522;292;112;287;72;0;0;0;0;0;0;0;0;0;0;3449;1280;693;428;279;109;206;48;30;1;6;306;8;33;22
108;14522580;1540;1131;1103;331;95;100;299;89;40;38;1580;1250;1232;380;161;149;338;37;89;17;22;Mittelsachsen 5;1630;871;850;390;143;130;44;54;63;19;7;0;0;0;0;0;0;0;0;0;856;390;132;112;34;31;46;12;4;0;1;68;2;22;2
109;14522590;2028;1234;1210;252;87;85;438;59;83;66;2039;1412;1398;325;167;120;542;26;127;29;19;Mittelsachsen 2;2118;1027;993;492;214;91;59;38;63;18;18;0;0;0;0;0;0;0;0;0;1003;494;164;93;38;25;48;13;11;3;2;84;3;23;2
110;14522600;612;305;296;72;42;24;70;20;20;9;638;396;394;115;61;40;107;11;27;6;22;Mittelsachsen 5;669;292;286;120;76;34;16;9;21;6;4;0;0;0;0;0;0;0;0;0;289;120;60;29;14;7;15;4;3;0;4;28;0;3;2
111;14522620;1107;628;615;173;48;39;207;25;26;34;1107;879;873;264;92;84;271;18;76;16;21;Mittelsachsen 4;1110;531;524;237;104;66;28;11;56;22;0;0;0;0;0;0;0;0;0;0;524;228;100;48;12;7;40;5;6;0;1;64;1;12;0
112;14523010;4107;2980;2910;830;307;336;652;205;108;159;4256;3831;3768;1272;537;456;942;114;223;54;2;Vogtland 2;4441;1781;1753;641;267;269;41;31;97;7;0;0;133;267;0;0;0;0;0;0;1757;734;275;273;34;33;119;17;12;1;3;181;3;68;4
113;14523020;15453;8830;8658;2438;1110;847;2035;563;412;152;15763;11529;11393;3766;1855;1282;2777;292;809;82;3;Vogtland 3;16349;7121;6989;3092;1397;973;178;290;296;56;0;0;707;0;0;0;0;0;0;0;7025;3165;1332;889;205;223;301;75;42;6;8;700;11;47;21
114;14523030;1540;883;861;219;82;66;281;39;44;46;1580;925;906;244;149;115;293;21;47;13;2;Vogtland 2;1697;610;597;278;102;80;10;10;25;2;0;0;69;21;0;0;0;0;0;0;603;277;107;73;8;14;26;3;0;1;6;76;0;10;2
115;14523040;3045;1564;1529;412;186;174;335;128;63;63;3107;1828;1809;552;279;233;460;67;117;23;2;Vogtland 2;3142;1842;1808;684;352;298;68;48;51;12;0;0;170;125;0;0;0;0;0;0;1811;708;354;264;52;57;50;22;7;2;1;219;6;62;7
116;14523050;831;490;466;122;57;69;120;20;22;11;820;547;542;148;74;56;181;18;36;2;2;Vogtland 2;874;369;363;156;60;55;10;5;16;4;0;0;49;8;0;0;0;0;0;0;364;158;51;60;12;2;21;7;4;0;2;40;0;6;1
117;14523060;954;540;532;139;80;47;131;38;31;7;976;627;618;175;106;67;183;22;28;7;2;Vogtland 2;1013;395;392;143;76;72;10;15;28;6;0;0;36;6;0;0;0;0;0;0;391;156;71;49;11;16;25;7;4;2;3;43;0;3;1
118;14523080;1023;563;541;146;64;46;157;26;20;12;1031;683;672;199;99;58;225;19;31;6;2;Vogtland 2;1057;425;414;154;86;62;6;15;37;2;0;0;36;16;0;0;0;0;0;0;414;164;85;52;8;12;38;7;0;1;1;33;0;11;2
119;14523090;2136;1106;1083;370;94;94;246;77;58;19;2196;1285;1267;443;133;156;325;41;106;9;3;Vogtland 3;2307;882;864;410;130;101;37;48;30;4;0;0;104;0;0;0;0;0;0;0;870;424;136;97;27;32;32;8;3;0;4;96;4;5;2
120;14523100;3408;2737;2666;717;317;295;585;216;114;58;3509;3800;3761;1295;608;444;792;137;289;20;4;Vogtland 4;3695;2147;2102;567;334;248;169;76;60;25;0;0;148;475;0;0;0;0;0;0;2107;841;383;304;99;80;78;32;22;1;6;163;3;83;12
121;14523120;6811;4350;4262;1414;536;379;866;239;207;61;6930;5679;5600;1923;845;646;1336;142;397;30;3;Vogtland 3;7170;3313;3252;1621;596;353;120;108;121;26;0;0;307;0;0;0;0;0;0;0;3282;1505;599;412;139;83;127;28;24;0;7;334;4;10;10
122;14523130;1441;703;678;243;62;57;123;43;46;9;1485;881;872;346;135;94;186;17;59;6;3;Vogtland 3;1535;658;649;345;110;72;24;18;21;3;0;0;56;0;0;0;0;0;0;0;649;362;94;60;15;17;18;10;3;0;2;59;0;7;2
123;14523150;1676;957;934;284;89;88;214;67;50;23;1697;1083;1071;398;128;109;247;34;74;22;4;Vogtland 4;1753;774;756;344;142;96;25;27;22;10;0;0;67;23;0;0;0;0;0;0;767;371;123;86;34;29;20;9;2;0;2;79;2;5;5
124;14523160;7188;4382;4255;1265;510;340;1128;220;175;109;7417;5527;5472;1777;853;546;1575;128;351;43;3;Vogtland 3;7840;3296;3234;1374;655;542;72;88;132;34;0;0;337;0;0;0;0;0;0;0;3258;1431;665;390;96;73;140;25;21;0;5;367;9;27;9
125;14523170;5936;3536;3447;995;442;338;761;242;169;55;6048;3661;3594;1222;578;393;861;111;250;30;4;Vogtland 4;6258;2826;2776;1143;594;337;93;99;95;30;0;0;324;61;0;0;0;0;0;0;2788;1215;554;371;86;85;105;18;20;1;4;280;3;32;14
126;14523190;1212;666;644;169;73;56;139;54;56;15;1222;789;770;276;100;83;172;30;72;10;4;Vogtland 4;1253;545;525;225;90;73;33;15;21;4;0;0;47;17;0;0;0;0;0;0;531;256;77;65;25;15;26;4;4;0;1;42;1;10;5
127;14523200;6375;4033;3919;1034;326;306;1005;303;194;242;6509;5342;5274;1633;691;606;1427;189;412;89;2;Vogtland 2;6782;2994;2946;1273;422;394;117;97;119;30;0;0;408;86;0;0;0;0;0;0;2959;1268;419;353;137;104;121;31;15;4;11;432;4;51;9
128;14523230;1112;625;605;156;45;37;204;27;36;17;1120;722;703;196;80;60;261;12;52;10;2;Vogtland 2;1153;488;477;210;58;49;16;8;33;5;0;0;85;13;0;0;0;0;0;0;479;221;58;35;15;9;35;3;4;0;1;86;1;8;3
129;14523245;2599;1480;1435;476;167;166;312;67;59;43;2627;1715;1697;631;247;186;412;26;117;21;3;Vogtland 3;2794;1215;1187;575;220;156;36;32;57;9;0;0;102;0;0;0;0;0;0;0;1199;574;211;152;47;21;60;10;6;0;2;97;1;16;2
130;14523260;3319;2675;2615;756;332;278;561;178;137;51;3393;2030;2007;637;332;240;489;53;151;14;4;Vogtland 4;3493;1952;1918;693;477;261;105;70;58;14;0;0;157;83;0;0;0;0;0;0;1924;756;421;278;99;63;69;22;8;1;7;169;4;21;6
131;14523270;1780;1080;1057;273;107;79;318;52;44;37;1812;1274;1259;358;168;119;434;19;83;9;3;Vogtland 3;1880;857;839;376;129;92;14;25;90;9;0;0;104;0;0;0;0;0;0;0;843;369;122;94;19;25;74;10;3;1;7;108;2;5;4
132;14523280;2478;1398;1363;342;124;148;356;124;69;28;2498;1535;1510;475;228;162;392;57;124;14;4;Vogtland 4;2489;1060;1033;407;238;118;60;42;36;16;0;0;97;19;0;0;0;0;0;0;1041;443;183;145;49;37;41;5;14;2;1;103;1;10;7
133;14523290;848;474;454;121;62;47;83;24;24;13;852;569;556;187;83;62;145;13;35;3;3;Vogtland 3;858;350;342;179;71;36;11;7;6;3;0;0;29;0;0;0;0;0;0;0;343;164;62;48;14;4;6;6;2;0;0;31;1;3;2
134;14523300;8766;5076;4971;1342;686;502;1148;348;210;87;8906;6652;6548;1857;1176;815;1699;158;482;54;2;Vogtland 2;9193;3950;3887;1418;846;681;137;109;184;40;0;0;414;58;0;0;0;0;0;0;3899;1448;810;558;147;111;218;48;32;2;30;446;3;30;16
135;14523310;4216;3373;3299;1049;312;276;744;210;170;186;4305;3894;3838;1338;502;407;946;123;310;72;2;Vogtland 2;4504;2598;2554;1159;388;345;109;101;100;13;0;0;251;88;0;0;0;0;0;0;2565;1164;395;315;102;91;129;18;12;0;8;239;2;80;10
136;14523320;52251;30852;30372;6627;3931;3288;7298;2700;1541;501;53016;39269;38746;9846;6730;4606;10800;1366;2939;279;1;Vogtland 1;53832;25049;24563;8140;5137;3866;1086;1770;1007;265;0;0;2832;460;0;0;0;0;0;0;24637;8943;4999;3723;865;1195;1161;253;186;23;49;2784;25;262;169
137;14523330;2107;1193;1168;314;139;120;270;75;54;42;2149;1381;1356;452;199;126;354;49;106;16;4;Vogtland 4;2197;961;945;384;159;144;28;53;30;7;0;0;93;47;0;0;0;0;0;0;949;404;145;146;31;51;31;3;6;1;0;106;1;21;3
138;14523340;17327;9919;9740;2264;1385;1060;2365;687;526;141;17702;13070;12923;3722;2315;1591;3296;347;912;105;4;Vogtland 4;16310;7182;7043;2244;2144;867;329;294;231;102;0;0;652;180;0;0;0;0;0;0;7083;2642;1799;946;251;247;266;73;63;5;10;676;8;68;29
139;14523360;5371;3802;3703;1160;474;360;848;219;152;59;5451;5167;5111;1647;859;559;1312;129;349;37;4;Vogtland 4;5649;2592;2542;1046;518;375;95;83;88;22;0;0;274;41;0;0;0;0;0;0;2560;1132;482;359;78;57;93;29;9;2;12;280;6;14;7
140;14523365;3521;1967;1922;507;191;175;510;137;130;32;3559;2256;2230;637;308;232;709;81;149;28;2;Vogtland 2;3658;1516;1480;526;277;182;53;59;92;9;0;0;258;24;0;0;0;0;0;0;1486;571;247;188;63;60;108;9;8;1;3;199;1;24;4
141;14523370;2680;2292;2241;630;231;174;556;164;82;158;2722;1718;1687;537;253;189;458;57;123;22;2;Vogtland 2;2822;1610;1578;695;269;202;46;50;76;6;0;0;180;54;0;0;0;0;0;0;1584;686;268;174;50;51;84;21;9;0;6;183;1;46;5
142;14523380;2327;1163;1123;385;86;92;287;57;49;31;2384;1440;1403;560;163;116;394;31;73;16;4;Vogtland 4;2441;976;953;512;127;92;37;31;35;9;0;0;97;13;0;0;0;0;0;0;957;525;118;87;41;20;40;4;5;1;3;98;3;10;2
143;14523410;848;571;556;137;52;49;194;25;18;13;861;663;647;194;94;51;213;14;50;6;2;Vogtland 2;885;614;591;214;98;88;47;20;37;8;0;0;72;7;0;0;0;0;0;0;596;241;86;66;37;14;45;13;3;1;2;81;0;3;4
144;14523420;1156;666;652;156;89;65;185;34;34;10;1176;767;761;242;118;78;216;17;45;6;2;Vogtland 2;1211;479;473;184;97;71;26;13;16;4;0;0;53;9;0;0;0;0;0;0;475;199;91;69;20;14;14;3;2;0;2;52;0;8;1
145;14523430;6563;4132;4012;1087;504;375;975;245;168;170;6693;5168;5103;1605;781;544;1348;159;349;57;3;Vogtland 3;6886;3268;3229;1362;617;425;94;125;171;31;0;0;404;0;0;0;0;0;0;0;3239;1325;588;430;99;102;161;31;25;4;46;372;4;38;14
146;14523440;1037;568;550;122;70;53;141;41;27;31;1067;646;636;194;106;72;167;16;38;20;2;Vogtland 2;1103;386;379;133;70;98;6;11;14;5;0;0;28;14;0;0;0;0;0;0;379;142;75;65;10;7;18;4;5;0;1;34;2;15;1
147;14523450;4897;3498;3409;957;411;277;759;246;160;183;4969;3917;3863;1304;550;403;953;135;296;56;2;Vogtland 2;4285;2289;2254;930;408;312;149;83;79;19;0;0;211;63;0;0;0;0;0;0;2257;977;397;295;90;97;86;24;10;3;10;209;2;49;8
148;14523460;1274;816;784;246;64;75;190;54;43;24;1273;905;888;316;116;81;237;22;70;8;2;Vogtland 2;1292;551;548;242;86;81;20;17;19;2;0;0;68;13;0;0;0;0;0;0;547;257;72;73;17;16;24;2;2;0;1;68;3;11;1
149;14524010;1848;1154;1109;349;109;87;292;71;66;25;1856;1302;1285;400;177;126;328;31;143;13;8;Zwickau 4;1910;893;877;450;165;88;60;49;38;0;0;0;0;27;0;0;0;0;0;0;882;435;149;91;52;17;29;7;3;1;0;85;0;10;3
150;14524020;4083;2804;2738;794;289;227;652;198;135;89;4120;3192;3149;1029;430;343;833;106;235;32;9;Zwickau 5;4292;2224;2177;1000;393;217;66;92;97;22;0;0;217;73;0;0;0;0;0;0;2188;1047;370;200;69;88;95;13;15;2;2;237;7;34;9
151;14524030;15618;9051;8834;2400;1155;767;2086;652;480;171;15915;11549;11361;3614;1905;1251;2858;318;842;90;6;Zwickau 2;16521;6978;6839;3097;1427;765;420;261;473;85;54;0;0;257;0;0;0;0;0;0;6881;3035;1301;776;266;240;408;77;50;20;13;535;24;117;19
152;14524040;1624;889;868;292;56;61;222;49;37;34;1681;1057;1027;402;98;95;266;15;82;12;5;Zwickau 1;1731;781;762;377;98;81;21;30;41;5;16;0;0;93;0;0;0;0;0;0;765;377;110;84;18;19;37;9;5;4;0;77;0;22;3
153;14524050;1111;717;697;214;60;59;164;44;37;41;1119;784;774;293;83;83;177;24;74;9;6;Zwickau 2;1146;621;606;286;84;64;56;27;46;7;1;0;0;35;0;0;0;0;0;0;616;324;79;53;23;24;44;1;7;0;1;41;2;15;2
154;14524060;4352;2730;2671;831;314;241;582;169;109;115;4418;3452;3398;1181;534;383;818;109;216;41;6;Zwickau 2;4490;2233;2193;1084;398;234;90;78;140;43;18;0;0;108;0;0;0;0;0;0;2202;1054;380;234;59;61;118;32;17;5;3;164;1;67;7
155;14524070;3418;2222;2164;519;277;190;596;173;100;72;3477;2705;2648;751;410;310;724;67;226;39;9;Zwickau 5;3586;1730;1705;722;373;213;45;66;76;16;0;0;143;51;0;0;0;0;0;0;1713;751;338;216;52;52;86;29;8;0;0;142;2;32;5
156;14524080;18741;10915;10643;2768;1344;1064;2259;841;593;375;19088;13511;13343;4076;2312;1546;3045;485;1050;173;8;Zwickau 4;19703;8514;8414;4033;1954;822;443;407;409;0;0;0;0;346;0;0;0;0;0;0;8443;3632;1772;1030;339;333;338;85;57;9;9;592;7;193;47
157;14524090;3794;2648;2571;893;230;163;666;115;113;51;3865;3057;3013;1136;345;232;863;62;210;24;5;Zwickau 1;3941;2166;2102;1111;286;201;155;56;121;32;38;0;0;102;0;0;0;0;0;0;2136;1112;274;171;120;33;99;27;9;10;2;236;6;20;17
158;14524100;1095;581;569;251;38;37;105;35;32;9;1088;663;652;280;59;63;148;15;53;10;5;Zwickau 1;1129;575;564;419;51;20;8;6;18;2;6;0;0;34;0;0;0;0;0;0;569;330;63;43;24;12;27;5;2;3;3;43;0;11;3
159;14524110;986;629;615;227;55;40;158;30;28;15;1007;702;693;267;81;52;198;13;46;4;5;Zwickau 1;1014;549;534;272;61;49;32;23;26;6;4;0;0;61;0;0;0;0;0;0;539;278;64;44;24;21;27;2;3;0;0;58;0;17;1
160;14524120;12397;7283;7136;1830;927;690;1772;619;333;156;12574;9045;8965;2608;1643;1013;2208;281;704;81;9;Zwickau 5;13008;5438;5350;2161;1321;664;168;236;168;67;0;0;443;122;0;0;0;0;0;0;5369;2151;1243;665;207;213;180;57;49;3;9;476;9;77;30
161;14524130;6899;4422;4292;1172;455;324;1142;264;183;247;6985;5518;5426;1709;814;545;1535;138;358;111;5;Zwickau 1;7228;3619;3542;1370;498;287;117;157;227;31;62;0;0;793;0;0;0;0;0;0;3568;1551;584;369;100;121;249;30;24;6;4;290;5;212;23
162;14524140;3008;2131;2080;668;229;166;496;124;72;99;2989;2446;2420;846;313;236;648;62;177;34;6;Zwickau 2;3046;1597;1574;819;270;140;72;55;97;23;3;0;0;95;0;0;0;0;0;0;1577;816;234;142;54;59;79;13;13;1;0;111;3;46;6
163;14524150;2055;1442;1396;347;173;97;372;75;68;76;2087;1683;1636;454;258;168;466;39;136;28;5;Zwickau 1;2162;1208;1186;492;256;121;42;48;85;13;45;0;0;84;0;0;0;0;0;0;1194;463;258;100;26;42;83;18;7;15;4;129;0;44;5
164;14524160;9663;6332;6203;1505;783;684;1465;439;385;240;9907;7749;7651;2265;1288;923;1901;264;565;139;8;Zwickau 4;10297;5050;4954;2034;1125;705;182;298;298;0;0;0;0;312;0;0;0;0;0;0;4996;2007;981;698;147;162;229;55;32;1;3;452;6;200;23
165;14524170;5398;3532;3453;1022;437;293;763;249;187;104;5508;4326;4262;1406;697;471;995;115;385;39;5;Zwickau 1;5619;2715;2646;1098;572;368;143;177;123;39;20;0;0;106;0;0;0;0;0;0;2685;1249;508;310;95;105;107;29;18;7;0;218;2;30;7
166;14524180;19735;12584;12351;3276;1146;964;2803;933;496;1304;19950;14942;14776;4527;2155;1585;3683;471;1283;316;9;Zwickau 5;20266;9610;9474;3934;1596;1120;349;453;301;85;0;0;862;774;0;0;0;0;0;0;9502;4154;1578;1124;362;395;331;107;71;8;5;856;12;473;26
167;14524190;12230;7404;7226;1780;787;680;1695;476;461;327;12575;9230;9097;2661;1308;1069;2393;236;791;149;8;Zwickau 4;13080;5827;5721;1972;1096;608;750;213;500;0;0;0;0;582;0;0;0;0;0;0;5754;2350;954;679;302;188;428;57;33;4;7;474;6;250;22
168;14524200;9384;6245;6101;1772;659;476;1511;364;307;311;9580;7498;7402;2535;1051;692;1989;166;565;116;5;Zwickau 1;9969;5224;5084;2270;973;630;287;240;281;81;30;0;0;292;0;0;0;0;0;0;5157;2462;856;552;187;144;224;49;27;5;5;517;3;115;11
169;14524210;3288;2150;2093;648;245;176;473;129;88;65;3361;2568;2537;810;398;258;625;81;224;37;6;Zwickau 2;3425;1788;1757;1064;276;129;68;47;75;18;11;0;0;69;0;0;0;0;0;0;1760;852;315;165;54;56;87;17;15;3;2;141;4;41;8
170;14524220;1877;1159;1134;330;81;88;263;75;40;128;1866;1274;1263;419;159;134;316;33;102;46;9;Zwickau 5;1907;948;932;309;88;93;58;24;40;8;0;0;78;234;0;0;0;0;0;0;934;432;113;87;35;22;42;10;10;0;0;84;2;95;2
171;14524230;4934;3153;3086;841;356;250;743;236;237;64;4996;3884;3839;1192;610;351;995;121;380;41;9;Zwickau 5;5132;2439;2409;1119;497;287;89;96;66;25;0;0;189;41;0;0;0;0;0;0;2413;1106;462;304;111;98;71;25;14;3;2;180;1;26;10
172;14524240;839;517;507;154;54;35;111;38;33;24;864;608;602;201;104;59;140;21;47;8;8;Zwickau 4;884;430;423;212;78;47;38;9;14;0;0;0;0;25;0;0;0;0;0;0;423;200;64;44;29;11;14;4;4;0;0;40;0;12;1
173;14524250;6268;3992;3915;1166;494;319;832;242;206;211;6408;4881;4819;1634;743;493;1192;135;373;50;5;Zwickau 1;6564;3248;3163;1247;626;437;217;147;183;67;31;0;0;208;0;0;0;0;0;0;3197;1526;583;320;123;99;147;33;20;7;3;263;2;63;8
174;14524260;1409;851;826;249;68;79;217;46;32;27;1444;916;906;268;141;108;249;24;74;8;8;Zwickau 4;1466;653;640;321;141;63;34;24;35;0;0;0;0;22;0;0;0;0;0;0;641;293;113;86;20;19;28;4;4;1;0;63;0;8;2
175;14524270;728;548;536;188;44;34;105;42;44;16;748;576;571;213;68;60;129;15;59;6;8;Zwickau 4;762;432;427;257;51;29;24;19;28;0;0;0;0;19;0;0;0;0;0;0;429;248;39;38;22;14;23;5;4;0;0;23;0;13;0
176;14524280;2646;1530;1491;399;161;109;390;127;69;25;2696;1770;1748;563;276;139;493;49;138;21;8;Zwickau 4;2802;1260;1234;538;250;116;52;187;63;0;0;0;0;28;0;0;0;0;0;0;1241;558;218;129;52;54;44;15;5;0;3;149;3;8;3
177;14524290;3365;2416;2373;649;252;201;560;177;89;148;3423;2890;2853;884;489;277;700;111;195;60;8;Zwickau 4;3516;1884;1850;856;433;180;75;101;97;0;0;0;0;108;0;0;0;0;0;0;1866;804;387;188;56;76;71;22;12;2;2;169;3;63;11
178;14524300;17074;10138;9877;2496;1293;967;2448;668;467;311;17367;12078;11916;3381;2210;1314;3192;303;841;112;6;Zwickau 2;17934;7458;7319;3149;1722;783;378;279;490;91;55;0;0;372;0;0;0;0;0;0;7365;3087;1557;843;286;233;410;81;52;15;11;587;14;163;26
179;14524310;2960;2012;1964;562;191;164;555;110;101;47;3051;2389;2355;747;316;225;699;56;184;20;5;Zwickau 1;3212;1624;1583;670;261;201;99;87;118;28;24;0;0;95;0;0;0;0;0;0;1602;730;247;156;69;55;104;18;13;3;0;171;1;30;5
180;14524320;8306;4654;4552;1228;600;405;1146;250;250;99;8481;5993;5914;1717;1006;625;1639;138;477;64;5;Zwickau 1;8894;3765;3662;1449;882;498;180;184;221;42;25;0;0;181;0;0;0;0;0;0;3705;1612;805;390;119;106;170;40;17;3;2;375;1;50;15
181;14524330;72992;40640;39855;9018;5476;4046;9965;3131;1921;730;74554;52575;51852;14391;9332;5826;14000;1646;3794;469;6677;Zwickau 2-3;77250;30305;29737;11284;7081;4006;997;1559;1193;375;209;0;2298;735;0;0;0;0;0;0;29897;11951;6545;3891;920;1220;1249;335;243;94;27;2868;32;359;163
182;14625010;3878;2645;2584;634;189;184;853;225;126;68;3928;2898;2869;817;335;257;870;114;278;31;53;Bautzen 2;3893;1692;1646;791;279;198;90;86;99;27;0;0;0;70;0;0;6;0;0;0;1665;753;217;188;94;81;81;10;15;5;1;173;2;36;9
183;14625020;31965;19704;19342;4476;2161;1340;6097;1368;875;451;32508;24104;23774;5763;3645;2217;7687;774;1835;329;56;Bautzen 5;33261;17006;16660;6321;3673;1954;1066;909;2247;490;0;0;0;0;0;0;0;0;0;0;16775;5465;3088;1818;610;700;1805;223;157;40;36;2398;65;281;89
184;14625030;5405;3386;3283;744;401;238;1089;146;142;87;5447;4345;4275;1172;719;394;1354;73;260;50;54;Bautzen 3;5658;2991;2938;1618;569;247;76;55;227;37;26;0;0;83;0;0;0;0;0;0;2944;1210;607;307;113;72;206;33;13;6;7;297;9;34;30
185;14625040;9247;5603;5451;1249;696;361;1750;305;318;150;9332;6583;6467;1659;989;668;2081;162;474;86;52;Bautzen 1;9772;4665;4558;1899;887;804;198;102;398;64;0;0;0;206;0;0;0;0;0;0;4596;1764;809;620;182;128;335;47;37;8;11;533;19;81;22
186;14625060;2142;1576;1532;449;127;95;562;61;60;31;2162;1547;1527;448;141;159;574;22;109;16;52;Bautzen 1;2243;1199;1184;628;153;134;60;31;112;19;0;0;0;47;0;0;0;0;0;0;1191;638;138;105;41;24;77;7;4;1;0;142;3;8;3
187;14625080;826;537;522;261;25;21;98;29;21;12;831;547;536;253;51;28;109;17;51;8;53;Bautzen 2;848;519;507;356;52;18;29;9;11;12;0;0;0;11;0;0;9;0;0;0;510;350;41;22;25;16;10;3;2;0;0;29;0;9;3
188;14625090;3939;2788;2729;835;202;144;954;107;102;112;4005;2476;2442;664;311;180;938;39;170;27;52;Bautzen 1;4218;2714;2662;1354;465;266;86;62;280;35;0;0;0;114;0;0;0;0;0;0;2671;1174;404;266;91;60;194;36;11;5;7;365;3;47;8
189;14625100;2203;1421;1365;316;140;98;514;50;71;25;2249;1509;1471;378;188;130;553;18;114;13;52;Bautzen 1;2329;1146;1113;529;191;127;82;20;124;9;0;0;0;31;0;0;0;0;0;0;1117;495;172;104;40;19;95;14;5;4;7;143;3;13;3
190;14625110;3369;2327;2267;561;150;117;868;128;136;49;3418;2368;2328;605;215;137;928;62;208;31;56;Bautzen 5;3458;1704;1669;798;231;128;120;77;268;47;0;0;0;0;0;0;0;0;0;0;1676;669;187;118;81;46;191;19;9;3;6;314;2;23;8
191;14625120;2928;2299;2251;629;220;174;707;102;130;56;2962;2599;2568;782;370;215;759;47;260;37;55;Bautzen 4;3077;1854;1825;966;349;142;66;33;91;19;0;0;0;159;0;0;0;0;0;0;1832;983;273;167;53;30;73;12;14;2;6;164;4;40;11
192;14625130;2278;1615;1562;363;144;100;546;71;106;34;2300;1536;1506;396;189;106;584;32;109;14;53;Bautzen 2;2378;1175;1150;555;204;101;45;26;150;18;0;0;0;33;0;0;18;0;0;0;1163;542;171;104;33;23;134;5;10;2;4;116;1;13;5
193;14625140;762;462;444;132;31;22;140;20;21;9;767;520;504;169;50;50;162;6;32;3;52;Bautzen 1;794;372;361;206;46;26;15;10;32;7;0;0;0;19;0;0;0;0;0;0;363;194;40;24;12;7;28;4;2;0;0;49;0;3;0
194;14625150;2540;1771;1717;427;151;84;610;85;77;118;2576;2531;2494;709;281;201;870;56;190;56;52;Bautzen 1;2646;1766;1727;789;294;146;79;51;216;27;0;0;0;125;0;0;0;0;0;0;1740;767;233;119;57;36;163;15;19;3;4;247;6;66;5
195;14625160;3523;2393;2313;506;189;106;953;107;103;111;3555;2411;2367;570;260;160;1003;46;166;49;56;Bautzen 5;3560;1857;1803;739;377;166;109;42;331;39;0;0;0;0;0;0;0;0;0;0;1819;625;286;156;64;31;248;16;9;2;5;326;5;38;8
196;14625170;2338;1899;1851;466;160;168;557;101;93;58;2295;2117;2092;584;241;209;642;58;192;32;52;Bautzen 1;2316;1575;1542;720;223;248;61;46;122;18;0;0;0;104;0;0;0;0;0;0;1546;696;202;175;63;49;113;21;9;3;1;166;2;35;11
197;14625180;802;551;532;132;41;33;187;25;30;20;807;588;583;138;61;50;221;11;52;13;53;Bautzen 2;811;478;471;246;73;40;28;14;42;8;0;0;0;19;0;0;1;0;0;0;471;211;61;52;18;15;33;4;2;0;1;59;1;11;3
198;14625190;2270;1890;1857;492;156;111;650;99;74;69;2284;2634;2611;737;335;211;866;62;221;29;52;Bautzen 1;2332;1210;1159;539;203;127;40;45;131;22;0;0;0;52;0;0;0;0;0;0;1182;468;182;123;49;38;84;13;9;0;2;180;1;28;5
199;14625200;7788;4924;4792;1188;434;332;1384;357;285;219;7846;5809;5703;1465;743;533;1873;186;535;83;53;Bautzen 2;5530;3227;3151;1439;565;419;151;103;220;50;0;0;0;183;0;0;21;0;0;0;3177;1350;464;375;168;111;183;46;32;9;4;335;7;81;12
200;14625220;3412;2340;2263;572;194;156;700;127;113;116;3449;2927;2876;816;371;284;910;87;226;50;53;Bautzen 2;3486;2192;2146;1048;436;199;98;76;156;24;0;0;0;81;0;0;28;0;0;0;2156;978;317;218;99;60;122;21;13;6;1;242;5;64;10
201;14625230;1827;1176;1135;316;64;55;465;52;46;32;1867;1318;1296;349;125;80;502;31;115;21;56;Bautzen 5;1955;1021;1003;544;146;62;46;49;117;39;0;0;0;0;0;0;0;0;0;0;1011;475;109;77;37;38;99;11;13;1;0;123;2;22;4
202;14625240;27956;15586;15217;3215;2557;1661;4453;628;588;508;28738;20030;19715;4811;4126;2385;5509;346;1302;370;55;Bautzen 4;30132;12083;11830;4319;3631;1127;289;253;660;132;0;0;0;1419;0;0;0;0;0;0;11887;4415;3129;1403;319;205;535;77;72;20;57;942;49;604;60
203;14625250;13957;8261;8064;1716;1178;519;2459;464;389;296;12295;8925;8783;2116;1595;828;2728;230;704;120;53;Bautzen 2;12697;6439;6308;2327;2028;492;252;169;539;124;0;0;0;172;0;0;205;0;0;0;6354;2442;1474;630;232;173;426;75;50;14;12;677;8;111;30
204;14625270;3656;2900;2836;721;267;169;927;156;140;112;3631;3182;3143;884;384;262;1044;75;282;58;54;Bautzen 3;3653;2305;2272;1366;319;177;78;68;140;28;7;0;0;89;0;0;0;0;0;0;2276;977;349;202;113;82;127;16;23;2;8;298;6;63;10
205;14625280;2845;2301;2252;574;192;99;866;94;98;77;2883;2663;2624;699;318;207;962;58;197;71;55;Bautzen 4;2983;1656;1624;741;288;108;104;61;171;35;0;0;0;116;0;0;0;0;0;0;1635;747;206;115;65;43;129;20;20;6;2;215;4;60;3
206;14625290;2098;1397;1360;370;108;74;501;51;64;46;2113;1554;1520;408;170;106;580;34;122;13;56;Bautzen 5;2191;1298;1272;678;186;104;78;27;160;39;0;0;0;0;0;0;0;0;0;0;1280;587;167;103;43;23;134;13;15;3;4;163;6;16;3
207;14625300;1519;965;930;208;76;50;304;50;50;57;1534;1050;1032;283;112;85;350;27;93;23;54;Bautzen 3;1586;833;815;511;95;76;32;19;46;10;2;0;0;24;0;0;0;0;0;0;820;378;101;85;49;21;46;9;5;1;0;95;2;23;5
208;14625310;7170;3978;3862;755;516;323;1287;154;153;205;7340;5110;5032;1268;875;541;1544;93;312;110;54;Bautzen 3;7509;2938;2888;1505;530;259;66;144;202;29;18;0;0;135;0;0;0;0;0;0;2894;1159;591;307;92;85;168;42;25;3;1;295;10;107;9
209;14625320;1303;838;820;207;61;60;275;50;46;27;1337;899;885;238;114;79;301;29;72;14;53;Bautzen 2;1358;714;688;314;145;73;49;18;55;10;0;0;0;19;0;0;5;0;0;0;700;314;123;65;30;18;37;7;8;0;0;89;0;8;1
210;14625330;4528;3144;3084;750;331;246;1090;93;128;132;4570;3734;3684;1005;500;349;1323;52;250;68;55;Bautzen 4;4764;2421;2356;1112;527;199;76;53;208;30;0;0;0;151;0;0;0;0;0;0;2385;1127;437;196;66;37;149;12;13;6;1;267;8;57;9
211;14625340;3847;2802;2726;742;223;130;978;122;124;74;3908;3575;3530;992;412;244;1325;68;242;57;56;Bautzen 5;4066;2638;2574;1240;440;235;144;79;366;70;0;0;0;0;0;0;0;0;0;0;2597;1121;332;198;83;63;288;27;17;2;2;405;9;38;12
212;14625350;911;659;644;289;28;19;141;37;27;16;909;699;683;286;48;47;159;20;73;12;53;Bautzen 2;959;599;586;428;44;21;17;17;19;15;0;0;0;15;0;0;10;0;0;0;591;426;30;30;16;13;12;2;8;3;0;37;1;9;4
213;14625360;1966;1194;1170;249;89;64;527;55;55;21;1991;1362;1336;326;146;115;557;25;92;22;55;Bautzen 4;2034;1019;988;411;175;61;111;31;138;22;0;0;0;39;0;0;0;0;0;0;1001;446;138;63;32;18;108;10;10;1;2;155;5;11;2
214;14625370;1357;792;764;160;65;60;282;43;33;23;1374;945;927;216;121;74;353;24;50;23;54;Bautzen 3;1417;651;636;363;110;43;17;15;53;13;3;0;0;19;0;0;0;0;0;0;635;267;102;56;29;20;49;4;11;1;3;79;0;14;0
215;14625380;4112;2686;2626;638;229;160;946;102;111;69;4136;3559;3503;930;446;278;1229;71;281;60;52;Bautzen 1;4244;1887;1853;807;300;193;69;46;283;39;0;0;0;116;0;0;0;0;0;0;1860;702;245;175;54;41;234;18;21;7;3;299;7;44;10
216;14625390;1716;1060;1030;247;75;52;368;53;70;35;1735;1218;1203;280;144;97;447;28;114;26;52;Bautzen 1;1743;923;897;396;177;92;32;34;99;10;0;0;0;57;0;0;0;0;0;0;908;348;148;95;36;29;78;3;4;2;1;136;3;21;4
217;14625410;1988;1147;1124;263;113;55;347;68;82;28;1979;1317;1298;340;203;101;432;27;116;20;53;Bautzen 2;1977;887;875;387;207;87;64;35;54;12;0;0;0;25;0;0;4;0;0;0;876;368;170;88;69;16;48;7;11;0;2;82;1;11;3
218;14625420;1870;1387;1349;290;149;85;527;44;55;41;1912;1298;1262;294;174;117;520;29;65;14;54;Bautzen 3;1957;932;908;513;153;65;23;17;87;14;3;0;0;33;0;0;0;0;0;0;913;358;167;74;31;20;75;7;8;1;1;154;1;13;3
219;14625430;8090;5586;5485;1259;528;350;1543;474;385;180;8146;6631;6535;1686;801;542;2030;290;741;93;54;Bautzen 3;8184;4633;4581;2564;727;495;127;191;223;75;34;0;0;145;0;0;0;0;0;0;4581;1857;739;549;246;220;199;41;52;11;9;535;13;82;28
220;14625440;1643;1510;1471;684;83;62;247;115;72;33;1673;1675;1661;787;124;117;312;62;143;27;53;Bautzen 2;1695;1373;1338;966;123;62;33;52;24;17;0;0;0;42;0;0;19;0;0;0;1355;984;92;57;38;51;15;10;6;1;0;73;1;18;9
221;14625450;6200;4610;4420;1009;474;285;1300;277;314;113;6249;5189;5119;1295;713;522;1582;149;494;69;53;Bautzen 2;6288;3633;3527;1506;728;424;259;196;211;66;0;0;0;103;0;0;34;0;0;0;3553;1418;598;380;252;127;182;46;38;7;7;419;3;51;25
222;14625460;658;405;385;109;19;20;162;11;21;9;673;454;441;138;45;27;164;11;24;8;55;Bautzen 4;704;341;332;169;38;17;22;16;41;10;0;0;0;19;0;0;0;0;0;0;332;181;34;17;7;8;34;3;3;0;0;39;2;2;2
223;14625470;878;520;500;209;23;19;114;28;32;14;883;566;560;242;47;39;141;28;33;7;53;Bautzen 2;903;518;508;356;37;19;19;11;29;11;0;0;0;17;0;0;9;0;0;0;511;358;22;23;16;15;22;0;4;0;0;39;0;9;3
224;14625480;15113;10114;9898;2218;984;939;2628;961;563;328;15243;11751;11609;3018;1594;1259;3344;486;1092;185;54;Bautzen 3;15213;8497;8375;4404;1258;1190;224;361;408;203;81;0;0;246;0;0;0;0;0;0;8385;3272;1311;1282;385;447;363;100;114;32;9;835;11;170;54
225;14625490;2521;1604;1557;481;92;86;544;62;62;55;2521;1783;1742;547;165;111;631;41;132;29;55;Bautzen 4;2619;1360;1300;688;173;80;80;58;136;30;0;0;0;55;0;0;0;0;0;0;1327;701;134;79;47;38;100;9;14;1;3;165;3;29;4
226;14625500;1310;858;843;383;34;31;200;44;43;20;1341;953;937;420;70;54;217;26;96;10;53;Bautzen 2;1375;820;810;554;89;36;38;20;34;12;0;0;0;21;0;0;6;0;0;0;816;576;55;29;20;26;29;1;7;0;0;60;3;8;2
227;14625510;1108;733;698;171;67;35;205;41;50;22;1117;797;781;225;76;63;262;19;68;16;52;Bautzen 1;1156;561;551;270;94;58;24;15;48;12;0;0;0;30;0;0;0;0;0;0;553;268;68;40;19;17;33;9;6;0;1;72;1;17;2
228;14625525;5170;3567;3482;1112;207;207;1053;218;173;128;5262;4221;4167;1415;409;325;1264;99;361;64;52;Bautzen 1;5486;3191;3113;1638;422;307;129;96;291;62;0;0;0;168;0;0;0;0;0;0;3135;1501;347;309;127;95;211;30;24;0;2;390;8;83;8
229;14625530;2544;1535;1474;296;135;84;566;71;71;38;2572;1700;1678;414;238;125;632;45;117;26;52;Bautzen 1;2648;1290;1253;455;200;215;43;36;128;12;0;0;0;164;0;0;0;0;0;0;1265;507;196;141;25;29;98;14;4;5;0;187;5;46;8
230;14625550;2049;1304;1269;286;121;69;444;61;62;54;2098;1483;1455;405;197;141;464;37;104;28;54;Bautzen 3;2148;1122;1103;640;139;101;36;26;99;14;8;0;0;40;0;0;0;0;0;0;1103;471;144;110;49;27;85;12;10;5;2;148;3;32;5
231;14625560;5556;4076;4001;1061;283;182;1419;179;186;187;5610;4614;4542;1268;490;347;1616;105;327;120;52;Bautzen 1;5858;3410;3353;1576;621;276;149;106;357;60;0;0;0;208;0;0;0;0;0;0;3361;1413;439;304;120;90;304;46;32;7;4;466;10;106;20
232;14625570;1607;1032;997;245;105;65;381;33;39;23;1646;1182;1153;287;170;124;401;19;76;14;55;Bautzen 4;1692;768;746;357;185;72;22;23;51;12;0;0;0;24;0;0;0;0;0;0;754;340;140;79;19;17;51;7;9;0;1;66;3;8;14
233;14625580;1352;858;818;220;61;47;235;46;79;33;1358;955;941;259;132;85;299;23;94;11;53;Bautzen 2;1391;728;709;321;145;79;46;31;42;13;0;0;0;24;0;0;8;0;0;0;714;310;115;70;43;26;37;1;7;1;1;87;1;12;3
234;14625590;2391;1491;1431;360;108;84;542;64;56;53;2462;1722;1686;415;201;142;621;38;146;33;52;Bautzen 1;2541;1294;1270;606;174;162;45;31;183;20;0;0;0;49;0;0;0;0;0;0;1274;501;156;142;43;31;154;24;8;7;3;181;2;19;3
235;14625600;3446;2168;2130;489;179;118;750;159;102;78;3489;2959;2912;799;349;211;1002;111;246;50;54;Bautzen 3;3571;2106;2070;1184;289;185;64;70;140;48;22;0;0;68;0;0;0;0;0;0;2072;873;283;201;106;86;131;18;33;2;3;271;6;47;12
236;14625610;2537;2054;1996;590;145;75;720;78;93;67;2564;2351;2323;695;246;132;840;54;204;36;56;Bautzen 5;2664;1622;1591;849;278;105;99;45;171;44;0;0;0;0;0;0;0;0;0;0;1604;718;225;110;66;52;142;15;11;2;2;225;12;21;3
237;14625630;4220;2648;2573;675;228;180;904;91;150;81;4319;2757;2715;750;323;241;975;66;176;43;52;Bautzen 1;4526;2900;2843;1251;530;320;118;81;342;48;0;0;0;153;0;0;0;0;0;0;2856;1100;451;293;128;72;299;42;25;7;3;339;5;73;19
238;14625640;4658;3384;3311;1297;210;171;878;144;139;160;4693;3847;3800;1575;325;261;1071;69;286;69;54;Bautzen 3;4781;2876;2849;2182;227;131;37;41;103;17;10;0;0;101;0;0;0;0;0;0;2843;1776;256;167;79;64;97;15;14;4;2;280;4;77;8
239;14626010;2808;1793;1755;468;194;182;517;80;69;39;2884;2793;2751;809;374;323;864;56;179;26;57;Görlitz 1;2979;1610;1589;594;258;430;28;38;74;18;0;0;128;21;0;0;0;0;0;0;1597;641;275;254;61;47;85;18;15;3;6;159;1;16;16
240;14626020;968;601;583;122;44;32;242;20;24;25;961;652;636;155;68;52;271;16;36;6;59;Görlitz 3;982;532;523;217;81;43;22;33;41;5;0;0;81;0;0;0;0;0;0;0;520;212;74;46;8;20;41;4;3;0;1;94;2;13;2
241;14626030;2797;2021;1965;569;158;94;662;79;76;73;2863;2944;2901;892;322;247;951;74;231;38;59;Görlitz 3;2939;1751;1713;810;276;151;85;79;57;19;0;0;236;0;0;0;0;0;0;0;1717;850;249;153;73;59;60;12;10;3;5;213;0;24;6
242;14626050;1783;1072;1035;246;76;61;368;60;49;55;1808;1215;1191;314;141;66;460;35;54;59;60;Görlitz 4;1882;937;913;367;146;81;32;39;68;4;0;0;129;47;0;0;0;0;0;0;915;320;153;89;43;39;70;18;5;1;0;124;7;42;4
243;14626060;3775;3089;3008;861;339;195;939;100;113;88;3860;3389;3354;1081;417;299;1058;46;212;69;57;Görlitz 1;4046;2448;2414;1191;422;209;57;56;129;22;0;0;238;90;0;0;0;0;0;0;2418;1115;388;231;88;60;145;22;21;6;7;248;2;76;9
244;14626070;815;443;433;98;24;12;195;17;19;11;824;537;528;143;46;27;238;15;29;7;59;Görlitz 3;861;432;418;181;46;18;11;19;12;0;0;0;131;0;0;0;0;0;0;0;420;166;41;20;13;10;12;3;1;0;1;141;4;7;1
245;14626085;10174;5827;5693;1306;532;368;1910;338;240;278;10389;7391;7282;1903;949;628;2456;213;525;160;59;Görlitz 3;10937;5152;5030;1834;857;387;201;703;286;58;0;0;704;0;0;0;0;0;0;0;5063;1980;861;492;225;233;307;43;35;4;14;716;12;120;21
246;14626100;1372;812;782;187;74;47;312;24;41;17;1387;893;877;205;138;82;327;16;69;8;57;Görlitz 1;1436;551;540;230;94;98;13;15;24;4;0;0;47;15;0;0;0;0;0;0;542;221;109;74;22;13;23;8;4;0;0;51;4;13;0
247;14626110;43098;26855;26356;6763;2419;1776;8334;2530;779;326;43393;30179;29768;7570;4399;2952;9374;1154;2141;322;58;Görlitz 2;44262;18253;17883;6508;3573;1459;1061;1466;810;342;0;0;2664;0;0;0;0;0;0;0;17979;6710;3332;2035;704;938;872;258;228;47;21;2461;48;193;132
248;14626120;886;600;579;163;44;39;205;21;34;11;907;661;646;196;86;58;218;11;39;6;57;Görlitz 1;936;486;475;259;59;63;13;12;15;8;0;0;40;6;0;0;0;0;0;0;480;265;64;49;21;10;17;3;2;1;1;41;0;3;3
249;14626140;4593;3100;2997;776;210;252;1019;131;94;80;4698;3566;3521;967;375;298;1264;77;263;69;60;Görlitz 4;4915;2429;2373;1054;315;252;81;88;142;22;0;0;355;64;0;0;0;0;0;0;2386;975;309;275;106;86;149;33;16;1;2;364;4;49;17
250;14626150;1074;517;504;104;50;26;206;14;20;25;1075;619;609;132;70;41;273;6;47;11;59;Görlitz 3;1124;457;452;184;71;27;16;22;20;3;0;0;109;0;0;0;0;0;0;0;451;185;69;24;17;8;27;2;3;1;0;99;0;14;2
251;14626160;998;637;625;147;68;51;201;33;17;18;1024;712;698;191;96;65;243;15;30;10;57;Görlitz 1;1073;537;523;230;106;57;9;14;30;6;0;0;57;14;0;0;0;0;0;0;524;213;107;60;17;13;30;4;7;1;0;57;2;10;3
252;14626170;1255;752;723;188;50;33;257;42;37;25;1261;872;864;243;82;59;325;35;56;16;60;Görlitz 4;1307;540;533;247;72;33;37;28;22;7;0;0;70;17;0;0;0;0;0;0;531;211;75;47;41;33;18;9;1;2;0;79;3;9;3
253;14626180;4726;3121;3054;847;241;177;904;250;104;75;4814;3571;3534;1113;419;324;1054;179;183;60;59;Görlitz 3;4995;2618;2553;1080;411;290;95;207;101;31;0;0;338;0;0;0;0;0;0;0;2573;1103;397;235;118;170;103;30;27;1;8;319;6;48;8
254;14626190;1526;937;922;240;82;56;321;49;31;24;1542;1098;1082;338;131;84;383;28;62;13;57;Görlitz 1;1579;794;773;359;164;41;18;33;54;5;0;0;74;25;0;0;0;0;0;0;783;371;125;53;22;27;59;7;3;0;1;90;3;19;3
255;14626200;1403;833;821;199;104;48;289;44;27;17;1432;930;914;238;127;78;316;23;56;12;57;Görlitz 1;1502;697;686;275;184;41;20;27;33;9;0;0;84;13;0;0;0;0;0;0;688;286;149;61;22;20;44;5;3;0;0;85;3;8;2
256;14626210;1334;788;767;188;73;57;203;49;34;52;1336;868;854;262;108;73;247;28;71;24;60;Görlitz 4;1406;674;662;299;87;55;32;25;31;3;0;0;89;41;0;0;0;0;0;0;661;259;94;66;40;30;35;7;2;1;3;87;3;32;2
257;14626230;1980;1941;1886;559;145;98;650;104;67;42;2013;2183;2161;601;226;153;798;57;178;37;57;Görlitz 1;2072;1347;1319;613;223;116;47;36;67;17;0;0;166;34;0;0;0;0;0;0;1327;639;172;127;45;43;80;12;14;2;3;164;2;22;2
258;14626240;956;619;610;180;41;31;229;36;27;17;965;659;653;180;64;42;265;24;56;6;58;Görlitz 2;996;458;451;197;61;29;24;22;32;7;0;0;79;0;0;0;0;0;0;0;455;202;61;33;17;16;33;3;5;2;1;74;1;7;0
259;14626245;6283;4299;4161;1048;398;248;1401;231;170;139;6404;4945;4868;1324;618;359;1718;144;375;87;59;Görlitz 3;6611;3516;3447;1440;573;293;163;212;172;33;0;0;561;0;0;0;0;0;0;0;3465;1444;543;318;146;117;191;38;26;4;12;525;9;83;9
260;14626250;2881;1929;1881;420;184;163;704;84;78;46;2908;2259;2237;543;314;246;829;43;135;27;57;Görlitz 1;3026;1420;1402;572;274;215;23;24;70;3;0;0;178;43;0;0;0;0;0;0;1402;545;258;154;44;34;74;11;5;1;2;230;0;40;4
261;14626260;744;483;472;131;43;25;163;13;15;21;745;554;545;159;68;40;201;6;24;9;57;Görlitz 1;782;363;355;139;63;35;7;10;38;4;0;0;46;13;0;0;0;0;0;0;354;134;62;30;9;8;36;3;4;1;0;56;1;8;2
262;14626270;1544;924;905;234;70;34;369;31;35;29;1580;1053;1043;256;108;68;463;14;85;13;59;Görlitz 3;1622;864;844;360;142;55;47;32;61;5;0;0;142;0;0;0;0;0;0;0;854;375;121;62;43;16;61;6;2;2;3;140;2;19;2
263;14626280;2959;1937;1886;515;184;120;576;95;52;108;2996;1920;1885;542;256;158;618;47;121;27;60;Görlitz 4;3152;1505;1468;686;246;121;38;55;83;15;0;0;176;48;0;0;0;0;0;0;1476;656;245;130;45;48;89;10;9;1;4;199;5;30;5
264;14626290;12240;7624;7445;1738;926;436;2511;342;302;218;12533;9463;9304;2364;1402;771;3192;211;695;161;59;Görlitz 3;13193;6574;6405;2449;1477;552;328;252;364;86;0;0;897;0;0;0;0;0;0;0;6447;2444;1354;583;282;151;400;50;59;14;8;861;8;210;23
265;14626300;3165;2440;2376;691;175;113;786;140;116;54;3217;2250;2214;648;230;166;797;48;187;23;58;Görlitz 2;3257;1858;1808;778;283;140;128;116;92;18;0;0;253;0;0;0;0;0;0;0;1820;820;277;161;76;71;99;16;14;4;5;238;5;28;6
266;14626310;3058;2143;2068;583;166;97;583;151;85;121;3069;2045;2015;572;226;126;674;68;160;64;60;Görlitz 4;3117;1560;1525;689;207;106;43;78;74;16;0;0;198;114;0;0;0;0;0;0;1534;640;218;137;47;69;95;17;15;3;3;217;2;68;3
267;14626320;827;524;508;121;55;34;166;16;32;25;836;580;575;154;79;50;195;7;50;10;57;Görlitz 1;867;380;376;151;73;30;10;6;26;3;0;0;68;9;0;0;0;0;0;0;374;152;60;24;19;11;32;5;2;2;0;64;1;2;0
268;14626330;1407;881;864;180;66;47;400;41;20;17;1422;981;963;211;116;60;426;26;52;8;57;Görlitz 1;1442;673;657;225;135;60;24;25;54;14;0;0;104;16;0;0;0;0;0;0;661;242;117;58;33;20;65;8;6;3;0;99;0;9;1
269;14626350;2788;2304;2261;513;157;97;894;130;98;113;2840;2677;2641;622;279;180;1105;71;197;53;59;Görlitz 3;2898;1771;1739;717;243;138;96;104;103;22;0;0;316;0;0;0;0;0;0;0;1751;691;241;145;77;68;102;23;13;8;4;298;6;71;4
270;14626370;8072;4957;4831;1220;603;375;1473;272;191;124;8125;6079;5993;1677;933;620;1808;162;400;86;57;Görlitz 1;8181;3916;3840;1411;1123;322;123;94;203;27;0;0;449;88;0;0;0;0;0;0;3858;1456;844;425;158;98;225;36;25;5;4;487;12;74;9
271;14626390;4336;2732;2652;711;254;172;824;129;100;117;4436;3670;3627;1007;501;315;1102;105;313;94;60;Görlitz 4;4570;2522;2480;1153;353;173;68;98;109;19;0;0;304;203;0;0;0;0;0;0;2484;1034;379;243;88;101;136;25;16;0;4;360;2;91;5
272;14626400;3998;3001;2924;703;388;215;723;170;157;108;4149;3721;3678;993;621;394;979;118;306;85;60;Görlitz 4;4428;2584;2531;954;532;248;91;110;82;19;0;0;398;97;0;0;0;0;0;0;2541;899;527;289;130;96;94;42;24;4;6;344;10;73;3
273;14626410;1975;1093;1048;237;77;42;447;46;35;40;1999;1292;1279;276;123;80;588;39;77;30;59;Görlitz 3;2109;971;949;426;129;59;39;45;82;4;0;0;165;0;0;0;0;0;0;0;955;406;120;63;31;25;88;6;1;0;0;156;3;52;4
274;14626420;1888;1303;1267;417;95;69;351;91;59;25;1949;1277;1258;426;141;103;362;39;102;20;59;Görlitz 3;2092;927;897;405;139;83;60;46;29;10;0;0;125;0;0;0;0;0;0;0;907;397;129;90;69;43;26;9;5;3;1;108;2;16;9
275;14626430;1184;668;652;166;61;44;176;49;28;18;1206;712;701;203;116;62;201;15;54;12;60;Görlitz 4;1244;544;534;252;90;45;26;18;22;2;0;0;62;17;0;0;0;0;0;0;536;220;99;54;32;18;29;8;1;2;0;59;2;11;1
276;14626440;1053;639;628;146;62;45;227;21;19;16;1086;727;715;176;103;55;270;11;56;5;57;Görlitz 1;1102;527;513;208;130;43;9;11;28;3;0;0;64;17;0;0;0;0;0;0;515;204;105;54;12;12;28;5;3;1;0;75;1;15;0
277;14626450;4105;2966;2896;722;289;180;963;186;102;72;4136;3342;3299;875;459;282;1081;88;243;55;58;Görlitz 2;4197;2154;2096;725;417;177;132;125;134;25;0;0;361;0;0;0;0;0;0;0;2105;798;376;198;96;90;126;26;11;4;2;309;2;55;12
278;14626460;2173;1110;1069;267;97;76;331;68;37;49;2205;1315;1259;349;150;137;410;29;78;37;57;Görlitz 1;2230;911;886;457;124;67;22;17;50;6;0;0;91;52;0;0;0;0;0;0;886;405;115;81;25;22;60;11;5;1;1;102;1;51;6
279;14626470;1252;771;757;198;48;33;283;47;31;22;1268;847;831;262;68;62;315;17;49;11;59;Görlitz 3;1317;601;588;277;77;49;39;21;47;3;0;0;75;0;0;0;0;0;0;0;592;271;69;47;24;19;51;3;3;1;0;71;0;29;4
280;14626480;3773;2351;2295;619;331;151;638;129;65;87;3852;2747;2687;762;480;285;706;81;187;47;57;Görlitz 1;4008;1877;1830;731;486;180;51;54;86;17;0;0;182;43;0;0;0;0;0;0;1835;696;424;228;60;51;102;16;11;2;0;193;5;41;6
281;14626490;2092;1610;1570;433;140;90;567;72;55;20;2188;1401;1370;375;166;128;495;38;83;15;57;Görlitz 1;2349;993;961;455;200;101;19;42;52;7;0;0;70;15;0;0;0;0;0;0;971;472;175;84;26;51;53;7;2;0;3;80;1;13;4
282;14626500;1245;753;734;184;54;36;256;37;33;23;1261;894;879;229;118;65;315;14;73;13;59;Görlitz 3;1283;587;572;272;104;61;21;13;26;8;0;0;67;0;0;0;0;0;0;0;576;274;96;53;27;4;22;8;4;0;1;71;3;11;2
283;14626510;914;573;556;98;45;25;253;22;26;18;952;653;642;126;73;40;301;15;48;2;59;Görlitz 3;985;486;474;173;83;38;44;17;25;5;0;0;89;0;0;0;0;0;0;0;478;168;95;41;23;8;25;2;3;0;0;100;3;6;4
284;14626520;1975;1286;1256;298;102;81;467;86;54;45;2006;1449;1426;355;172;107;521;46;110;32;57;Görlitz 1;2047;1017;999;379;153;89;56;54;63;14;0;0;161;30;0;0;0;0;0;0;1003;397;136;98;59;46;73;9;7;5;1;147;2;22;1
285;14626530;3116;1896;1832;425;203;130;568;117;62;51;3190;2637;2607;657;365;224;900;80;158;49;60;Görlitz 4;3312;1749;1716;602;379;168;56;71;103;15;0;0;267;55;0;0;0;0;0;0;1727;565;384;180;53;67;116;19;10;4;8;267;3;42;9
286;14626560;746;475;462;103;39;35;180;20;21;4;770;561;540;151;65;64;198;10;15;6;57;Görlitz 1;821;399;382;188;57;42;15;12;17;3;0;0;42;6;0;0;0;0;0;0;387;216;55;28;14;12;13;0;0;0;0;47;1;1;0
287;14626570;1386;822;799;210;44;39;313;39;29;20;1399;976;967;281;103;67;341;30;85;13;58;Görlitz 2;1434;681;659;284;91;48;40;34;44;6;0;0;112;0;0;0;0;0;0;0;664;322;74;55;23;26;41;5;5;0;1;91;1;19;1
288;14626580;1940;1711;1673;469;164;81;546;95;56;57;1982;1929;1917;584;243;137;634;59;126;34;57;Görlitz 1;2051;1294;1274;570;263;97;23;36;60;10;0;0;156;59;0;0;0;0;0;0;1281;568;220;112;38;35;62;17;7;2;1;163;5;49;2
289;14626590;1092;655;631;132;61;49;224;25;24;35;1088;750;733;194;93;79;261;11;33;14;57;Görlitz 1;1109;462;451;184;85;63;7;11;35;3;0;0;39;24;0;0;0;0;0;0;451;183;79;57;6;13;34;4;2;0;2;49;0;21;1
290;14626600;13793;7400;7237;1557;1068;685;2230;289;280;148;14186;9886;9647;2456;1814;1342;2683;188;580;115;57;Görlitz 1;14834;5256;5176;1921;1379;784;121;118;210;49;0;0;444;150;0;0;0;0;0;0;5177;1880;1298;698;157;138;210;74;41;7;3;521;11;117;22
291;14626610;21081;12290;11950;2582;1422;808;3432;910;468;349;21602;14765;14551;3658;2293;1426;4477;488;1036;248;60;Görlitz 4;22359;10059;9666;3709;1973;1021;370;531;600;132;0;0;980;350;0;0;0;0;0;0;9752;3500;1962;1168;414;481;592;117;99;21;16;1025;32;268;57
292;14627010;17274;10952;10760;2373;1149;813;3344;897;502;334;17420;13407;13260;3288;1916;1234;4419;435;1085;132;40;Meißen 4;17438;8885;8740;2905;1311;1463;218;350;389;120;29;42;1003;910;0;0;0;0;0;0;8751;3247;1541;1018;303;440;458;87;73;20;36;1131;31;327;39
293;14627020;2752;1879;1834;427;169;105;663;118;86;55;2793;2283;2252;567;264;154;892;74;165;19;37;Meißen 1;2861;1562;1524;599;275;149;62;77;85;17;27;0;233;0;0;0;0;0;0;0;1535;591;239;154;75;69;84;11;17;16;4;233;16;23;3
294;14627030;3612;2698;2640;709;144;134;1022;133;134;93;3637;3448;3362;1021;263;194;1336;74;276;36;38;Meißen 2;3707;2420;2378;1170;338;180;111;61;132;28;16;0;303;39;0;0;0;0;0;0;2385;1135;264;226;134;74;144;21;23;7;6;313;3;31;4
295;14627040;1746;1146;1128;268;109;67;420;58;46;24;1682;971;953;241;107;70;388;20;67;11;38;Meißen 2;1710;732;719;289;129;86;23;16;53;9;6;0;102;6;0;0;0;0;0;0;721;290;107;86;25;12;65;10;5;3;1;110;0;4;3
296;14627050;5865;3387;3295;781;360;321;1119;145;102;95;6051;4176;4102;1101;574;449;1376;87;241;35;38;Meißen 2;6382;2672;2618;1001;553;448;55;63;179;26;13;0;225;55;0;0;0;0;0;0;2619;1051;521;344;72;67;194;28;21;9;4;242;6;50;10
297;14627060;15245;9318;9079;1949;966;592;3144;533;419;242;15428;11372;11219;2759;1501;970;4088;259;869;103;38;Meißen 2;15779;7784;7639;2694;1959;610;247;216;514;84;106;0;1105;104;0;0;0;0;0;0;7649;2777;1420;784;320;243;571;100;64;48;27;1155;26;85;29
298;14627070;1629;919;898;202;93;60;316;51;38;18;1667;1060;1041;281;131;89;367;31;91;7;37;Meißen 1;1759;867;841;368;158;56;33;69;44;16;4;0;93;0;0;0;0;0;0;0;839;369;142;66;39;35;56;11;10;1;0;87;2;15;6
299;14627080;2209;1470;1433;356;120;78;459;115;74;26;2201;1731;1709;455;192;136;603;75;125;14;37;Meißen 1;2283;1137;1116;463;222;104;42;69;71;16;3;0;126;0;0;0;0;0;0;0;1121;441;197;107;52;60;62;13;15;1;1;135;18;14;5
300;14627100;8306;5845;5722;1303;469;296;1928;545;276;231;8312;6707;6621;1600;802;451;2403;328;616;67;39;Meißen 3;8351;4541;4465;1854;724;429;229;298;236;63;76;25;531;0;0;0;0;0;0;0;4483;1843;650;451;210;284;263;55;43;24;10;548;13;64;25
301;14627110;2108;1390;1338;307;82;71;595;61;57;24;2142;1492;1467;385;122;106;625;24;107;13;38;Meißen 2;2238;1186;1140;497;196;86;35;19;116;18;6;0;151;16;0;0;0;0;0;0;1160;527;156;93;36;18;120;9;11;2;5;167;3;12;1
302;14627130;4127;2541;2477;724;199;163;678;118;185;124;4226;3047;2993;907;382;269;898;63;285;45;37;Meißen 1;4428;2238;2181;985;401;219;153;65;108;18;10;0;222;0;0;0;0;0;0;0;2195;967;340;224;165;63;95;17;17;0;1;215;15;68;8
303;14627140;22734;12463;12253;2723;1375;917;3506;1061;692;287;22891;15736;15500;3737;2277;1391;5076;609;1307;140;39;Meißen 3;23087;10093;9912;3462;2042;1196;873;494;444;162;76;39;1124;0;0;0;0;0;0;0;9962;3599;1833;1314;517;487;476;131;128;31;22;1167;96;117;44
304;14627150;6739;4906;4834;1133;406;398;1438;503;265;142;6703;5510;5449;1409;644;457;1743;265;604;59;40;Meißen 4;6708;4145;4099;1453;388;1250;109;133;146;33;13;15;471;88;0;0;0;0;0;0;4109;1642;485;791;160;202;159;36;42;5;16;467;9;70;25
305;14627170;3257;2299;2236;509;180;136;802;132;105;88;3187;2645;2620;561;329;199;1067;70;209;41;39;Meißen 3;3275;1534;1497;618;240;191;73;49;74;17;10;11;214;0;0;0;0;0;0;0;1504;580;219;199;62;61;75;19;13;3;1;225;5;37;5
306;14627180;8681;5381;5255;1385;472;351;1693;344;248;143;8821;6476;6378;1791;728;536;2219;219;536;55;39;Meißen 3;9028;4271;4179;1895;737;412;180;209;210;46;22;54;414;0;0;0;0;0;0;0;4192;1867;652;433;185;183;227;50;36;12;26;439;18;51;13
307;14627190;4696;3190;3103;743;371;329;982;130;147;52;4756;3970;3925;1116;576;393;1244;59;300;38;38;Meißen 2;4894;2877;2827;1165;615;348;77;74;144;41;16;0;312;35;0;0;0;0;0;0;2834;1180;550;365;86;67;163;28;30;6;9;300;6;31;13
308;14627200;2537;1891;1843;490;157;106;629;102;87;45;2561;1693;1669;508;194;106;607;47;117;20;38;Meißen 2;2624;1339;1316;605;239;99;48;31;93;13;3;0;165;20;0;0;0;0;0;0;1322;584;195;114;60;36;95;19;8;1;4;176;4;21;5
309;14627210;27266;19490;19228;4565;1746;1553;4416;2897;1084;593;27349;22470;22260;6029;2939;1973;5605;1656;2594;285;40;Meißen 4;27217;16011;15841;5751;1933;3300;655;1363;422;172;82;51;1439;673;0;0;0;0;0;0;15856;6228;2181;2149;812;1451;513;181;182;68;27;1472;17;471;104
310;14627220;6038;4126;4047;1023;340;235;1339;294;211;94;6068;4830;4760;1327;609;358;1628;137;406;46;38;Meißen 2;6196;3343;3276;1511;533;378;123;149;157;42;16;0;304;63;0;0;0;0;0;0;3290;1536;440;448;133;109;184;28;26;11;20;303;3;38;11
311;14627230;25464;14088;13796;3112;1764;1127;4179;726;691;314;26152;17981;17688;4504;2896;1847;5454;424;1341;154;37;Meißen 1;27338;13102;12687;4651;3835;1091;465;581;731;166;69;0;1098;0;0;0;0;0;0;0;12668;4806;3053;1361;456;389;798;133;115;106;15;1180;37;167;52
312;14627240;2262;1670;1630;423;154;98;603;69;76;39;2317;1975;1952;575;258;199;666;36;121;19;38;Meißen 2;2404;1423;1385;620;294;164;36;34;85;12;1;0;125;14;0;0;0;0;0;0;1388;656;244;153;45;27;83;15;13;1;1;126;2;17;5
313;14627250;1496;1324;1299;322;88;72;580;38;53;34;1526;1711;1687;457;168;127;680;35;120;12;38;Meißen 2;1575;1276;1243;569;200;94;50;31;81;32;3;0;162;21;0;0;0;0;0;0;1250;552;153;111;58;26;79;8;26;1;52;158;3;19;4
314;14627260;2571;1465;1415;354;152;86;448;65;70;62;2610;1709;1675;493;240;124;531;29;137;24;37;Meißen 1;2663;1243;1219;531;275;110;66;31;70;23;8;0;105;0;0;0;0;0;0;0;1224;544;228;116;61;30;74;9;11;3;1;115;3;25;4
315;14627270;3102;2447;2400;634;235;179;619;126;106;196;3143;2864;2827;819;366;273;826;73;230;57;37;Meißen 1;3201;1880;1851;726;453;188;83;84;124;21;3;0;169;0;0;0;0;0;0;0;1850;740;349;225;88;59;134;23;13;2;1;179;3;33;1
316;14627290;2947;2187;2130;421;163;111;919;102;86;56;2969;2133;2099;473;232;159;901;45;169;19;38;Meißen 2;1849;1275;1208;535;189;82;33;31;121;42;8;0;145;22;0;0;0;0;0;0;1207;562;159;99;30;25;129;9;15;5;13;134;3;19;5
317;14627310;8649;6086;5983;1530;496;371;1904;478;300;131;8567;7077;6999;1809;833;512;2381;278;712;83;39;Meißen 3;8407;4876;4799;1963;827;574;212;230;225;55;52;15;646;0;0;0;0;0;0;0;4814;1945;714;611;187;222;245;65;43;25;9;637;17;69;25
318;14627340;1336;777;752;192;50;53;264;40;44;10;1377;867;854;244;96;68;290;17;73;5;38;Meißen 2;1430;615;604;252;104;69;23;15;42;7;4;0;82;6;0;0;0;0;0;0;605;253;99;68;19;18;48;9;7;3;0;68;5;4;4
319;14627360;4673;2970;2891;663;318;193;1009;112;154;68;4754;3647;3592;949;472;304;1302;62;253;46;37;Meißen 1;4921;2465;2420;971;593;246;112;65;153;19;9;0;252;0;0;0;0;0;0;0;2430;993;476;256;107;46;169;23;8;8;5;292;5;33;9
320;14628010;6524;4810;4687;1165;397;266;1616;247;190;249;6585;5308;5243;1336;571;386;2017;108;456;117;49;Sächsische Schweiz-Osterzgebirge 2;6828;4096;4030;1986;655;298;155;104;292;42;0;0;498;0;0;0;0;0;0;0;4044;1764;571;325;168;84;301;49;39;8;0;453;13;259;10
321;14628020;4672;3152;3097;701;300;153;1106;197;102;145;4667;3930;3889;982;430;264;1523;136;288;36;50;Sächsische Schweiz-Osterzgebirge 3;4802;2697;2662;1161;396;288;80;114;234;24;25;0;340;0;0;0;0;0;0;0;2672;1164;404;227;92;115;263;30;13;10;6;302;3;34;9
322;14628030;3068;2349;2304;463;246;122;856;131;90;74;3139;2749;2717;655;406;182;1017;65;189;34;51;Sächsische Schweiz-Osterzgebirge 4;3262;2043;2004;834;401;189;60;63;197;14;22;0;218;0;0;0;0;6;0;0;2012;799;375;194;86;56;183;27;8;7;3;238;3;31;2
323;14628040;1774;1109;1058;205;84;52;421;39;46;46;1800;1290;1276;319;143;87;531;33;79;14;50;Sächsische Schweiz-Osterzgebirge 3;1825;877;869;396;123;96;25;38;89;6;3;0;93;0;0;0;0;0;0;0;867;373;128;83;35;35;93;10;7;0;1;81;1;12;8
324;14628050;8935;6483;6372;1480;547;467;1940;617;365;233;8847;7379;7310;1917;876;578;2365;302;843;72;49;Sächsische Schweiz-Osterzgebirge 2;8711;5276;5187;2248;865;611;199;362;220;72;0;0;610;0;0;0;0;0;0;0;5214;2213;808;596;255;294;251;62;41;13;6;542;13;98;22
325;14628060;11812;8069;7878;2023;835;509;2481;499;352;283;11951;9017;8898;2315;1177;724;3044;262;749;193;49;Sächsische Schweiz-Osterzgebirge 2;12152;6436;6325;2878;1163;542;252;234;424;66;0;0;766;0;0;0;0;0;0;0;6345;2700;1007;634;239;229;430;70;39;5;7;698;11;256;20
326;14628070;1594;947;929;164;66;45;371;52;44;48;1619;1138;1127;235;120;72;490;24;86;25;50;Sächsische Schweiz-Osterzgebirge 3;1628;903;874;379;104;87;28;31;85;15;5;0;140;0;0;0;0;0;0;0;881;395;102;62;30;26;97;13;10;2;0;137;0;5;2
327;14628080;5057;3711;3654;891;330;220;1171;273;176;193;5119;4298;4246;1135;505;266;1523;144;387;75;50;Sächsische Schweiz-Osterzgebirge 3;5129;2891;2848;1204;454;286;141;152;144;25;12;0;430;0;0;0;0;0;0;0;2865;1252;439;268;122;122;169;33;18;8;1;351;3;68;11
328;14628090;867;566;551;162;43;29;188;28;19;20;876;623;614;170;84;54;196;12;43;12;48;Sächsische Schweiz-Osterzgebirge 1;909;551;535;284;70;44;15;19;24;3;0;0;57;19;0;0;0;0;0;0;538;254;77;50;24;19;27;4;1;0;0;66;0;12;4
329;14628100;3463;2440;2381;596;164;114;839;144;129;76;3484;3208;3157;906;379;245;1042;92;258;41;51;Sächsische Schweiz-Osterzgebirge 4;3582;1711;1690;868;215;135;87;52;112;20;8;0;187;0;0;0;0;6;0;0;1692;835;202;144;75;59;112;20;17;1;0;195;1;25;6
330;14628110;32140;19996;19656;4631;1768;1453;6290;1500;963;816;32033;23797;23532;6054;2850;2111;8201;749;2039;330;48;Sächsische Schweiz-Osterzgebirge 1;32764;15972;15743;7085;2639;1588;419;714;706;169;80;0;1703;640;0;0;0;0;0;0;15785;6526;2550;1868;585;701;888;181;131;49;20;1742;34;440;70
331;14628130;5549;4057;3961;946;266;251;1330;298;202;144;5592;4445;4374;1175;418;335;1632;137;345;76;49;Sächsische Schweiz-Osterzgebirge 2;5741;2834;2758;1305;350;229;101;112;175;31;0;0;455;0;0;0;0;0;0;0;2768;1219;338;225;109;104;185;34;22;5;6;398;9;103;11
332;14628140;1544;950;905;167;93;66;357;56;31;14;1576;1113;1095;213;167;79;459;30;72;12;51;Sächsische Schweiz-Osterzgebirge 4;1650;883;862;317;173;74;30;40;98;4;3;0;118;0;0;0;0;5;0;0;860;309;162;76;28;36;108;6;2;3;0;105;2;21;2
333;14628150;863;599;578;151;36;34;207;31;27;21;888;654;641;166;52;46;257;16;49;19;49;Sächsische Schweiz-Osterzgebirge 2;930;504;480;234;68;40;21;16;39;3;0;0;59;0;0;0;0;0;0;0;488;221;66;43;21;14;33;4;0;2;1;65;1;17;0
334;14628160;13496;8153;8016;1705;878;475;2627;533;429;256;13469;9891;9760;2350;1361;782;3384;246;825;104;50;Sächsische Schweiz-Osterzgebirge 3;13458;6216;6097;2341;1139;577;413;247;449;72;64;0;795;0;0;0;0;0;0;0;6112;2465;1104;573;295;206;502;86;51;37;7;697;8;53;28
335;14628170;652;431;407;124;27;25;128;26;21;13;675;471;464;129;50;34;163;20;48;8;49;Sächsische Schweiz-Osterzgebirge 2;708;361;355;181;41;26;16;20;19;3;0;0;49;0;0;0;0;0;0;0;357;166;41;29;23;18;19;1;1;0;0;45;1;11;2
336;14628190;2718;1843;1800;404;112;109;719;108;61;45;2771;2085;2061;536;205;150;827;45;128;26;51;Sächsische Schweiz-Osterzgebirge 4;2868;1520;1492;696;196;137;60;51;181;13;11;0;144;0;0;0;0;3;0;0;1489;677;178;122;55;48;178;24;12;3;2;161;0;26;3
337;14628205;5511;3967;3867;992;374;202;1303;231;179;119;5583;4480;4410;1173;496;311;1624;143;371;70;49;Sächsische Schweiz-Osterzgebirge 2;5780;3338;3273;1649;482;258;120;124;208;38;0;0;394;0;0;0;0;0;0;0;3293;1544;443;280;143;115;230;32;24;6;2;378;3;76;17
338;14628210;1721;1852;1798;437;166;100;564;130;84;51;1749;2121;2096;553;268;178;706;69;164;35;51;Sächsische Schweiz-Osterzgebirge 4;1857;1477;1450;564;236;193;38;97;117;16;14;0;153;0;0;0;0;22;0;0;1450;575;212;151;57;90;114;21;8;4;0;167;3;45;3
339;14628220;3635;2755;2713;623;243;159;925;227;127;122;3610;2930;2891;785;385;219;971;98;259;41;49;Sächsische Schweiz-Osterzgebirge 2;3661;2600;2569;1125;429;271;85;145;171;29;0;0;314;0;0;0;0;0;0;0;2571;1102;368;291;89;127;181;32;21;2;2;280;6;60;10
340;14628230;1053;661;650;154;69;47;207;38;17;38;1070;777;764;205;97;56;290;13;51;14;50;Sächsische Schweiz-Osterzgebirge 3;1127;592;582;295;81;50;18;13;40;10;5;0;70;0;0;0;0;0;0;0;584;294;71;51;17;14;45;7;8;6;1;58;1;6;5
341;14628240;2587;2012;1976;528;200;119;610;154;69;74;2582;1800;1775;472;218;152;648;52;131;15;51;Sächsische Schweiz-Osterzgebirge 4;2603;2009;1977;1046;332;138;38;88;132;19;13;0;168;0;0;0;0;3;0;0;1983;894;323;185;64;95;159;25;12;7;3;190;0;21;5
342;14628250;1596;995;966;231;73;37;377;69;55;29;1613;1148;1139;267;142;58;460;33;98;15;50;Sächsische Schweiz-Osterzgebirge 3;1631;818;796;329;134;59;35;47;52;6;5;0;129;0;0;0;0;0;0;0;805;322;127;64;43;49;72;4;5;4;1;97;1;10;6
343;14628260;10394;6561;6405;1573;634;435;2185;316;340;132;10526;7816;7694;2101;1048;605;2624;160;620;94;51;Sächsische Schweiz-Osterzgebirge 4;10847;5332;5252;2026;893;386;776;138;421;27;28;0;542;0;0;0;0;15;0;0;5249;2231;873;445;346;148;401;55;23;10;3;623;8;66;17
344;14628270;31623;19836;19453;3970;2147;1327;5840;1611;772;1196;31651;23770;23497;5587;3726;1967;8013;756;1734;326;50;Sächsische Schweiz-Osterzgebirge 3;32049;16423;16168;5407;3389;2227;616;823;1295;167;193;0;2051;0;0;0;0;0;0;0;16217;5831;3335;1737;578;769;1447;178;116;86;19;1694;42;285;100
345;14628300;3625;2586;2529;711;221;142;821;147;132;105;3632;2877;2850;860;287;213;987;62;266;53;49;Sächsische Schweiz-Osterzgebirge 2;3661;2176;2154;1084;315;192;71;75;118;26;0;0;273;0;0;0;0;0;0;0;2162;1023;295;195;84;62;134;18;9;1;2;266;5;57;11
346;14628310;295;171;162;37;11;11;60;12;6;4;292;160;157;40;14;9;58;3;19;2;51;Sächsische Schweiz-Osterzgebirge 4;302;136;132;54;21;13;7;6;15;0;0;0;16;0;0;0;0;0;0;0;133;56;23;10;5;4;18;2;0;0;0;15;0;0;0
347;14628320;764;466;446;85;36;21;187;23;22;15;773;466;460;94;46;46;202;8;21;5;51;Sächsische Schweiz-Osterzgebirge 4;809;352;345;141;44;37;11;18;35;3;4;0;51;0;0;0;0;1;0;0;346;150;46;32;14;11;37;6;4;2;1;35;5;2;1
348;14628330;1156;756;736;160;53;36;273;26;31;29;1166;833;817;207;79;47;323;12;55;12;51;Sächsische Schweiz-Osterzgebirge 4;1216;632;614;275;80;47;17;11;101;6;1;0;74;0;0;0;0;2;0;0;621;271;73;45;18;13;100;10;5;1;0;67;2;14;2
349;14628340;1324;853;838;159;93;42;288;54;45;37;1344;936;922;237;118;57;356;19;66;15;51;Sächsische Schweiz-Osterzgebirge 4;1393;718;700;313;140;47;22;26;59;6;4;0;83;0;0;0;0;0;0;0;701;303;126;51;27;26;62;6;4;2;1;75;0;15;3
350;14628360;7952;5228;5079;1187;462;270;1838;272;197;135;8087;6079;5970;1440;754;409;2266;153;399;74;51;Sächsische Schweiz-Osterzgebirge 4;8529;4585;4488;1802;729;335;212;135;767;34;43;0;415;0;0;0;0;16;0;0;4500;1759;658;381;188;154;684;62;27;17;4;484;5;57;20
351;14628370;1320;811;797;165;60;41;285;61;41;33;1320;927;917;216;125;53;368;34;80;2;51;Sächsische Schweiz-Osterzgebirge 4;1351;650;641;270;95;51;27;28;57;12;3;0;95;0;0;0;0;3;0;0;643;268;80;57;33;34;61;8;2;3;1;86;2;3;5
352;14628380;4538;3126;3023;764;234;202;968;168;181;92;4593;3602;3553;972;422;262;1214;86;326;44;51;Sächsische Schweiz-Osterzgebirge 4;4660;2603;2558;1158;346;213;192;86;204;21;13;0;319;0;0;0;0;6;0;0;2569;1117;330;236;167;95;194;30;13;7;4;323;2;37;14
353;14628390;2094;1309;1279;290;108;77;446;99;53;45;2088;1391;1370;323;144;84;561;54;118;12;51;Sächsische Schweiz-Osterzgebirge 4;2103;1073;1055;463;153;94;37;46;95;11;6;0;125;0;0;0;0;25;0;0;1059;449;145;84;50;38;106;12;13;2;0;140;0;16;4
354;14628400;4343;3369;3319;701;308;231;966;340;154;143;4366;3667;3641;924;533;312;1117;197;311;56;48;Sächsische Schweiz-Osterzgebirge 1;4379;2633;2603;1051;393;286;73;184;80;27;10;0;344;155;0;0;0;0;0;0;2609;1016;361;276;119;186;110;29;25;7;3;333;4;119;21
355;14628410;11461;8023;7872;2056;571;453;2688;535;416;342;11444;9166;9048;2532;1012;607;3290;270;822;107;48;Sächsische Schweiz-Osterzgebirge 1;11284;6283;6173;2872;967;617;184;261;316;44;10;0;735;167;0;0;0;0;0;0;6181;2770;862;586;253;254;398;54;42;14;12;754;13;143;26
356;14729010;6740;4406;4310;1298;394;387;1131;258;181;194;6823;5210;5157;1675;702;548;1421;136;409;45;25;Leipzig Land 3;6991;3408;3358;1496;690;347;97;103;127;35;0;0;463;0;0;0;0;0;0;0;3375;1578;578;326;106;107;136;39;24;4;4;419;1;31;22
357;14729020;2718;1555;1521;373;145;129;409;123;85;55;2758;1894;1873;527;264;196;519;51;179;32;25;Leipzig Land 3;2712;1243;1212;534;213;145;37;47;60;15;0;0;161;0;0;0;0;0;0;0;1219;505;191;144;46;50;59;19;7;2;4;160;2;30;0
358;14729030;4186;2798;2713;717;367;217;680;211;104;48;4205;3329;3284;959;534;363;871;117;255;27;26;Leipzig Land 4;4228;2234;2202;989;488;214;46;136;84;36;0;0;209;0;0;0;0;0;0;0;2200;969;470;219;61;102;86;30;28;2;2;205;8;14;4
359;14729040;5467;3093;3034;665;449;359;750;236;140;47;5521;3847;3793;1082;717;447;949;96;283;23;24;Leipzig Land 2;5542;2130;2106;686;519;501;77;54;76;26;14;0;153;0;0;0;0;0;0;0;2107;764;532;335;74;66;93;33;22;5;2;165;4;5;7
360;14729050;15938;8593;8375;2038;1135;979;2397;432;307;171;16217;11398;11236;3240;1818;1405;3333;214;647;99;23;Leipzig Land 1;16720;7026;6925;2544;1591;1416;127;125;358;55;0;0;709;0;0;0;0;0;0;0;6944;2860;1477;1076;152;147;400;58;46;2;6;651;7;44;18
361;14729060;6803;4419;4345;1269;398;427;995;427;206;115;6872;5490;5436;1706;780;591;1350;218;484;62;26;Leipzig Land 4;6820;3686;3581;1665;594;522;107;221;111;54;0;0;307;0;0;0;0;0;0;0;3604;1583;572;477;144;189;121;57;33;5;6;308;2;89;18
362;14729070;7872;4830;4761;1028;510;460;1230;464;241;159;7852;6104;6053;1710;879;653;1712;237;513;56;26;Leipzig Land 4;7852;3498;3464;1350;704;634;101;228;123;39;0;0;285;0;0;0;0;0;0;0;3473;1430;663;494;123;205;146;46;32;9;6;279;3;26;11
363;14729080;7074;4239;4116;1143;429;349;1138;224;179;160;7271;5150;5078;1510;721;575;1493;87;419;43;25;Leipzig Land 3;7530;3362;3292;1454;663;348;168;97;129;35;0;0;398;0;0;0;0;0;0;0;3300;1528;527;367;163;99;162;29;28;4;3;337;5;38;10
364;14729100;1053;635;620;225;42;38;178;44;24;19;1028;687;672;230;82;65;179;16;68;5;24;Leipzig Land 2;1043;478;464;187;74;90;14;23;9;10;2;0;55;0;0;0;0;0;0;0;468;204;76;61;21;21;13;5;6;0;0;55;1;4;1
365;14729140;10555;6638;6479;1990;630;632;1698;353;278;193;8544;6419;6337;2040;830;683;1877;140;425;69;23;Leipzig Land 1;8707;4283;4196;1970;656;470;119;105;219;42;0;0;615;0;0;0;0;0;0;0;4214;1981;648;442;134;106;246;31;31;1;7;519;10;39;19
366;14729150;5817;3554;3488;1048;431;349;811;192;130;62;5992;4368;4310;1427;700;514;1030;111;256;44;23;Leipzig Land 1;4805;2435;2391;990;448;280;54;51;230;27;0;0;311;0;0;0;0;0;0;0;2394;946;438;298;78;57;211;19;19;3;3;289;5;21;7
367;14729160;23291;13638;13312;3414;1363;1170;3799;841;526;648;23499;16785;16583;4565;2437;1793;5158;450;1163;209;25;Leipzig Land 3;24082;10681;10482;4365;2292;1119;513;385;473;101;0;0;1234;0;0;0;0;0;0;0;10534;4695;1832;1160;372;391;550;119;78;12;7;1163;17;115;23
368;14729170;6310;3846;3760;1259;375;346;850;283;197;58;6323;4612;4556;1609;612;552;1057;131;371;47;24;Leipzig Land 2;6501;3031;2983;1279;465;640;100;131;111;28;14;0;215;0;0;0;0;0;0;0;2984;1379;474;421;125;139;145;29;22;11;5;204;5;20;5
369;14729190;4409;3162;3112;751;313;328;743;353;192;82;4431;3724;3688;1070;513;411;907;175;432;32;25;Leipzig Land 3;4470;2447;2410;956;461;407;93;154;60;34;0;0;245;0;0;0;0;0;0;0;2420;928;396;421;125;146;67;37;17;3;6;227;6;27;14
370;14729220;4174;2394;2344;595;340;214;621;94;71;151;4192;2994;2954;837;529;345;854;58;160;34;23;Leipzig Land 1;4329;1824;1796;728;435;294;53;40;104;14;0;0;128;0;0;0;0;0;0;0;1795;728;429;241;48;31;125;19;11;1;0;127;1;28;6
371;14729245;5059;3211;3130;887;335;261;895;176;116;99;5072;3788;3735;1117;472;360;1170;114;281;39;26;Leipzig Land 4;5252;2592;2552;1318;460;218;68;120;103;25;0;0;240;0;0;0;0;0;0;0;2557;1209;444;257;99;110;117;21;19;2;8;228;2;30;11
372;14729250;5444;3655;3605;1006;380;342;798;347;166;85;5478;4443;4402;1404;629;471;1026;161;457;41;26;Leipzig Land 4;5487;3018;2935;1245;564;394;114;187;106;40;0;0;285;0;0;0;0;0;0;0;2939;1260;521;354;127;171;98;51;27;1;2;262;6;52;7
373;14729260;20074;13173;13018;3059;1427;1811;2276;1960;791;203;20202;16049;15919;4630;2532;2096;3052;1092;1698;90;24;Leipzig Land 2;19878;10445;10370;3851;1680;2706;451;754;183;103;66;0;576;0;0;0;0;0;0;0;10374;4011;1686;1940;553;888;235;134;82;39;16;660;13;73;44
374;14729270;13060;8255;8113;2270;767;850;1919;770;397;243;13024;10049;9921;3006;1387;1219;2550;298;903;147;24;Leipzig Land 2;12803;5670;5598;2249;1044;1261;145;228;172;57;24;0;418;0;0;0;0;0;0;0;5608;2435;1002;853;193;240;199;60;42;6;8;394;9;161;6
375;14729300;7187;5371;5260;1303;558;455;1310;573;331;113;7234;6347;6276;1840;911;695;1594;247;622;57;25;Leipzig Land 3;7176;3836;3792;1573;702;458;184;229;133;47;0;0;466;0;0;0;0;0;0;0;3800;1603;595;489;196;228;142;45;42;6;6;388;6;39;15
376;14729320;5792;3468;3343;887;412;367;896;155;141;82;5806;4320;4257;1296;639;468;1183;88;304;36;23;Leipzig Land 1;5958;2781;2714;1122;525;453;128;56;154;22;0;0;254;0;0;0;0;0;0;0;2726;1190;521;391;94;66;166;26;17;2;0;226;6;17;4
377;14729330;1130;695;678;156;76;61;208;47;35;27;1139;765;753;242;86;87;213;10;63;12;25;Leipzig Land 3;1169;520;510;211;85;83;27;17;16;5;0;0;66;0;0;0;0;0;0;0;512;231;77;64;17;14;20;5;4;1;0;62;0;12;5
378;14729340;2922;1762;1716;468;176;127;481;114;100;49;2919;2000;1987;624;258;186;608;38;173;23;25;Leipzig Land 3;2935;1462;1440;629;247;149;97;39;88;13;0;0;178;0;0;0;0;0;0;0;1445;657;248;151;60;40;92;11;10;1;2;148;3;12;10
379;14729350;5330;3367;3294;982;350;320;727;253;161;79;5339;4033;3966;1291;536;430;987;136;341;45;24;Leipzig Land 2;5416;2508;2472;1007;408;576;89;91;95;23;12;0;171;0;0;0;0;0;0;0;2474;1124;423;379;90;96;107;23;16;2;5;163;9;28;9
380;14729360;3308;1932;1874;452;216;214;514;86;91;60;3300;2296;2246;668;334;290;622;40;168;11;23;Leipzig Land 1;3379;1299;1270;471;278;236;67;26;69;9;0;0;114;0;0;0;0;0;0;0;1274;516;266;192;58;25;80;15;8;1;1;99;1;9;3
381;14729370;4952;3031;2959;764;356;328;641;225;137;75;4903;3647;3597;1109;583;402;860;114;309;17;23;Leipzig Land 1;3085;1369;1348;552;330;208;35;44;24;12;0;0;143;0;0;0;0;0;0;0;1354;562;294;188;56;44;30;11;7;1;3;141;0;11;6
382;14729380;2931;1969;1912;494;157;121;616;116;88;93;2979;2281;2257;709;246;218;720;57;167;23;26;Leipzig Land 4;3049;1564;1530;801;252;139;36;61;110;11;0;0;120;0;0;0;0;0;0;0;1537;760;251;138;37;51;127;17;7;1;3;108;5;28;4
383;14729400;3180;2063;2020;607;210;162;552;125;48;65;3213;2424;2388;772;326;222;739;54;144;19;26;Leipzig Land 4;3304;1564;1536;702;295;145;30;70;139;16;0;0;139;0;0;0;0;0;0;0;1539;724;272;143;29;58;116;25;14;0;0;128;1;24;5
384;14729410;13555;7531;7375;1892;748;657;2214;435;252;243;13657;9348;9239;2575;1287;979;2945;232;581;106;26;Leipzig Land 4;14009;5997;5893;2804;997;648;148;309;361;61;0;0;565;0;0;0;0;0;0;0;5903;2672;1006;687;174;198;371;82;47;7;9;533;17;70;30
385;14729430;7557;4880;4793;1384;429;460;1117;393;244;202;7601;5846;5780;1915;797;687;1399;196;478;64;24;Leipzig Land 2;7512;3613;3546;1501;577;811;107;119;112;36;14;0;269;0;0;0;0;0;0;0;3560;1639;579;526;116;130;127;46;23;4;9;298;2;45;16
386;14730010;1584;726;695;162;87;66;214;28;43;14;1600;936;912;259;132;95;285;10;72;11;36;Nordsachsen 3;1699;491;478;216;119;33;14;13;25;8;0;0;50;0;0;0;0;0;0;0;477;186;118;41;22;16;25;6;0;0;2;52;2;6;1
387;14730020;6489;3722;3629;921;490;420;868;296;130;134;6549;4667;4607;1402;728;636;1053;142;398;50;35;Nordsachsen 2;6668;2754;2711;1234;692;365;97;132;115;50;0;0;0;0;0;0;0;0;26;0;2708;1213;594;300;91;130;110;22;23;4;4;166;5;40;6
388;14730030;3426;2060;2007;528;248;207;563;78;97;50;3513;2744;2698;828;371;320;765;46;215;24;36;Nordsachsen 3;3622;1605;1576;834;306;167;41;32;59;19;0;0;118;0;0;0;0;0;0;0;1582;779;303;169;60;32;69;6;12;0;2;138;3;5;4
389;14730045;6385;3676;3575;900;296;307;1155;217;146;143;6487;4683;4617;1321;583;549;1466;99;310;44;36;Nordsachsen 3;6671;2721;2674;1418;446;242;66;97;169;31;0;0;205;0;0;0;0;0;0;0;2674;1293;451;261;87;88;195;27;19;2;2;202;4;35;8
390;14730050;1819;1188;1158;344;116;82;373;38;50;22;1855;1479;1459;452;190;122;472;27;107;12;36;Nordsachsen 3;1926;1092;1067;542;156;103;39;30;95;13;0;0;89;0;0;0;0;0;0;0;1068;499;156;106;52;26;82;14;13;0;1;108;0;7;4
391;14730060;3575;2211;2152;586;257;214;562;138;99;58;3589;2616;2585;810;398;270;673;85;204;19;36;Nordsachsen 3;3736;1802;1768;824;350;228;42;76;77;18;0;0;153;0;0;0;0;0;0;0;1769;809;342;190;64;65;90;10;12;1;1;149;3;25;8
392;14730070;20812;11305;11053;2910;1375;1215;2456;760;458;653;20873;14155;13998;4330;2226;2030;3185;341;998;257;34;Nordsachsen 1;21302;8251;8100;3705;2092;1104;230;292;539;138;0;0;0;0;0;0;0;0;0;0;8145;3467;1725;1045;239;274;385;88;79;6;9;554;21;225;28
393;14730080;3429;2401;2344;549;217;250;745;130;128;53;3462;2812;2765;765;377;301;844;61;273;19;35;Nordsachsen 2;3524;1881;1836;866;398;245;73;62;97;34;0;0;0;0;0;0;0;0;61;0;1847;849;371;214;65;48;72;17;19;1;7;148;5;20;11
394;14730090;2089;1331;1296;327;142;142;390;61;57;43;2147;1671;1653;477;245;228;441;32;129;20;35;Nordsachsen 2;2230;959;943;419;218;120;85;29;58;5;0;0;0;0;0;0;0;0;9;0;947;446;195;96;36;25;53;5;3;0;2;71;1;12;2
395;14730100;1747;1181;1163;283;90;104;342;82;101;29;1758;1233;1216;333;146;155;343;21;135;10;36;Nordsachsen 3;1806;831;822;472;113;73;25;21;39;7;0;0;72;0;0;0;0;0;0;0;824;405;121;80;44;24;52;8;1;0;1;78;1;8;1
396;14730110;12760;6822;6656;1479;799;685;1932;489;281;214;12838;8838;8691;2335;1443;1174;2335;206;634;79;35;Nordsachsen 2;13052;5151;5041;2047;1297;784;161;201;392;93;0;0;0;0;0;0;0;0;66;0;5063;2091;1144;650;136;150;306;58;53;5;7;373;9;65;16
397;14730120;1175;675;644;152;53;54;173;42;67;22;1193;819;807;204;107;113;240;12;90;5;35;Nordsachsen 2;1251;541;528;232;115;52;73;12;36;6;0;0;0;0;0;0;0;0;2;0;526;237;92;59;37;13;31;2;4;0;1;44;1;3;2
398;14730140;2520;1770;1728;443;208;167;432;125;83;40;2526;2051;2023;588;296;247;536;62;184;17;35;Nordsachsen 2;2513;1351;1321;618;255;209;33;70;78;32;0;0;0;0;0;0;0;0;26;0;1334;611;231;158;37;54;50;25;19;1;2;129;3;11;3
399;14730150;3210;2398;2360;765;199;221;537;180;157;44;3136;2701;2679;937;333;245;683;66;260;29;34;Nordsachsen 1;3132;1652;1617;894;300;190;59;45;101;28;0;0;0;0;0;0;0;0;0;0;1627;838;243;178;57;45;64;22;15;2;3;139;6;10;5
400;14730160;3130;1995;1933;567;164;166;627;81;94;40;3171;2407;2373;749;307;249;742;33;167;22;35;Nordsachsen 2;3271;2035;1919;984;321;235;72;46;183;53;0;0;0;0;0;0;0;0;25;0;1939;959;296;209;85;40;165;17;21;2;1;119;4;17;4
401;14730170;2460;1624;1575;543;116;112;443;70;53;28;2497;1985;1967;665;224;167;568;23;166;22;36;Nordsachsen 3;2632;1501;1471;762;159;136;34;37;246;12;0;0;85;0;0;0;0;0;0;0;1471;745;158;141;47;38;213;9;6;0;2;97;2;8;5
402;14730180;1705;1183;1137;394;99;135;280;44;37;31;1710;1292;1270;460;146;161;330;21;83;8;34;Nordsachsen 1;1758;859;815;381;177;139;23;28;53;14;0;0;0;0;0;0;0;0;0;0;835;434;133;113;16;19;25;9;8;1;0;66;4;3;4
403;14730190;4045;2688;2603;688;238;229;874;100;88;116;4104;3106;3047;932;321;334;1022;57;231;41;35;Nordsachsen 2;4237;1928;1865;924;355;237;95;49;143;27;0;0;0;0;0;0;0;0;35;0;1886;890;288;207;77;38;120;15;13;0;1;193;4;36;4
404;14730200;4980;2904;2814;751;270;335;798;134;105;98;5129;4508;4434;1307;641;535;1224;119;318;38;36;Nordsachsen 3;5270;2596;2545;958;352;769;45;79;161;17;0;0;164;0;0;0;0;0;0;0;2544;1075;396;391;83;82;194;20;27;5;6;226;2;34;3
405;14730210;1886;1296;1254;349;140;104;323;61;61;63;1933;1251;1234;382;169;134;344;29;90;21;36;Nordsachsen 3;1992;1083;1066;529;159;150;43;44;60;7;0;0;74;0;0;0;0;0;0;0;1062;484;177;108;54;31;68;13;9;1;1;90;2;21;3
406;14730230;12043;6498;6362;1544;830;538;1840;417;243;221;12284;8378;8249;2165;1502;905;2413;217;532;69;36;Nordsachsen 3;12717;5633;5544;2497;1111;671;130;205;415;54;0;0;461;0;0;0;0;0;0;0;5556;2284;1162;599;176;215;428;51;39;3;7;510;8;51;23
407;14730250;3944;2482;2422;621;243;258;636;196;91;77;3964;2959;2933;889;376;384;785;106;210;32;34;Nordsachsen 1;3943;1649;1622;777;330;252;36;68;115;44;0;0;0;0;0;0;0;0;0;0;1626;722;284;218;37;63;88;18;19;1;1;145;10;14;6
408;14730270;14399;7781;7644;1860;808;795;1898;649;431;327;14459;10185;10066;2935;1470;1260;2676;266;855;158;34;Nordsachsen 1;14508;5539;5438;2332;1363;906;185;285;266;101;0;0;0;0;0;0;0;0;0;0;5471;2159;1151;736;215;251;194;69;39;6;8;494;11;119;19
409;14730280;2096;1119;1077;275;96;98;294;73;52;26;2016;1311;1276;385;164;163;347;31;102;18;34;Nordsachsen 1;2056;929;905;501;164;114;32;32;56;6;0;0;0;0;0;0;0;0;0;0;906;454;153;110;25;29;37;10;1;0;0;72;2;9;4
410;14730300;12836;7981;7859;1812;740;956;1790;889;577;166;12824;9842;9748;2816;1342;1224;2377;411;1013;72;35;Nordsachsen 2;12292;5691;5601;2443;1066;1063;237;395;284;72;0;0;0;0;0;0;0;0;41;0;5634;2418;939;854;211;315;195;47;46;7;16;528;10;34;14
411;14730310;15823;8555;8316;1993;982;873;2211;466;364;323;16115;11249;11084;3120;1806;1517;2867;276;819;95;36;Nordsachsen 3;16709;6596;6470;2915;1548;731;117;223;334;81;0;0;521;0;0;0;0;0;0;0;6486;2634;1459;776;231;217;367;72;54;7;6;519;11;95;38
412;14730320;1066;644;615;176;62;61;163;40;25;29;1081;732;714;208;109;96;181;25;60;12;35;Nordsachsen 2;1141;552;526;248;117;55;29;20;42;10;0;0;0;0;0;0;0;0;5;0;537;235;107;51;13;17;48;3;7;0;2;42;0;11;1
413;14730330;4362;2778;2681;740;286;279;758;164;85;67;4433;2671;2617;706;390;301;818;76;166;17;36;Nordsachsen 3;4480;2263;2225;949;390;320;37;120;143;17;0;0;249;0;0;0;0;0;0;0;2224;905;416;255;67;92;150;27;22;2;2;248;7;19;12
414;14730340;4279;2435;2370;701;241;225;607;119;99;86;4310;3165;3130;1026;417;405;805;61;235;43;34;Nordsachsen 1;4349;1767;1733;893;399;229;52;42;83;35;0;0;0;0;0;0;0;0;0;0;1746;850;323;202;49;42;65;13;18;2;2;146;6;21;7
415;14730360;2310;1442;1410;390;132;128;403;110;56;43;2360;1724;1711;535;214;199;481;60;133;9;35;Nordsachsen 2;2431;1091;1074;510;188;154;34;79;72;17;0;0;0;0;0;0;0;0;20;0;1073;493;164;122;36;66;61;17;8;0;1;87;1;13;4
416;14511000;193089;120497;118955;23868;16515;12314;27980;13317;6133;1793;195929;147218;145871;36270;28010;17373;35456;6818;12184;1068;1012;Chemnitz 1-3;199440;93759;92230;32414;25513;14416;4618;6939;5091;2222;1017;0;0;0;0;0;0;0;0;0;92904;32906;21840;12892;3302;5677;3594;1014;1230;197;106;8568;244;668;666
417;14612000;428979;294298;291417;54477;36287;24539;57588;51485;14684;6733;0;0;0;0;0;0;0;0;0;0;4147;Dresden 1-7;428666;245320;241970;80192;49829;37204;9724;26760;7392;5927;1097;0;16377;5689;1638;0;0;0;0;141;242931;83270;46176;33347;9344;26511;8052;3110;4827;670;299;19809;352;3482;3682
418;14713000;454329;279855;276495;44611;41364;29478;42954;55819;11631;4160;448372;336605;333714;75733;70195;43399;61065;29454;28431;2745;2733;Leipzig 1-7;432324;191422;189221;54940;47451;32674;5618;21353;5437;3576;749;0;13255;2721;1370;77;0;0;0;0;189582;56715;42926;30685;6132;21342;6331;2845;3454;440;223;13862;269;1824;2534
419;14713000;454329;279855;276495;44611;41364;29478;42954;55819;11631;4160;429448;339619;336654;79111;59222;34421;75819;29337;33402;2856;2733;Leipzig 1-7;432324;191422;189221;54940;47451;32674;5618;21353;5437;3576;749;0;13255;2721;1370;77;0;0;0;0;189582;56715;42926;30685;6132;21342;6331;2845;3454;440;223;13862;269;1824;2534
